date,id,finish,name,set,rarity,rifthunt_usd,justtcg_usd,avg_usd,sources,usd_thb,avg_thb
2026-10-05,jdg-059-221,foil,Svellsongur,JDG,Promo,190.12,,190.12,1,33.695,6406.09
2026-10-05,jdg-087-219,foil,Blue Sentinel,JDG,Promo,362.29,,362.29,1,33.695,12207.36
2026-10-05,jdg-111-298,foil,"Heimerdinger, Inventor",JDG,Promo,441.76,,441.76,1,33.695,14885.1
2026-10-05,ogn-001-298,normal,Blazing Scorcher,OGN,Common,0.09,,0.09,1,33.695,3.03
2026-10-05,ogn-001-298,foil,Blazing Scorcher,OGN,Common,0.21,,0.21,1,33.695,7.08
2026-10-05,ogn-002-298,normal,Brazen Buccaneer,OGN,Common,0.07,,0.07,1,33.695,2.36
2026-10-05,ogn-002-298,foil,Brazen Buccaneer,OGN,Common,0.16,,0.16,1,33.695,5.39
2026-10-05,ogn-003-298,normal,Chemtech Enforcer,OGN,Common,0.04,,0.04,1,33.695,1.35
2026-10-05,ogn-003-298,foil,Chemtech Enforcer,OGN,Common,0.14,,0.14,1,33.695,4.72
2026-10-05,ogn-004-298,normal,Cleave,OGN,Common,0.22,,0.22,1,33.695,7.41
2026-10-05,ogn-004-298,foil,Cleave,OGN,Common,0.35,,0.35,1,33.695,11.79
2026-10-05,ogn-005-298,normal,Disintegrate,OGN,Common,0.07,,0.07,1,33.695,2.36
2026-10-05,ogn-005-298,foil,Disintegrate,OGN,Common,0.21,,0.21,1,33.695,7.08
2026-10-05,ogn-006-298,normal,Flame Chompers,OGN,Common,0.08,,0.08,1,33.695,2.7
2026-10-05,ogn-006-298,foil,Flame Chompers,OGN,Common,0.23,,0.23,1,33.695,7.75
2026-10-05,ogn-007-298,normal,Fury Rune,OGN,Common,0.1,,0.1,1,33.695,3.37
2026-10-05,ogn-007a-298,foil,Fury Rune (Alternate Art),OGN,Showcase,2.55,,2.55,1,33.695,85.92
2026-10-05,ogn-008-298,normal,Get Excited!,OGN,Common,0.07,,0.07,1,33.695,2.36
2026-10-05,ogn-008-298,foil,Get Excited!,OGN,Common,0.25,,0.25,1,33.695,8.42
2026-10-05,ogn-009-298,normal,Hextech Ray,OGN,Common,0.15,,0.15,1,33.695,5.05
2026-10-05,ogn-009-298,foil,Hextech Ray,OGN,Common,0.63,,0.63,1,33.695,21.23
2026-10-05,ogn-010-298,normal,Legion Rearguard,OGN,Common,0.13,,0.13,1,33.695,4.38
2026-10-05,ogn-010-298,foil,Legion Rearguard,OGN,Common,0.27,,0.27,1,33.695,9.1
2026-10-05,ogn-011-298,normal,Magma Wurm,OGN,Common,0.06,,0.06,1,33.695,2.02
2026-10-05,ogn-011-298,foil,Magma Wurm,OGN,Common,0.16,,0.16,1,33.695,5.39
2026-10-05,ogn-012-298,normal,Noxus Hopeful,OGN,Common,0.67,,0.67,1,33.695,22.58
2026-10-05,ogn-012-298,foil,Noxus Hopeful,OGN,Common,5.45,,5.45,1,33.695,183.64
2026-10-05,ogn-013-298,normal,Pouty Poro,OGN,Common,0.1,,0.1,1,33.695,3.37
2026-10-05,ogn-013-298,foil,Pouty Poro,OGN,Common,0.3,,0.3,1,33.695,10.11
2026-10-05,ogn-014-298,normal,Sky Splitter,OGN,Common,0.11,,0.11,1,33.695,3.71
2026-10-05,ogn-014-298,foil,Sky Splitter,OGN,Common,0.34,,0.34,1,33.695,11.46
2026-10-05,ogn-015-298,normal,Captain Farron,OGN,Uncommon,0.08,,0.08,1,33.695,2.7
2026-10-05,ogn-015-298,foil,Captain Farron,OGN,Uncommon,0.27,,0.27,1,33.695,9.1
2026-10-05,ogn-016-298,normal,Dangerous Duo,OGN,Uncommon,0.06,,0.06,1,33.695,2.02
2026-10-05,ogn-016-298,foil,Dangerous Duo,OGN,Uncommon,0.17,,0.17,1,33.695,5.73
2026-10-05,ogn-017-298,normal,Iron Ballista,OGN,Uncommon,0.17,,0.17,1,33.695,5.73
2026-10-05,ogn-017-298,foil,Iron Ballista,OGN,Uncommon,0.43,,0.43,1,33.695,14.49
2026-10-05,ogn-018-298,normal,Noxus Saboteur,OGN,Uncommon,0.14,,0.14,1,33.695,4.72
2026-10-05,ogn-018-298,foil,Noxus Saboteur,OGN,Uncommon,0.31,,0.31,1,33.695,10.45
2026-10-05,ogn-019-298,normal,Raging Soul,OGN,Uncommon,0.04,,0.04,1,33.695,1.35
2026-10-05,ogn-019-298,foil,Raging Soul,OGN,Uncommon,0.27,,0.27,1,33.695,9.1
2026-10-05,ogn-020-298,normal,Scrapyard Champion,OGN,Uncommon,0.12,,0.12,1,33.695,4.04
2026-10-05,ogn-020-298,foil,Scrapyard Champion,OGN,Uncommon,0.3,,0.3,1,33.695,10.11
2026-10-05,ogn-021-298,normal,Sun Disc,OGN,Uncommon,0.17,,0.17,1,33.695,5.73
2026-10-05,ogn-021-298,foil,Sun Disc,OGN,Uncommon,0.59,,0.59,1,33.695,19.88
2026-10-05,ogn-022-298,normal,Thermo Beam,OGN,Uncommon,0.34,,0.34,1,33.695,11.46
2026-10-05,ogn-022-298,foil,Thermo Beam,OGN,Uncommon,2.31,,2.31,1,33.695,77.84
2026-10-05,ogn-023-298,normal,Unlicensed Armory,OGN,Uncommon,0.14,,0.14,1,33.695,4.72
2026-10-05,ogn-023-298,foil,Unlicensed Armory,OGN,Uncommon,0.28,,0.28,1,33.695,9.43
2026-10-05,ogn-024-298,normal,Void Seeker,OGN,Uncommon,0.26,,0.26,1,33.695,8.76
2026-10-05,ogn-024-298,foil,Void Seeker,OGN,Uncommon,0.5,,0.5,1,33.695,16.85
2026-10-05,ogn-025-298,foil,Blind Fury,OGN,Rare,0.21,,0.21,1,33.695,7.08
2026-10-05,ogn-026-298,foil,Brynhir Thundersong,OGN,Rare,2.7,,2.7,1,33.695,90.98
2026-10-05,ogn-027-298,foil,"Darius, Trifarian",OGN,Rare,1.97,,1.97,1,33.695,66.38
2026-10-05,ogn-027a-298,foil,"Darius, Trifarian (Alternate Art)",OGN,Showcase,6.36,,6.36,1,33.695,214.3
2026-10-05,ogn-028-298,foil,"Draven, Showboat",OGN,Rare,0.27,,0.27,1,33.695,9.1
2026-10-05,ogn-029-298,foil,Falling Star,OGN,Rare,12.5,,12.5,1,33.695,421.19
2026-10-05,ogn-030-298,foil,"Jinx, Demolitionist",OGN,Rare,0.24,,0.24,1,33.695,8.09
2026-10-05,ogn-030a-298,foil,"Jinx, Demolitionist (Alternate Art)",OGN,Showcase,4.05,,4.05,1,33.695,136.46
2026-10-05,ogn-031-298,foil,Raging Firebrand,OGN,Rare,0.22,,0.22,1,33.695,7.41
2026-10-05,ogn-032-298,foil,Ravenborn Tome,OGN,Rare,0.17,,0.17,1,33.695,5.73
2026-10-05,ogn-033-298,foil,Shakedown,OGN,Rare,0.27,,0.27,1,33.695,9.1
2026-10-05,ogn-034-298,foil,"Tryndamere, Barbarian",OGN,Rare,0.22,,0.22,1,33.695,7.41
2026-10-05,ogn-035-298,foil,"Vayne, Hunter",OGN,Rare,0.55,,0.55,1,33.695,18.53
2026-10-05,ogn-036-298,foil,"Vi, Destructive",OGN,Rare,0.34,,0.34,1,33.695,11.46
2026-10-05,ogn-037-298,foil,Immortal Phoenix,OGN,Epic,5.41,,5.41,1,33.695,182.29
2026-10-05,ogn-038-298,foil,Kadregrin the Infernal,OGN,Epic,4.72,,4.72,1,33.695,159.04
2026-10-05,ogn-039-298,foil,"Kai'Sa, Survivor",OGN,Epic,70.51,,70.51,1,33.695,2375.83
2026-10-05,ogn-039a-298,foil,"Kai'Sa, Survivor (Alternate Art)",OGN,Showcase,72.37,,72.37,1,33.695,2438.51
2026-10-05,ogn-040-298,foil,Seal of Rage,OGN,Epic,29.57,,29.57,1,33.695,996.36
2026-10-05,ogn-041-298,foil,"Volibear, Furious",OGN,Epic,0.89,,0.89,1,33.695,29.99
2026-10-05,ogn-041a-298,foil,"Volibear, Furious (Alternate Art)",OGN,Showcase,2.72,,2.72,1,33.695,91.65
2026-10-05,ogn-042-298,normal,Calm Rune,OGN,Common,0.14,,0.14,1,33.695,4.72
2026-10-05,ogn-042a-298,foil,Calm Rune (Alternate Art),OGN,Showcase,4.94,,4.94,1,33.695,166.45
2026-10-05,ogn-043-298,normal,Charm,OGN,Common,0.37,,0.37,1,33.695,12.47
2026-10-05,ogn-043-298,foil,Charm,OGN,Common,4.05,,4.05,1,33.695,136.46
2026-10-05,ogn-044-298,normal,Clockwork Keeper,OGN,Common,0.12,,0.12,1,33.695,4.04
2026-10-05,ogn-044-298,foil,Clockwork Keeper,OGN,Common,0.25,,0.25,1,33.695,8.42
2026-10-05,ogn-045-298,normal,Defy,OGN,Common,2.34,,2.34,1,33.695,78.85
2026-10-05,ogn-045-298,foil,Defy,OGN,Common,7.36,,7.36,1,33.695,248
2026-10-05,ogn-046-298,normal,En Garde,OGN,Common,0.22,,0.22,1,33.695,7.41
2026-10-05,ogn-046-298,foil,En Garde,OGN,Common,0.65,,0.65,1,33.695,21.9
2026-10-05,ogn-047-298,normal,Find Your Center,OGN,Common,0.16,,0.16,1,33.695,5.39
2026-10-05,ogn-047-298,foil,Find Your Center,OGN,Common,0.51,,0.51,1,33.695,17.18
2026-10-05,ogn-048-298,normal,Meditation,OGN,Common,0.14,,0.14,1,33.695,4.72
2026-10-05,ogn-048-298,foil,Meditation,OGN,Common,0.36,,0.36,1,33.695,12.13
2026-10-05,ogn-049-298,normal,Playful Phantom,OGN,Common,0.04,,0.04,1,33.695,1.35
2026-10-05,ogn-049-298,foil,Playful Phantom,OGN,Common,0.1,,0.1,1,33.695,3.37
2026-10-05,ogn-050-298,normal,Rune Prison,OGN,Common,0.11,,0.11,1,33.695,3.71
2026-10-05,ogn-050-298,foil,Rune Prison,OGN,Common,0.26,,0.26,1,33.695,8.76
2026-10-05,ogn-051-298,normal,Solari Shieldbearer,OGN,Common,0.09,,0.09,1,33.695,3.03
2026-10-05,ogn-051-298,foil,Solari Shieldbearer,OGN,Common,0.21,,0.21,1,33.695,7.08
2026-10-05,ogn-052-298,normal,Stalwart Poro,OGN,Common,0.13,,0.13,1,33.695,4.38
2026-10-05,ogn-052-298,foil,Stalwart Poro,OGN,Common,0.35,,0.35,1,33.695,11.79
2026-10-05,ogn-053-298,normal,Stand United,OGN,Common,0.06,,0.06,1,33.695,2.02
2026-10-05,ogn-053-298,foil,Stand United,OGN,Common,0.2,,0.2,1,33.695,6.74
2026-10-05,ogn-054-298,normal,Sunlit Guardian,OGN,Common,0.1,,0.1,1,33.695,3.37
2026-10-05,ogn-054-298,foil,Sunlit Guardian,OGN,Common,0.24,,0.24,1,33.695,8.09
2026-10-05,ogn-055-298,normal,Wielder of Water,OGN,Common,0.06,,0.06,1,33.695,2.02
2026-10-05,ogn-055-298,foil,Wielder of Water,OGN,Common,0.21,,0.21,1,33.695,7.08
2026-10-05,ogn-056-298,normal,Adaptatron,OGN,Uncommon,0.32,,0.32,1,33.695,10.78
2026-10-05,ogn-056-298,foil,Adaptatron,OGN,Uncommon,2.19,,2.19,1,33.695,73.79
2026-10-05,ogn-057-298,normal,Block,OGN,Uncommon,0.26,,0.26,1,33.695,8.76
2026-10-05,ogn-057-298,foil,Block,OGN,Uncommon,0.72,,0.72,1,33.695,24.26
2026-10-05,ogn-058-298,normal,Discipline,OGN,Uncommon,1.03,,1.03,1,33.695,34.71
2026-10-05,ogn-058-298,foil,Discipline,OGN,Uncommon,2.53,,2.53,1,33.695,85.25
2026-10-05,ogn-059-298,normal,Eclipse Herald,OGN,Uncommon,0.1,,0.1,1,33.695,3.37
2026-10-05,ogn-059-298,foil,Eclipse Herald,OGN,Uncommon,0.22,,0.22,1,33.695,7.41
2026-10-05,ogn-060-298,normal,Mask of Foresight,OGN,Uncommon,0.62,,0.62,1,33.695,20.89
2026-10-05,ogn-060-298,foil,Mask of Foresight,OGN,Uncommon,4.15,,4.15,1,33.695,139.83
2026-10-05,ogn-061-298,normal,Poro Herder,OGN,Uncommon,0.16,,0.16,1,33.695,5.39
2026-10-05,ogn-061-298,foil,Poro Herder,OGN,Uncommon,0.34,,0.34,1,33.695,11.46
2026-10-05,ogn-062-298,normal,Reinforce,OGN,Uncommon,0.12,,0.12,1,33.695,4.04
2026-10-05,ogn-062-298,foil,Reinforce,OGN,Uncommon,0.4,,0.4,1,33.695,13.48
2026-10-05,ogn-063-298,normal,Spirit's Refuge,OGN,Uncommon,0.13,,0.13,1,33.695,4.38
2026-10-05,ogn-063-298,foil,Spirit's Refuge,OGN,Uncommon,0.45,,0.45,1,33.695,15.16
2026-10-05,ogn-064-298,normal,Wind Wall,OGN,Uncommon,0.3,,0.3,1,33.695,10.11
2026-10-05,ogn-064-298,foil,Wind Wall,OGN,Uncommon,1.27,,1.27,1,33.695,42.79
2026-10-05,ogn-065-298,normal,Wizened Elder,OGN,Uncommon,0.06,,0.06,1,33.695,2.02
2026-10-05,ogn-065-298,foil,Wizened Elder,OGN,Uncommon,0.27,,0.27,1,33.695,9.1
2026-10-05,ogn-066-298,foil,"Ahri, Alluring",OGN,Rare,0.92,,0.92,1,33.695,31
2026-10-05,ogn-066a-298,foil,"Ahri, Alluring (Alternate Art)",OGN,Showcase,6.24,,6.24,1,33.695,210.26
2026-10-05,ogn-067-298,foil,"Blitzcrank, Impassive",OGN,Rare,2.55,,2.55,1,33.695,85.92
2026-10-05,ogn-068-298,foil,"Caitlyn, Patrolling",OGN,Rare,0.44,,0.44,1,33.695,14.83
2026-10-05,ogn-069-298,foil,Last Stand,OGN,Rare,0.26,,0.26,1,33.695,8.76
2026-10-05,ogn-070-298,foil,Mageseeker Warden,OGN,Rare,0.23,,0.23,1,33.695,7.75
2026-10-05,ogn-071-298,foil,Party Favors,OGN,Rare,0.29,,0.29,1,33.695,9.77
2026-10-05,ogn-072-298,foil,Solari Shrine,OGN,Rare,0.13,,0.13,1,33.695,4.38
2026-10-05,ogn-073-298,foil,"Sona, Harmonious",OGN,Rare,2,,2,1,33.695,67.39
2026-10-05,ogn-074-298,foil,"Taric, Protector",OGN,Rare,0.26,,0.26,1,33.695,8.76
2026-10-05,ogn-075-298,foil,Tasty Faefolk,OGN,Rare,0.55,,0.55,1,33.695,18.53
2026-10-05,ogn-076-298,foil,"Yasuo, Remorseful",OGN,Rare,0.28,,0.28,1,33.695,9.43
2026-10-05,ogn-076a-298,foil,"Yasuo, Remorseful (Alternate Art)",OGN,Showcase,2.46,,2.46,1,33.695,82.89
2026-10-05,ogn-077-298,foil,Zhonya's Hourglass,OGN,Rare,17.19,,17.19,1,33.695,579.22
2026-10-05,ogn-078-298,foil,"Lee Sin, Ascetic",OGN,Epic,0.68,,0.68,1,33.695,22.91
2026-10-05,ogn-078a-298,foil,"Lee Sin, Ascetic (Alternate Art)",OGN,Showcase,4.91,,4.91,1,33.695,165.44
2026-10-05,ogn-079-298,foil,"Leona, Zealot",OGN,Epic,1.78,,1.78,1,33.695,59.98
2026-10-05,ogn-079a-298,foil,"Leona, Zealot (Alternate Art)",OGN,Showcase,6.35,,6.35,1,33.695,213.96
2026-10-05,ogn-080-298,foil,Mystic Reversal,OGN,Epic,1.11,,1.11,1,33.695,37.4
2026-10-05,ogn-081-298,foil,Seal of Focus,OGN,Epic,20.28,,20.28,1,33.695,683.33
2026-10-05,ogn-082-298,foil,Whiteflame Protector,OGN,Epic,3.78,,3.78,1,33.695,127.37
2026-10-05,ogn-083-298,normal,Consult the Past,OGN,Common,0.17,,0.17,1,33.695,5.73
2026-10-05,ogn-083-298,foil,Consult the Past,OGN,Common,0.46,,0.46,1,33.695,15.5
2026-10-05,ogn-084-298,normal,Eager Apprentice,OGN,Common,0.08,,0.08,1,33.695,2.7
2026-10-05,ogn-084-298,foil,Eager Apprentice,OGN,Common,0.25,,0.25,1,33.695,8.42
2026-10-05,ogn-085-298,normal,Falling Comet,OGN,Common,0.16,,0.16,1,33.695,5.39
2026-10-05,ogn-085-298,foil,Falling Comet,OGN,Common,0.35,,0.35,1,33.695,11.79
2026-10-05,ogn-086-298,normal,Jeweled Colossus,OGN,Common,0.03,,0.03,1,33.695,1.01
2026-10-05,ogn-086-298,foil,Jeweled Colossus,OGN,Common,0.14,,0.14,1,33.695,4.72
2026-10-05,ogn-087-298,normal,Lecturing Yordle,OGN,Common,0.16,,0.16,1,33.695,5.39
2026-10-05,ogn-087-298,foil,Lecturing Yordle,OGN,Common,0.55,,0.55,1,33.695,18.53
2026-10-05,ogn-088-298,normal,Mega-Mech,OGN,Common,0.05,,0.05,1,33.695,1.68
2026-10-05,ogn-088-298,foil,Mega-Mech,OGN,Common,0.17,,0.17,1,33.695,5.73
2026-10-05,ogn-089-298,normal,Mind Rune,OGN,Common,0.12,,0.12,1,33.695,4.04
2026-10-05,ogn-089-298,foil,Mind Rune,OGN,Common,0.1,,0.1,1,33.695,3.37
2026-10-05,ogn-089a-298,foil,Mind Rune (Alternate Art),OGN,Showcase,4.37,,4.37,1,33.695,147.25
2026-10-05,ogn-090-298,normal,Orb of Regret,OGN,Common,0.12,,0.12,1,33.695,4.04
2026-10-05,ogn-090-298,foil,Orb of Regret,OGN,Common,0.22,,0.22,1,33.695,7.41
2026-10-05,ogn-091-298,normal,Pit Crew,OGN,Common,0.16,,0.16,1,33.695,5.39
2026-10-05,ogn-091-298,foil,Pit Crew,OGN,Common,0.37,,0.37,1,33.695,12.47
2026-10-05,ogn-092-298,normal,Riptide Rex,OGN,Common,0.1,,0.1,1,33.695,3.37
2026-10-05,ogn-092-298,foil,Riptide Rex,OGN,Common,0.31,,0.31,1,33.695,10.45
2026-10-05,ogn-093-298,normal,Smoke Screen,OGN,Common,0.14,,0.14,1,33.695,4.72
2026-10-05,ogn-093-298,foil,Smoke Screen,OGN,Common,0.79,,0.79,1,33.695,26.62
2026-10-05,ogn-094-298,normal,Sprite Call,OGN,Common,0.18,,0.18,1,33.695,6.07
2026-10-05,ogn-094-298,foil,Sprite Call,OGN,Common,0.34,,0.34,1,33.695,11.46
2026-10-05,ogn-095-298,normal,Stupefy,OGN,Common,0.27,,0.27,1,33.695,9.1
2026-10-05,ogn-095-298,foil,Stupefy,OGN,Common,1.05,,1.05,1,33.695,35.38
2026-10-05,ogn-096-298,normal,Watchful Sentry,OGN,Common,0.15,,0.15,1,33.695,5.05
2026-10-05,ogn-096-298,foil,Watchful Sentry,OGN,Common,1.53,,1.53,1,33.695,51.55
2026-10-05,ogn-097-298,normal,Blastcone Fae,OGN,Uncommon,0.17,,0.17,1,33.695,5.73
2026-10-05,ogn-097-298,foil,Blastcone Fae,OGN,Uncommon,0.36,,0.36,1,33.695,12.13
2026-10-05,ogn-098-298,normal,Energy Conduit,OGN,Uncommon,0.16,,0.16,1,33.695,5.39
2026-10-05,ogn-098-298,foil,Energy Conduit,OGN,Uncommon,0.44,,0.44,1,33.695,14.83
2026-10-05,ogn-099-298,normal,Garbage Grabber,OGN,Uncommon,0.21,,0.21,1,33.695,7.08
2026-10-05,ogn-099-298,foil,Garbage Grabber,OGN,Uncommon,1.36,,1.36,1,33.695,45.83
2026-10-05,ogn-100-298,normal,Gemcraft Seer,OGN,Uncommon,0.1,,0.1,1,33.695,3.37
2026-10-05,ogn-100-298,foil,Gemcraft Seer,OGN,Uncommon,0.24,,0.24,1,33.695,8.09
2026-10-05,ogn-101-298,normal,Mushroom Pouch,OGN,Uncommon,0.13,,0.13,1,33.695,4.38
2026-10-05,ogn-101-298,foil,Mushroom Pouch,OGN,Uncommon,0.32,,0.32,1,33.695,10.78
2026-10-05,ogn-102-298,normal,Portal Rescue,OGN,Uncommon,0.16,,0.16,1,33.695,5.39
2026-10-05,ogn-102-298,foil,Portal Rescue,OGN,Uncommon,0.34,,0.34,1,33.695,11.46
2026-10-05,ogn-103-298,normal,Ravenbloom Student,OGN,Uncommon,0.3,,0.3,1,33.695,10.11
2026-10-05,ogn-103-298,foil,Ravenbloom Student,OGN,Uncommon,0.58,,0.58,1,33.695,19.54
2026-10-05,ogn-104-298,normal,Retreat,OGN,Uncommon,0.52,,0.52,1,33.695,17.52
2026-10-05,ogn-104-298,foil,Retreat,OGN,Uncommon,2.63,,2.63,1,33.695,88.62
2026-10-05,ogn-105-298,normal,Singularity,OGN,Uncommon,0.74,,0.74,1,33.695,24.93
2026-10-05,ogn-105-298,foil,Singularity,OGN,Uncommon,4.43,,4.43,1,33.695,149.27
2026-10-05,ogn-106-298,normal,Sprite Mother,OGN,Uncommon,0.23,,0.23,1,33.695,7.75
2026-10-05,ogn-106-298,foil,Sprite Mother,OGN,Uncommon,0.47,,0.47,1,33.695,15.84
2026-10-05,ogn-107-298,foil,Ava Achiever,OGN,Rare,0.2,,0.2,1,33.695,6.74
2026-10-05,ogn-108-298,foil,Convergent Mutation,OGN,Rare,0.21,,0.21,1,33.695,7.08
2026-10-05,ogn-109-298,foil,"Dr. Mundo, Expert",OGN,Rare,0.36,,0.36,1,33.695,12.13
2026-10-05,ogn-110-298,foil,"Ekko, Recurrent",OGN,Rare,0.49,,0.49,1,33.695,16.51
2026-10-05,ogn-111-298,foil,"Heimerdinger, Inventor",OGN,Rare,0.38,,0.38,1,33.695,12.8
2026-10-05,ogn-112-298,foil,"Kai'Sa, Evolutionary",OGN,Rare,0.38,,0.38,1,33.695,12.8
2026-10-05,ogn-112a-298,foil,"Kai'Sa, Evolutionary (Alternate Art)",OGN,Showcase,3.96,,3.96,1,33.695,133.43
2026-10-05,ogn-113-298,foil,"Malzahar, Fanatic",OGN,Rare,0.29,,0.29,1,33.695,9.77
2026-10-05,ogn-114-298,foil,Progress Day,OGN,Rare,0.84,,0.84,1,33.695,28.3
2026-10-05,ogn-115-298,foil,Promising Future,OGN,Rare,0.85,,0.85,1,33.695,28.64
2026-10-05,ogn-116-298,foil,Thousand-Tailed Watcher,OGN,Rare,19.16,,19.16,1,33.695,645.6
2026-10-05,ogn-117-298,foil,"Viktor, Innovator",OGN,Rare,0.24,,0.24,1,33.695,8.09
2026-10-05,ogn-117a-298,foil,"Viktor, Innovator (Alternate Art)",OGN,Showcase,1.19,,1.19,1,33.695,40.1
2026-10-05,ogn-118-298,foil,Wraith of Echoes,OGN,Rare,0.2,,0.2,1,33.695,6.74
2026-10-05,ogn-119-298,foil,"Ahri, Inquisitive",OGN,Epic,6.97,,6.97,1,33.695,234.85
2026-10-05,ogn-119a-298,foil,"Ahri, Inquisitive (Alternate Art)",OGN,Showcase,13.48,,13.48,1,33.695,454.21
2026-10-05,ogn-120-298,foil,Seal of Insight,OGN,Epic,16.19,,16.19,1,33.695,545.52
2026-10-05,ogn-121-298,foil,"Teemo, Strategist",OGN,Epic,3.39,,3.39,1,33.695,114.23
2026-10-05,ogn-121a-298,foil,"Teemo, Strategist (Alternate Art)",OGN,Showcase,6.35,,6.35,1,33.695,213.96
2026-10-05,ogn-122-298,foil,Time Warp,OGN,Epic,44.98,,44.98,1,33.695,1515.6
2026-10-05,ogn-123-298,foil,Unchecked Power,OGN,Epic,25.25,,25.25,1,33.695,850.8
2026-10-05,ogn-124-298,normal,Arena Bar,OGN,Common,0.15,,0.15,1,33.695,5.05
2026-10-05,ogn-124-298,foil,Arena Bar,OGN,Common,0.27,,0.27,1,33.695,9.1
2026-10-05,ogn-125-298,normal,Bilgewater Bully,OGN,Common,0.04,,0.04,1,33.695,1.35
2026-10-05,ogn-125-298,foil,Bilgewater Bully,OGN,Common,0.15,,0.15,1,33.695,5.05
2026-10-05,ogn-126-298,normal,Body Rune,OGN,Common,0.12,,0.12,1,33.695,4.04
2026-10-05,ogn-126a-298,foil,Body Rune (Alternate Art),OGN,Showcase,3.02,,3.02,1,33.695,101.76
2026-10-05,ogn-127-298,normal,Cannon Barrage,OGN,Common,0.1,,0.1,1,33.695,3.37
2026-10-05,ogn-127-298,foil,Cannon Barrage,OGN,Common,0.21,,0.21,1,33.695,7.08
2026-10-05,ogn-128-298,normal,Challenge,OGN,Common,0.24,,0.24,1,33.695,8.09
2026-10-05,ogn-128-298,foil,Challenge,OGN,Common,0.53,,0.53,1,33.695,17.86
2026-10-05,ogn-129-298,normal,Confront,OGN,Common,0.09,,0.09,1,33.695,3.03
2026-10-05,ogn-129-298,foil,Confront,OGN,Common,0.27,,0.27,1,33.695,9.1
2026-10-05,ogn-130-298,normal,Crackshot Corsair,OGN,Common,0.07,,0.07,1,33.695,2.36
2026-10-05,ogn-130-298,foil,Crackshot Corsair,OGN,Common,0.14,,0.14,1,33.695,4.72
2026-10-05,ogn-131-298,normal,Dune Drake,OGN,Common,0.08,,0.08,1,33.695,2.7
2026-10-05,ogn-131-298,foil,Dune Drake,OGN,Common,0.3,,0.3,1,33.695,10.11
2026-10-05,ogn-132-298,normal,First Mate,OGN,Common,0.25,,0.25,1,33.695,8.42
2026-10-05,ogn-132-298,foil,First Mate,OGN,Common,2.08,,2.08,1,33.695,70.09
2026-10-05,ogn-133-298,normal,Flurry of Blades,OGN,Common,0.13,,0.13,1,33.695,4.38
2026-10-05,ogn-133-298,foil,Flurry of Blades,OGN,Common,0.25,,0.25,1,33.695,8.42
2026-10-05,ogn-134-298,normal,Mobilize,OGN,Common,0.13,,0.13,1,33.695,4.38
2026-10-05,ogn-134-298,foil,Mobilize,OGN,Common,0.71,,0.71,1,33.695,23.92
2026-10-05,ogn-135-298,normal,Pakaa Cub,OGN,Common,0.07,,0.07,1,33.695,2.36
2026-10-05,ogn-135-298,foil,Pakaa Cub,OGN,Common,0.24,,0.24,1,33.695,8.09
2026-10-05,ogn-136-298,normal,Pit Rookie,OGN,Common,0.17,,0.17,1,33.695,5.73
2026-10-05,ogn-136-298,foil,Pit Rookie,OGN,Common,1.83,,1.83,1,33.695,61.66
2026-10-05,ogn-137-298,normal,Stormclaw Ursine,OGN,Common,0.04,,0.04,1,33.695,1.35
2026-10-05,ogn-137-298,foil,Stormclaw Ursine,OGN,Common,0.14,,0.14,1,33.695,4.72
2026-10-05,ogn-138-298,normal,Catalyst of Aeons,OGN,Uncommon,0.3,,0.3,1,33.695,10.11
2026-10-05,ogn-138-298,foil,Catalyst of Aeons,OGN,Uncommon,3.5,,3.5,1,33.695,117.93
2026-10-05,ogn-139-298,normal,Cithria of Cloudfield,OGN,Uncommon,0.14,,0.14,1,33.695,4.72
2026-10-05,ogn-139-298,foil,Cithria of Cloudfield,OGN,Uncommon,0.23,,0.23,1,33.695,7.75
2026-10-05,ogn-140-298,normal,Herald of Scales,OGN,Uncommon,0.21,,0.21,1,33.695,7.08
2026-10-05,ogn-140-298,foil,Herald of Scales,OGN,Uncommon,0.91,,0.91,1,33.695,30.66
2026-10-05,ogn-141-298,normal,Kinkou Monk,OGN,Uncommon,0.21,,0.21,1,33.695,7.08
2026-10-05,ogn-141-298,foil,Kinkou Monk,OGN,Uncommon,0.52,,0.52,1,33.695,17.52
2026-10-05,ogn-142-298,normal,Mountain Drake,OGN,Uncommon,0.1,,0.1,1,33.695,3.37
2026-10-05,ogn-142-298,foil,Mountain Drake,OGN,Uncommon,0.31,,0.31,1,33.695,10.45
2026-10-05,ogn-143-298,normal,Pirate's Haven,OGN,Uncommon,0.15,,0.15,1,33.695,5.05
2026-10-05,ogn-143-298,foil,Pirate's Haven,OGN,Uncommon,0.27,,0.27,1,33.695,9.1
2026-10-05,ogn-144-298,normal,Spoils of War,OGN,Uncommon,0.14,,0.14,1,33.695,4.72
2026-10-05,ogn-144-298,foil,Spoils of War,OGN,Uncommon,0.35,,0.35,1,33.695,11.79
2026-10-05,ogn-145-298,normal,Unyielding Spirit,OGN,Uncommon,0.51,,0.51,1,33.695,17.18
2026-10-05,ogn-145-298,foil,Unyielding Spirit,OGN,Uncommon,2.22,,2.22,1,33.695,74.8
2026-10-05,ogn-146-298,normal,Wallop,OGN,Uncommon,0.16,,0.16,1,33.695,5.39
2026-10-05,ogn-146-298,foil,Wallop,OGN,Uncommon,0.32,,0.32,1,33.695,10.78
2026-10-05,ogn-147-298,normal,Wildclaw Shaman,OGN,Uncommon,0.09,,0.09,1,33.695,3.03
2026-10-05,ogn-147-298,foil,Wildclaw Shaman,OGN,Uncommon,0.28,,0.28,1,33.695,9.43
2026-10-05,ogn-148-298,foil,"Anivia, Primal",OGN,Rare,0.26,,0.26,1,33.695,8.76
2026-10-05,ogn-149-298,foil,Carnivorous Snapvine,OGN,Rare,0.23,,0.23,1,33.695,7.75
2026-10-05,ogn-150-298,foil,Kraken Hunter,OGN,Rare,0.18,,0.18,1,33.695,6.07
2026-10-05,ogn-151-298,foil,"Lee Sin, Centered",OGN,Rare,0.21,,0.21,1,33.695,7.08
2026-10-05,ogn-151a-298,foil,"Lee Sin, Centered (Alternate Art)",OGN,Showcase,1.19,,1.19,1,33.695,40.1
2026-10-05,ogn-152-298,foil,Mistfall,OGN,Rare,0.14,,0.14,1,33.695,4.72
2026-10-05,ogn-153-298,foil,Overt Operation,OGN,Rare,0.19,,0.19,1,33.695,6.4
2026-10-05,ogn-154-298,foil,Primal Strength,OGN,Rare,0.41,,0.41,1,33.695,13.81
2026-10-05,ogn-155-298,foil,"Qiyana, Victorious",OGN,Rare,0.49,,0.49,1,33.695,16.51
2026-10-05,ogn-156-298,foil,Sabotage,OGN,Rare,12.92,,12.92,1,33.695,435.34
2026-10-05,ogn-157-298,foil,"Udyr, Wildman",OGN,Rare,0.27,,0.27,1,33.695,9.1
2026-10-05,ogn-158-298,foil,"Volibear, Imposing",OGN,Rare,0.26,,0.26,1,33.695,8.76
2026-10-05,ogn-158a-298,foil,"Volibear, Imposing (Alternate Art)",OGN,Showcase,1.04,,1.04,1,33.695,35.04
2026-10-05,ogn-159-298,foil,"Warwick, Hunter",OGN,Rare,0.36,,0.36,1,33.695,12.13
2026-10-05,ogn-160-298,foil,Dazzling Aurora,OGN,Epic,34.73,,34.73,1,33.695,1170.23
2026-10-05,ogn-161-298,foil,Deadbloom Predator,OGN,Epic,1.88,,1.88,1,33.695,63.35
2026-10-05,ogn-162-298,foil,"Miss Fortune, Captain",OGN,Epic,3.67,,3.67,1,33.695,123.66
2026-10-05,ogn-162a-298,foil,"Miss Fortune, Captain (Alternate Art)",OGN,Showcase,13.4,,13.4,1,33.695,451.51
2026-10-05,ogn-163-298,foil,Seal of Strength,OGN,Epic,13.02,,13.02,1,33.695,438.71
2026-10-05,ogn-164-298,foil,"Sett, Brawler",OGN,Epic,6.74,,6.74,1,33.695,227.1
2026-10-05,ogn-164a-298,foil,"Sett, Brawler (Alternate Art)",OGN,Showcase,6.39,,6.39,1,33.695,215.31
2026-10-05,ogn-165-298,normal,Cemetery Attendant,OGN,Common,0.08,,0.08,1,33.695,2.7
2026-10-05,ogn-165-298,foil,Cemetery Attendant,OGN,Common,0.22,,0.22,1,33.695,7.41
2026-10-05,ogn-166-298,normal,Chaos Rune,OGN,Common,0.11,,0.11,1,33.695,3.71
2026-10-05,ogn-166a-298,foil,Chaos Rune (Alternate Art),OGN,Showcase,4.7,,4.7,1,33.695,158.37
2026-10-05,ogn-167-298,normal,Ember Monk,OGN,Common,0.12,,0.12,1,33.695,4.04
2026-10-05,ogn-167-298,foil,Ember Monk,OGN,Common,0.24,,0.24,1,33.695,8.09
2026-10-05,ogn-168-298,normal,Fight or Flight,OGN,Common,0.1,,0.1,1,33.695,3.37
2026-10-05,ogn-168-298,foil,Fight or Flight,OGN,Common,0.21,,0.21,1,33.695,7.08
2026-10-05,ogn-169-298,normal,Gust,OGN,Common,0.23,,0.23,1,33.695,7.75
2026-10-05,ogn-169-298,foil,Gust,OGN,Common,0.75,,0.75,1,33.695,25.27
2026-10-05,ogn-170-298,normal,Morbid Return,OGN,Common,0.12,,0.12,1,33.695,4.04
2026-10-05,ogn-170-298,foil,Morbid Return,OGN,Common,0.3,,0.3,1,33.695,10.11
2026-10-05,ogn-171-298,normal,Mystic Poro,OGN,Common,0.11,,0.11,1,33.695,3.71
2026-10-05,ogn-171-298,foil,Mystic Poro,OGN,Common,0.27,,0.27,1,33.695,9.1
2026-10-05,ogn-172-298,normal,Rebuke,OGN,Common,0.27,,0.27,1,33.695,9.1
2026-10-05,ogn-172-298,foil,Rebuke,OGN,Common,1.33,,1.33,1,33.695,44.81
2026-10-05,ogn-173-298,normal,Ride The Wind,OGN,Common,0.82,,0.82,1,33.695,27.63
2026-10-05,ogn-173-298,foil,Ride The Wind,OGN,Common,7.72,,7.72,1,33.695,260.13
2026-10-05,ogn-174-298,normal,Sai Scout,OGN,Common,0.04,,0.04,1,33.695,1.35
2026-10-05,ogn-174-298,foil,Sai Scout,OGN,Common,0.12,,0.12,1,33.695,4.04
2026-10-05,ogn-175-298,normal,Shipyard Skulker,OGN,Common,0.07,,0.07,1,33.695,2.36
2026-10-05,ogn-175-298,foil,Shipyard Skulker,OGN,Common,0.17,,0.17,1,33.695,5.73
2026-10-05,ogn-176-298,normal,Sneaky Deckhand,OGN,Common,0.19,,0.19,1,33.695,6.4
2026-10-05,ogn-176-298,foil,Sneaky Deckhand,OGN,Common,0.64,,0.64,1,33.695,21.56
2026-10-05,ogn-177-298,normal,Stealthy Pursuer,OGN,Common,0.07,,0.07,1,33.695,2.36
2026-10-05,ogn-177-298,foil,Stealthy Pursuer,OGN,Common,0.2,,0.2,1,33.695,6.74
2026-10-05,ogn-178-298,normal,Undercover Agent,OGN,Common,0.04,,0.04,1,33.695,1.35
2026-10-05,ogn-178-298,foil,Undercover Agent,OGN,Common,0.13,,0.13,1,33.695,4.38
2026-10-05,ogn-179-298,normal,Acceptable Losses,OGN,Uncommon,0.59,,0.59,1,33.695,19.88
2026-10-05,ogn-179-298,foil,Acceptable Losses,OGN,Uncommon,3.42,,3.42,1,33.695,115.24
2026-10-05,ogn-180-298,normal,Fading Memories,OGN,Uncommon,0.16,,0.16,1,33.695,5.39
2026-10-05,ogn-180-298,foil,Fading Memories,OGN,Uncommon,0.62,,0.62,1,33.695,20.89
2026-10-05,ogn-181-298,normal,Pack of Wonders,OGN,Uncommon,0.66,,0.66,1,33.695,22.24
2026-10-05,ogn-181-298,foil,Pack of Wonders,OGN,Uncommon,3.99,,3.99,1,33.695,134.44
2026-10-05,ogn-182-298,normal,Scrapheap,OGN,Uncommon,0.12,,0.12,1,33.695,4.04
2026-10-05,ogn-182-298,foil,Scrapheap,OGN,Uncommon,0.59,,0.59,1,33.695,19.88
2026-10-05,ogn-183-298,normal,Stacked Deck,OGN,Uncommon,0.45,,0.45,1,33.695,15.16
2026-10-05,ogn-183-298,foil,Stacked Deck,OGN,Uncommon,5.18,,5.18,1,33.695,174.54
2026-10-05,ogn-184-298,normal,The Syren,OGN,Uncommon,0.17,,0.17,1,33.695,5.73
2026-10-05,ogn-184-298,foil,The Syren,OGN,Uncommon,0.59,,0.59,1,33.695,19.88
2026-10-05,ogn-185-298,normal,Traveling Merchant,OGN,Uncommon,0.24,,0.24,1,33.695,8.09
2026-10-05,ogn-185-298,foil,Traveling Merchant,OGN,Uncommon,4.11,,4.11,1,33.695,138.49
2026-10-05,ogn-186-298,normal,Treasure Trove,OGN,Uncommon,0.51,,0.51,1,33.695,17.18
2026-10-05,ogn-186-298,foil,Treasure Trove,OGN,Uncommon,3.64,,3.64,1,33.695,122.65
2026-10-05,ogn-187-298,normal,Whirlwind,OGN,Uncommon,0.15,,0.15,1,33.695,5.05
2026-10-05,ogn-187-298,foil,Whirlwind,OGN,Uncommon,0.3,,0.3,1,33.695,10.11
2026-10-05,ogn-188-298,normal,Zaunite Bouncer,OGN,Uncommon,0.1,,0.1,1,33.695,3.37
2026-10-05,ogn-188-298,foil,Zaunite Bouncer,OGN,Uncommon,0.27,,0.27,1,33.695,9.1
2026-10-05,ogn-189-298,foil,"Kayn, Unleashed",OGN,Rare,0.25,,0.25,1,33.695,8.42
2026-10-05,ogn-190-298,foil,"Kog'Maw, Caustic",OGN,Rare,0.27,,0.27,1,33.695,9.1
2026-10-05,ogn-191-298,normal,Maddened Marauder,OGN,Rare,0.15,,0.15,1,33.695,5.05
2026-10-05,ogn-191-298,foil,Maddened Marauder,OGN,Rare,0.21,,0.21,1,33.695,7.08
2026-10-05,ogn-192-298,foil,Mindsplitter,OGN,Rare,0.8,,0.8,1,33.695,26.96
2026-10-05,ogn-193-298,foil,"Miss Fortune, Buccaneer",OGN,Rare,0.28,,0.28,1,33.695,9.43
2026-10-05,ogn-193a-298,foil,"Miss Fortune, Buccaneer (Alternate Art)",OGN,Showcase,5.55,,5.55,1,33.695,187.01
2026-10-05,ogn-194-298,foil,"Nocturne, Horrifying",OGN,Rare,2.15,,2.15,1,33.695,72.44
2026-10-05,ogn-195-298,foil,Rhasa the Sunderer,OGN,Rare,1.74,,1.74,1,33.695,58.63
2026-10-05,ogn-196-298,foil,Soulgorger,OGN,Rare,0.36,,0.36,1,33.695,12.13
2026-10-05,ogn-197-298,foil,"Teemo, Scout",OGN,Rare,0.51,,0.51,1,33.695,17.18
2026-10-05,ogn-197a-298,foil,"Teemo, Scout (Alternate Art)",OGN,Showcase,12.55,,12.55,1,33.695,422.87
2026-10-05,ogn-198-298,foil,The Harrowing,OGN,Rare,0.66,,0.66,1,33.695,22.24
2026-10-05,ogn-199-298,foil,Tideturner,OGN,Rare,2.57,,2.57,1,33.695,86.6
2026-10-05,ogn-200-298,foil,"Twisted Fate, Gambler",OGN,Rare,0.33,,0.33,1,33.695,11.12
2026-10-05,ogn-201-298,foil,Invert Timelines,OGN,Epic,14.66,,14.66,1,33.695,493.97
2026-10-05,ogn-202-298,foil,"Jinx, Rebel",OGN,Epic,3.1,,3.1,1,33.695,104.45
2026-10-05,ogn-202a-298,foil,"Jinx, Rebel (Alternate Art)",OGN,Showcase,3.76,,3.76,1,33.695,126.69
2026-10-05,ogn-203-298,foil,Possession,OGN,Epic,0.9,,0.9,1,33.695,30.33
2026-10-05,ogn-204-298,foil,Seal of Discord,OGN,Epic,34.83,,34.83,1,33.695,1173.6
2026-10-05,ogn-205-298,foil,"Yasuo, Windrider",OGN,Epic,1.42,,1.42,1,33.695,47.85
2026-10-05,ogn-205a-298,foil,"Yasuo, Windrider (Alternate Art)",OGN,Showcase,3,,3,1,33.695,101.09
2026-10-05,ogn-206-298,normal,Back to Back,OGN,Common,0.06,,0.06,1,33.695,2.02
2026-10-05,ogn-206-298,foil,Back to Back,OGN,Common,0.18,,0.18,1,33.695,6.07
2026-10-05,ogn-207-298,normal,Call to Glory,OGN,Common,0.15,,0.15,1,33.695,5.05
2026-10-05,ogn-207-298,foil,Call to Glory,OGN,Common,0.43,,0.43,1,33.695,14.49
2026-10-05,ogn-208-298,normal,Cruel Patron,OGN,Common,0.04,,0.04,1,33.695,1.35
2026-10-05,ogn-208-298,foil,Cruel Patron,OGN,Common,0.21,,0.21,1,33.695,7.08
2026-10-05,ogn-209-298,normal,Cull the Weak,OGN,Common,0.36,,0.36,1,33.695,12.13
2026-10-05,ogn-209-298,foil,Cull the Weak,OGN,Common,1.43,,1.43,1,33.695,48.18
2026-10-05,ogn-210-298,normal,Daring Poro,OGN,Common,0.11,,0.11,1,33.695,3.71
2026-10-05,ogn-210-298,foil,Daring Poro,OGN,Common,0.25,,0.25,1,33.695,8.42
2026-10-05,ogn-211-298,normal,Faithful Manufactor,OGN,Common,0.14,,0.14,1,33.695,4.72
2026-10-05,ogn-211-298,foil,Faithful Manufactor,OGN,Common,0.33,,0.33,1,33.695,11.12
2026-10-05,ogn-212-298,normal,Forge of the Future,OGN,Common,0.16,,0.16,1,33.695,5.39
2026-10-05,ogn-212-298,foil,Forge of the Future,OGN,Common,0.26,,0.26,1,33.695,8.76
2026-10-05,ogn-213-298,normal,Hidden Blade,OGN,Common,0.82,,0.82,1,33.695,27.63
2026-10-05,ogn-213-298,foil,Hidden Blade,OGN,Common,2.63,,2.63,1,33.695,88.62
2026-10-05,ogn-214-298,normal,Order Rune,OGN,Common,0.11,,0.11,1,33.695,3.71
2026-10-05,ogn-214-298,foil,Order Rune,OGN,Common,5.59,,5.59,1,33.695,188.36
2026-10-05,ogn-214a-298,foil,Order Rune (Alternate Art),OGN,Showcase,4.73,,4.73,1,33.695,159.38
2026-10-05,ogn-215-298,normal,Petty Officer,OGN,Common,0.04,,0.04,1,33.695,1.35
2026-10-05,ogn-215-298,foil,Petty Officer,OGN,Common,0.14,,0.14,1,33.695,4.72
2026-10-05,ogn-216-298,normal,Soaring Scout,OGN,Common,0.15,,0.15,1,33.695,5.05
2026-10-05,ogn-216-298,foil,Soaring Scout,OGN,Common,1.49,,1.49,1,33.695,50.21
2026-10-05,ogn-217-298,normal,Trifarian Gloryseeker,OGN,Common,0.04,,0.04,1,33.695,1.35
2026-10-05,ogn-217-298,foil,Trifarian Gloryseeker,OGN,Common,0.21,,0.21,1,33.695,7.08
2026-10-05,ogn-218-298,normal,Vanguard Captain,OGN,Common,0.17,,0.17,1,33.695,5.73
2026-10-05,ogn-218-298,foil,Vanguard Captain,OGN,Common,0.34,,0.34,1,33.695,11.46
2026-10-05,ogn-219-298,normal,Vanguard Sergeant,OGN,Common,0.03,,0.03,1,33.695,1.01
2026-10-05,ogn-219-298,foil,Vanguard Sergeant,OGN,Common,0.16,,0.16,1,33.695,5.39
2026-10-05,ogn-220-298,normal,Facebreaker,OGN,Uncommon,0.19,,0.19,1,33.695,6.4
2026-10-05,ogn-220-298,foil,Facebreaker,OGN,Uncommon,0.34,,0.34,1,33.695,11.46
2026-10-05,ogn-221-298,normal,Imperial Decree,OGN,Uncommon,0.63,,0.63,1,33.695,21.23
2026-10-05,ogn-221-298,foil,Imperial Decree,OGN,Uncommon,1.47,,1.47,1,33.695,49.53
2026-10-05,ogn-222-298,normal,Noxian Drummer,OGN,Uncommon,0.14,,0.14,1,33.695,4.72
2026-10-05,ogn-222-298,foil,Noxian Drummer,OGN,Uncommon,0.33,,0.33,1,33.695,11.12
2026-10-05,ogn-223-298,normal,Peak Guardian,OGN,Uncommon,0.13,,0.13,1,33.695,4.38
2026-10-05,ogn-223-298,foil,Peak Guardian,OGN,Uncommon,0.33,,0.33,1,33.695,11.12
2026-10-05,ogn-224-298,normal,Salvage,OGN,Uncommon,4.66,,4.66,1,33.695,157.02
2026-10-05,ogn-224-298,foil,Salvage,OGN,Uncommon,7.7,,7.7,1,33.695,259.45
2026-10-05,ogn-225-298,normal,Solari Chief,OGN,Uncommon,0.16,,0.16,1,33.695,5.39
2026-10-05,ogn-225-298,foil,Solari Chief,OGN,Uncommon,0.3,,0.3,1,33.695,10.11
2026-10-05,ogn-226-298,normal,Spectral Matron,OGN,Uncommon,0.31,,0.31,1,33.695,10.45
2026-10-05,ogn-226-298,foil,Spectral Matron,OGN,Uncommon,2.25,,2.25,1,33.695,75.81
2026-10-05,ogn-227-298,normal,Symbol of the Solari,OGN,Uncommon,0.12,,0.12,1,33.695,4.04
2026-10-05,ogn-227-298,foil,Symbol of the Solari,OGN,Uncommon,0.3,,0.3,1,33.695,10.11
2026-10-05,ogn-228-298,normal,Vanguard Helm,OGN,Uncommon,0.13,,0.13,1,33.695,4.38
2026-10-05,ogn-228-298,foil,Vanguard Helm,OGN,Uncommon,0.26,,0.26,1,33.695,8.76
2026-10-05,ogn-229-298,normal,Vengeance,OGN,Uncommon,0.18,,0.18,1,33.695,6.07
2026-10-05,ogn-229-298,foil,Vengeance,OGN,Uncommon,0.57,,0.57,1,33.695,19.21
2026-10-05,ogn-230-298,foil,Albus Ferros,OGN,Rare,0.14,,0.14,1,33.695,4.72
2026-10-05,ogn-231-298,foil,Commander Ledros,OGN,Rare,0.17,,0.17,1,33.695,5.73
2026-10-05,ogn-232-298,foil,"Fiora, Victorious",OGN,Rare,1.17,,1.17,1,33.695,39.42
2026-10-05,ogn-233-298,foil,Grand Strategem,OGN,Rare,0.33,,0.33,1,33.695,11.12
2026-10-05,ogn-234-298,foil,Harnessed Dragon,OGN,Rare,3,,3,1,33.695,101.09
2026-10-05,ogn-235-298,foil,"Karma, Channeler",OGN,Rare,0.27,,0.27,1,33.695,9.1
2026-10-05,ogn-236-298,foil,"Karthus, Eternal",OGN,Rare,2.74,,2.74,1,33.695,92.32
2026-10-05,ogn-237-298,foil,King's Edict,OGN,Rare,0.16,,0.16,1,33.695,5.39
2026-10-05,ogn-238-298,foil,"Leona, Determined",OGN,Rare,0.37,,0.37,1,33.695,12.47
2026-10-05,ogn-238a-298,foil,"Leona, Determined (Alternate Art)",OGN,Showcase,3.07,,3.07,1,33.695,103.44
2026-10-05,ogn-239-298,foil,Machine Evangel,OGN,Rare,0.26,,0.26,1,33.695,8.76
2026-10-05,ogn-240-298,foil,"Sett, Kingpin",OGN,Rare,0.27,,0.27,1,33.695,9.1
2026-10-05,ogn-240a-298,foil,"Sett, Kingpin (Alternate Art)",OGN,Showcase,1.19,,1.19,1,33.695,40.1
2026-10-05,ogn-241-298,foil,"Shen, Kinkou",OGN,Rare,0.5,,0.5,1,33.695,16.85
2026-10-05,ogn-242-298,foil,Baited Hook,OGN,Epic,58.93,,58.93,1,33.695,1985.65
2026-10-05,ogn-243-298,foil,"Darius, Executioner",OGN,Epic,0.74,,0.74,1,33.695,24.93
2026-10-05,ogn-243a-298,foil,"Darius, Executioner (Alternate Art)",OGN,Showcase,2.36,,2.36,1,33.695,79.52
2026-10-05,ogn-244-298,foil,Divine Judgment,OGN,Epic,3.24,,3.24,1,33.695,109.17
2026-10-05,ogn-245-298,foil,Seal of Unity,OGN,Epic,18.19,,18.19,1,33.695,612.91
2026-10-05,ogn-246-298,foil,"Viktor, Leader",OGN,Epic,2.28,,2.28,1,33.695,76.82
2026-10-05,ogn-246a-298,foil,"Viktor, Leader (Alternate Art)",OGN,Showcase,2.9,,2.9,1,33.695,97.72
2026-10-05,ogn-247-298,foil,"Kai'Sa, Daughter of the Void",OGN,Rare,0.34,,0.34,1,33.695,11.46
2026-10-05,ogn-248-298,foil,Icathian Rain,OGN,Epic,3.12,,3.12,1,33.695,105.13
2026-10-05,ogn-249-298,foil,"Volibear, Relentless Storm",OGN,Rare,0.32,,0.32,1,33.695,10.78
2026-10-05,ogn-250-298,foil,Stormbringer,OGN,Epic,1.72,,1.72,1,33.695,57.96
2026-10-05,ogn-251-298,foil,"Jinx, Loose Cannon",OGN,Rare,0.3,,0.3,1,33.695,10.11
2026-10-05,ogn-252-298,foil,Super Mega Death Rocket!,OGN,Epic,3.27,,3.27,1,33.695,110.18
2026-10-05,ogn-253-298,foil,"Darius, Hand of Noxus",OGN,Rare,0.21,,0.21,1,33.695,7.08
2026-10-05,ogn-254-298,foil,Noxian Guillotine,OGN,Epic,0.79,,0.79,1,33.695,26.62
2026-10-05,ogn-255-298,foil,"Ahri, Nine-Tailed Fox",OGN,Rare,2.03,,2.03,1,33.695,68.4
2026-10-05,ogn-256-298,foil,Fox-Fire,OGN,Epic,2.96,,2.96,1,33.695,99.74
2026-10-05,ogn-257-298,foil,"Lee Sin, Blind Monk",OGN,Rare,0.19,,0.19,1,33.695,6.4
2026-10-05,ogn-258-298,foil,Dragon's Rage,OGN,Epic,0.9,,0.9,1,33.695,30.33
2026-10-05,ogn-259-298,foil,"Yasuo, Unforgiven",OGN,Rare,0.29,,0.29,1,33.695,9.77
2026-10-05,ogn-260-298,foil,Last Breath,OGN,Epic,1.45,,1.45,1,33.695,48.86
2026-10-05,ogn-261-298,foil,"Leona, Radiant Dawn",OGN,Rare,0.33,,0.33,1,33.695,11.12
2026-10-05,ogn-262-298,foil,Zenith Blade,OGN,Epic,4.58,,4.58,1,33.695,154.32
2026-10-05,ogn-263-298,foil,"Teemo, Swift Scout",OGN,Rare,0.35,,0.35,1,33.695,11.79
2026-10-05,ogn-264-298,foil,Guerilla Warfare,OGN,Epic,4.13,,4.13,1,33.695,139.16
2026-10-05,ogn-265-298,foil,"Viktor, Herald of the Arcane",OGN,Rare,0.3,,0.3,1,33.695,10.11
2026-10-05,ogn-266-298,foil,Siphon Power,OGN,Epic,0.96,,0.96,1,33.695,32.35
2026-10-05,ogn-267-298,foil,"Miss Fortune, Bounty Hunter",OGN,Rare,0.28,,0.28,1,33.695,9.43
2026-10-05,ogn-268-298,foil,Bullet Time,OGN,Epic,2.18,,2.18,1,33.695,73.46
2026-10-05,ogn-269-298,foil,"Sett, The Boss",OGN,Rare,0.28,,0.28,1,33.695,9.43
2026-10-05,ogn-270-298,foil,Showstopper,OGN,Epic,4.01,,4.01,1,33.695,135.12
2026-10-05,ogn-271-298,normal,Recruit (271) // Buff,OGN,Common,0.13,,0.13,1,33.695,4.38
2026-10-05,ogn-272-298,normal,Recruit (272) // Buff,OGN,Common,0.12,,0.12,1,33.695,4.04
2026-10-05,ogn-273-298,normal,Recruit (273) // Buff,OGN,Common,0.18,,0.18,1,33.695,6.07
2026-10-05,ogn-274-298,normal,Sprite (274) // Buff,OGN,Common,0.15,,0.15,1,33.695,5.05
2026-10-05,ogn-275-298,normal,Altar to Unity,OGN,Uncommon,0.12,,0.12,1,33.695,4.04
2026-10-05,ogn-275-298,foil,Altar to Unity,OGN,Uncommon,0.42,,0.42,1,33.695,14.15
2026-10-05,ogn-276-298,normal,Aspirant's Climb,OGN,Uncommon,0.22,,0.22,1,33.695,7.41
2026-10-05,ogn-276-298,foil,Aspirant's Climb,OGN,Uncommon,1.26,,1.26,1,33.695,42.46
2026-10-05,ogn-277-298,normal,Back-Alley Bar,OGN,Uncommon,0.17,,0.17,1,33.695,5.73
2026-10-05,ogn-277-298,foil,Back-Alley Bar,OGN,Uncommon,0.45,,0.45,1,33.695,15.16
2026-10-05,ogn-278-298,normal,Bandle Tree,OGN,Uncommon,0.19,,0.19,1,33.695,6.4
2026-10-05,ogn-278-298,foil,Bandle Tree,OGN,Uncommon,0.58,,0.58,1,33.695,19.54
2026-10-05,ogn-279-298,normal,Fortified Position,OGN,Uncommon,0.14,,0.14,1,33.695,4.72
2026-10-05,ogn-279-298,foil,Fortified Position,OGN,Uncommon,0.53,,0.53,1,33.695,17.86
2026-10-05,ogn-280-298,normal,Grove of the God-Willow,OGN,Uncommon,0.32,,0.32,1,33.695,10.78
2026-10-05,ogn-280-298,foil,Grove of the God-Willow,OGN,Uncommon,1.47,,1.47,1,33.695,49.53
2026-10-05,ogn-281-298,normal,Hallowed Tomb,OGN,Uncommon,0.15,,0.15,1,33.695,5.05
2026-10-05,ogn-281-298,foil,Hallowed Tomb,OGN,Uncommon,0.45,,0.45,1,33.695,15.16
2026-10-05,ogn-282-298,normal,Monastery of Hirana,OGN,Uncommon,0.21,,0.21,1,33.695,7.08
2026-10-05,ogn-282-298,foil,Monastery of Hirana,OGN,Uncommon,0.59,,0.59,1,33.695,19.88
2026-10-05,ogn-283-298,normal,Navori Fighting Pit,OGN,Uncommon,0.13,,0.13,1,33.695,4.38
2026-10-05,ogn-283-298,foil,Navori Fighting Pit,OGN,Uncommon,0.36,,0.36,1,33.695,12.13
2026-10-05,ogn-284-298,normal,Obelisk of Power,OGN,Uncommon,0.1,,0.1,1,33.695,3.37
2026-10-05,ogn-284-298,foil,Obelisk of Power,OGN,Uncommon,0.68,,0.68,1,33.695,22.91
2026-10-05,ogn-285-298,normal,Reaver's Row,OGN,Uncommon,0.1,,0.1,1,33.695,3.37
2026-10-05,ogn-285-298,foil,Reaver's Row,OGN,Uncommon,0.59,,0.59,1,33.695,19.88
2026-10-05,ogn-286-298,normal,Reckoner's Arena,OGN,Uncommon,0.14,,0.14,1,33.695,4.72
2026-10-05,ogn-286-298,foil,Reckoner's Arena,OGN,Uncommon,0.36,,0.36,1,33.695,12.13
2026-10-05,ogn-287-298,normal,Sigil of the Storm,OGN,Uncommon,0.24,,0.24,1,33.695,8.09
2026-10-05,ogn-287-298,foil,Sigil of the Storm,OGN,Uncommon,1.57,,1.57,1,33.695,52.9
2026-10-05,ogn-288-298,normal,Startipped Peak,OGN,Uncommon,0.27,,0.27,1,33.695,9.1
2026-10-05,ogn-288-298,foil,Startipped Peak,OGN,Uncommon,0.83,,0.83,1,33.695,27.97
2026-10-05,ogn-289-298,normal,Targon's Peak,OGN,Uncommon,0.3,,0.3,1,33.695,10.11
2026-10-05,ogn-289-298,foil,Targon's Peak,OGN,Uncommon,3.58,,3.58,1,33.695,120.63
2026-10-05,ogn-290-298,normal,The Arena's Greatest,OGN,Uncommon,0.23,,0.23,1,33.695,7.75
2026-10-05,ogn-290-298,foil,The Arena's Greatest,OGN,Uncommon,0.95,,0.95,1,33.695,32.01
2026-10-05,ogn-291-298,normal,The Candlelit Sanctum,OGN,Uncommon,0.24,,0.24,1,33.695,8.09
2026-10-05,ogn-291-298,foil,The Candlelit Sanctum,OGN,Uncommon,0.88,,0.88,1,33.695,29.65
2026-10-05,ogn-292-298,normal,The Dreaming Tree,OGN,Uncommon,0.18,,0.18,1,33.695,6.07
2026-10-05,ogn-292-298,foil,The Dreaming Tree,OGN,Uncommon,0.65,,0.65,1,33.695,21.9
2026-10-05,ogn-293-298,normal,The Grand Plaza,OGN,Uncommon,0.12,,0.12,1,33.695,4.04
2026-10-05,ogn-293-298,foil,The Grand Plaza,OGN,Uncommon,0.32,,0.32,1,33.695,10.78
2026-10-05,ogn-294-298,normal,Trifarian War Camp,OGN,Uncommon,0.32,,0.32,1,33.695,10.78
2026-10-05,ogn-294-298,foil,Trifarian War Camp,OGN,Uncommon,1.37,,1.37,1,33.695,46.16
2026-10-05,ogn-295-298,normal,Vilemaw's Lair,OGN,Uncommon,0.28,,0.28,1,33.695,9.43
2026-10-05,ogn-295-298,foil,Vilemaw's Lair,OGN,Uncommon,1.85,,1.85,1,33.695,62.34
2026-10-05,ogn-296-298,normal,Void Gate,OGN,Uncommon,0.22,,0.22,1,33.695,7.41
2026-10-05,ogn-296-298,foil,Void Gate,OGN,Uncommon,1.13,,1.13,1,33.695,38.08
2026-10-05,ogn-297-298,normal,Windswept Hillock,OGN,Uncommon,0.3,,0.3,1,33.695,10.11
2026-10-05,ogn-297-298,foil,Windswept Hillock,OGN,Uncommon,1.5,,1.5,1,33.695,50.54
2026-10-05,ogn-298-298,normal,Zaun Warrens,OGN,Uncommon,0.24,,0.24,1,33.695,8.09
2026-10-05,ogn-298-298,foil,Zaun Warrens,OGN,Uncommon,3.38,,3.38,1,33.695,113.89
2026-10-05,ogn-299-298,foil,"Kai'Sa, Daughter of the Void (Overnumbered)",OGN,Showcase,278.98,,278.98,1,33.695,9400.23
2026-10-05,ogn-299*-298,foil,"Kai'Sa, Daughter of the Void (Signature)",OGN,Showcase,3114.31,,3114.31,1,33.695,104936.68
2026-10-05,ogn-300-298,foil,"Volibear, Relentless Storm (Overnumbered)",OGN,Showcase,68.46,,68.46,1,33.695,2306.76
2026-10-05,ogn-300*-298,foil,"Volibear, Relentless Storm (Signature)",OGN,Showcase,834.06,,834.06,1,33.695,28103.65
2026-10-05,ogn-301-298,foil,"Jinx, Loose Cannon (Overnumbered)",OGN,Showcase,157.89,,157.89,1,33.695,5320.1
2026-10-05,ogn-301*-298,foil,"Jinx, Loose Cannon (Signature)",OGN,Showcase,1266.68,,1266.68,1,33.695,42680.78
2026-10-05,ogn-302-298,foil,"Darius, Hand of Noxus (Overnumbered)",OGN,Showcase,48.18,,48.18,1,33.695,1623.43
2026-10-05,ogn-302*-298,foil,"Darius, Hand of Noxus (Signature)",OGN,Showcase,545.66,,545.66,1,33.695,18386.01
2026-10-05,ogn-303-298,foil,"Ahri, Nine-Tailed Fox (Overnumbered)",OGN,Showcase,366.08,,366.08,1,33.695,12335.07
2026-10-05,ogn-303*-298,foil,"Ahri, Nine-Tailed Fox (Signature)",OGN,Showcase,3711.35,,3711.35,1,33.695,125053.94
2026-10-05,ogn-304-298,foil,"Lee Sin, Blind Monk (Overnumbered)",OGN,Showcase,139.13,,139.13,1,33.695,4687.99
2026-10-05,ogn-304*-298,foil,"Lee Sin, Blind Monk (Signature)",OGN,Showcase,1359.58,,1359.58,1,33.695,45811.05
2026-10-05,ogn-305-298,foil,"Yasuo, Unforgiven (Overnumbered)",OGN,Showcase,80.1,,80.1,1,33.695,2698.97
2026-10-05,ogn-305*-298,foil,"Yasuo, Unforgiven (Signature)",OGN,Showcase,887.54,,887.54,1,33.695,29905.66
2026-10-05,ogn-306-298,foil,"Leona, Radiant Dawn (Overnumbered)",OGN,Showcase,87.81,,87.81,1,33.695,2958.76
2026-10-05,ogn-306*-298,foil,"Leona, Radiant Dawn (Signature)",OGN,Showcase,910.5,,910.5,1,33.695,30679.3
2026-10-05,ogn-307-298,foil,"Teemo, Swift Scout (Overnumbered)",OGN,Showcase,151.79,,151.79,1,33.695,5114.56
2026-10-05,ogn-307*-298,foil,"Teemo, Swift Scout (Signature)",OGN,Showcase,1055.43,,1055.43,1,33.695,35562.71
2026-10-05,ogn-308-298,foil,"Viktor, Herald of the Arcane (Overnumbered)",OGN,Showcase,104.91,,104.91,1,33.695,3534.94
2026-10-05,ogn-308*-298,foil,"Viktor, Herald of the Arcane (Signature)",OGN,Showcase,686.3,,686.3,1,33.695,23124.88
2026-10-05,ogn-309-298,foil,"Miss Fortune, Bounty Hunter (Overnumbered)",OGN,Showcase,177.04,,177.04,1,33.695,5965.36
2026-10-05,ogn-309*-298,foil,"Miss Fortune, Bounty Hunter (Signature)",OGN,Showcase,1526.25,,1526.25,1,33.695,51426.99
2026-10-05,ogn-310-298,foil,"Sett, The Boss (Overnumbered)",OGN,Showcase,71.11,,71.11,1,33.695,2396.05
2026-10-05,ogn-310*-298,foil,"Sett, The Boss (Signature)",OGN,Showcase,659.67,,659.67,1,33.695,22227.58
2026-10-05,ogs-001-024,normal,"Annie, Fiery",OGS,Epic,2.72,,2.72,1,33.695,91.65
2026-10-05,ogs-002-024,normal,Firestorm,OGS,Uncommon,0.41,,0.41,1,33.695,13.81
2026-10-05,ogs-003-024,normal,Incinerate,OGS,Common,0.42,,0.42,1,33.695,14.15
2026-10-05,ogs-004-024,normal,"Master Yi, Meditative",OGS,Rare,0.61,,0.61,1,33.695,20.55
2026-10-05,ogs-005-024,normal,Zephyr Sage,OGS,Uncommon,0.25,,0.25,1,33.695,8.42
2026-10-05,ogs-006-024,normal,"Lux, Illuminated",OGS,Rare,0.55,,0.55,1,33.695,18.53
2026-10-05,ogs-007-024,normal,"Garen, Rugged",OGS,Rare,0.82,,0.82,1,33.695,27.63
2026-10-05,ogs-008-024,normal,Gentlemen's Duel,OGS,Common,0.35,,0.35,1,33.695,11.79
2026-10-05,ogs-009-024,normal,"Master Yi, Honed",OGS,Epic,0.92,,0.92,1,33.695,31
2026-10-05,ogs-010-024,normal,"Annie, Stubborn",OGS,Rare,2.87,,2.87,1,33.695,96.7
2026-10-05,ogs-011-024,normal,Flash,OGS,Common,4.45,,4.45,1,33.695,149.94
2026-10-05,ogs-012-024,normal,Blast of Power,OGS,Common,0.35,,0.35,1,33.695,11.79
2026-10-05,ogs-013-024,normal,"Garen, Commander",OGS,Epic,0.76,,0.76,1,33.695,25.61
2026-10-05,ogs-014-024,normal,"Lux, Crownguard",OGS,Epic,3.47,,3.47,1,33.695,116.92
2026-10-05,ogs-015-024,normal,Recruit the Vanguard,OGS,Uncommon,0.84,,0.84,1,33.695,28.3
2026-10-05,ogs-016-024,normal,Vanguard Attendant,OGS,Common,0.23,,0.23,1,33.695,7.75
2026-10-05,ogs-017-024,normal,"Annie, Dark Child (Starter)",OGS,Rare,3.58,,3.58,1,33.695,120.63
2026-10-05,ogs-018-024,normal,Tibbers,OGS,Epic,0.63,,0.63,1,33.695,21.23
2026-10-05,ogs-019-024,normal,"Master Yi, Wuju Bladesman (Starter)",OGS,Rare,19.85,,19.85,1,33.695,668.85
2026-10-05,ogs-019-024,foil,"Master Yi, Wuju Bladesman (Starter)",OGS,Rare,16.5,,16.5,1,33.695,555.97
2026-10-05,ogs-020-024,normal,Highlander,OGS,Epic,0.64,,0.64,1,33.695,21.56
2026-10-05,ogs-021-024,normal,"Lux, Lady of Luminosity (Starter)",OGS,Rare,9.94,,9.94,1,33.695,334.93
2026-10-05,ogs-022-024,normal,Final Spark,OGS,Epic,0.83,,0.83,1,33.695,27.97
2026-10-05,ogs-023-024,normal,"Garen, Might of Demacia (Starter)",OGS,Rare,0.9,,0.9,1,33.695,30.33
2026-10-05,ogs-024-024,normal,Decisive Strike,OGS,Epic,0.5,,0.5,1,33.695,16.85
2026-10-05,opp-001-024,foil,"Annie, Fiery",OPP,Promo,26.75,,26.75,1,33.695,901.34
2026-10-05,opp-001-219,foil,Arena Kingpin,OPP,Promo,0.4,,0.4,1,33.695,13.48
2026-10-05,opp-001-298,foil,Blazing Scorcher,OPP,Promo,0.33,,0.33,1,33.695,11.12
2026-10-05,opp-002-166,foil,Blade Twirler,OPP,Common,0.7,,0.7,1,33.695,23.59
2026-10-05,opp-004-024,foil,"Master Yi, Meditative",OPP,Promo,3.52,,3.52,1,33.695,118.61
2026-10-05,opp-004-166,foil,Dune Surfer,OPP,Common,0.6,,0.6,1,33.695,20.22
2026-10-05,opp-006-024,foil,"Lux, Illuminated",OPP,Promo,15.04,,15.04,1,33.695,506.77
2026-10-05,opp-007-024,foil,"Garen, Rugged",OPP,Promo,5.89,,5.89,1,33.695,198.46
2026-10-05,opp-007-221,foil,Gem Jammer,OPP,Promo,0.39,,0.39,1,33.695,13.14
2026-10-05,opp-007b-298,foil,Fury Rune,OPP,Promo,3.11,,3.11,1,33.695,104.79
2026-10-05,opp-009-024,foil,"Master Yi, Honed",OPP,Promo,10.52,,10.52,1,33.695,354.47
2026-10-05,opp-009-219,foil,Upstage Comedy,OPP,Promo,0.36,,0.36,1,33.695,12.13
2026-10-05,opp-009-221,foil,Serrated Dirk,OPP,Promo,0.21,,0.21,1,33.695,7.08
2026-10-05,opp-010-024,foil,"Annie, Stubborn",OPP,Promo,13.56,,13.56,1,33.695,456.9
2026-10-05,opp-011-024,normal,Flash,OPP,Promo,1.92,,1.92,1,33.695,64.69
2026-10-05,opp-013-024,foil,"Garen, Commander",OPP,Promo,4.18,,4.18,1,33.695,140.85
2026-10-05,opp-013-166,foil,Shadow Assassin,OPP,Uncommon,0.52,,0.52,1,33.695,17.52
2026-10-05,opp-013-221,foil,Blast Corps Cadet,OPP,Promo,0.29,,0.29,1,33.695,9.77
2026-10-05,opp-013-298,foil,Pouty Poro,OPP,Promo,1.17,,1.17,1,33.695,39.42
2026-10-05,opp-014-024,foil,"Lux, Crownguard",OPP,Promo,49.77,,49.77,1,33.695,1677
2026-10-05,opp-016-219,foil,Scorchclaw,OPP,Promo,0.28,,0.28,1,33.695,9.43
2026-10-05,opp-017-024,foil,"Annie, Dark Child (Metal)",OPP,Promo,2210.34,,2210.34,1,33.695,74477.41
2026-10-05,opp-017-024,foil,"Annie, Dark Child (Metal)",OPP,Promo,37.71,,37.71,1,33.695,1270.64
2026-10-05,opp-017-166,foil,"Morgana, Vindictive",OPP,Promo,1.46,,1.46,1,33.695,49.19
2026-10-05,opp-018-024,foil,Tibbers,OPP,Promo,5.52,,5.52,1,33.695,186
2026-10-05,opp-019-024,foil,"Master Yi, Wuju Bladesman (Metal)",OPP,Promo,40.57,,40.57,1,33.695,1367.01
2026-10-05,opp-019-024,foil,"Master Yi, Wuju Bladesman (Metal)",OPP,Promo,1581.58,,1581.58,1,33.695,53291.34
2026-10-05,opp-020-024,foil,Highlander,OPP,Promo,1.93,,1.93,1,33.695,65.03
2026-10-05,opp-021-024,foil,"Lux, Lady of Luminosity",OPP,Promo,1575,,1575,1,33.695,53069.63
2026-10-05,opp-021-024,foil,"Lux, Lady of Luminosity",OPP,Promo,46.75,,46.75,1,33.695,1575.24
2026-10-05,opp-022-024,foil,Final Spark,OPP,Promo,4.39,,4.39,1,33.695,147.92
2026-10-05,opp-022-221,foil,Long Sword (Top 8),OPP,Promo,1.22,,1.22,1,33.695,41.11
2026-10-05,opp-023-024,foil,"Garen, Might of Demacia",OPP,Promo,6.34,,6.34,1,33.695,213.63
2026-10-05,opp-024-024,foil,Decisive Strike,OPP,Promo,1.83,,1.83,1,33.695,61.66
2026-10-05,opp-024-298,foil,Void Seeker,OPP,Promo,0.63,,0.63,1,33.695,21.23
2026-10-05,opp-026-166,foil,Field Musicians,OPP,Common,0.56,,0.56,1,33.695,18.87
2026-10-05,opp-029-166,foil,Ol' Poro,OPP,Common,0.95,,0.95,1,33.695,32.01
2026-10-05,opp-033-221,foil,Doran's Shield,OPP,Promo,0.42,,0.42,1,33.695,14.15
2026-10-05,opp-034-298,foil,"Tryndamere, Barbarian",OPP,Promo,1.9,,1.9,1,33.695,64.02
2026-10-05,opp-036-219,foil,Mutated Mouser,OPP,Promo,0.73,,0.73,1,33.695,24.6
2026-10-05,opp-037-166,foil,Tomb-Raider Barbara,OPP,Uncommon,1.47,,1.47,1,33.695,49.53
2026-10-05,opp-037-221,foil,Navori Scout,OPP,Promo,0.31,,0.31,1,33.695,10.45
2026-10-05,opp-039-219,foil,Soul Sword,OPP,Promo,0.49,,0.49,1,33.695,16.51
2026-10-05,opp-041-166,foil,"Riven, Shattered",OPP,Promo,2.25,,2.25,1,33.695,75.81
2026-10-05,opp-042b-298,foil,Calm Rune,OPP,Promo,3.75,,3.75,1,33.695,126.36
2026-10-05,opp-047-219,foil,Mosstomper,OPP,Promo,0.3,,0.3,1,33.695,10.11
2026-10-05,opp-048-166,foil,Cloud Drake,OPP,Common,0.3,,0.3,1,33.695,10.11
2026-10-05,opp-048-221,foil,Stellacorn Herder,OPP,Promo,5.36,,5.36,1,33.695,180.61
2026-10-05,opp-050-166,foil,Grumpy Rockbear,OPP,Common,0.68,,0.68,1,33.695,22.91
2026-10-05,opp-051-221,foil,Guardian Angel (Top 8),OPP,Promo,106.71,,106.71,1,33.695,3595.59
2026-10-05,opp-051-221,foil,Guardian Angel (Top 8),OPP,Promo,4.5,,4.5,1,33.695,151.63
2026-10-05,opp-052-298,foil,Stalwart Poro,OPP,Promo,1.24,,1.24,1,33.695,41.78
2026-10-05,opp-055-298,foil,Wielder of Water,OPP,Promo,0.26,,0.26,1,33.695,8.76
2026-10-05,opp-056-219,foil,"Yuumi, Magical Cat",OPP,Promo,2.01,,2.01,1,33.695,67.73
2026-10-05,opp-058-166,foil,Patched Porobot,OPP,Uncommon,1.96,,1.96,1,33.695,66.04
2026-10-05,opp-058-219,foil,"Lillia, Protector of Dreams",OPP,Promo,3.23,,3.23,1,33.695,108.83
2026-10-05,opp-058-219,foil,"Lillia, Protector of Dreams",OPP,Promo,148.31,,148.31,1,33.695,4997.31
2026-10-05,opp-058-298,foil,Discipline,OPP,Promo,4.7,,4.7,1,33.695,158.37
2026-10-05,opp-061-219,foil,Downstage Dramatics,OPP,Promo,0.4,,0.4,1,33.695,13.48
2026-10-05,opp-064-221,foil,Cloth Armor,OPP,Promo,0.33,,0.33,1,33.695,11.12
2026-10-05,opp-065-166,foil,"Swain, Visionary",OPP,Promo,4.22,,4.22,1,33.695,142.19
2026-10-05,opp-065-219,foil,Icevale Archer,OPP,Promo,0.38,,0.38,1,33.695,12.8
2026-10-05,opp-067-221,foil,Frostcoat Cub,OPP,Promo,0.25,,0.25,1,33.695,8.42
2026-10-05,opp-067-298,foil,"Blitzcrank, Impassive",OPP,Promo,8.85,,8.85,1,33.695,298.2
2026-10-05,opp-069b-166,foil,"Mel, Newly Awakened",OPP,Epic,172.06,,172.06,1,33.695,5797.56
2026-10-05,opp-071-166,foil,Fretful Feline,OPP,Common,0.25,,0.25,1,33.695,8.42
2026-10-05,opp-075-219,foil,Gustwalker,OPP,Promo,0.3,,0.3,1,33.695,10.11
2026-10-05,opp-076-166,foil,Repair Specialist,OPP,Common,0.57,,0.57,1,33.695,19.21
2026-10-05,opp-076-221,foil,Production Surge,OPP,Promo,0.35,,0.35,1,33.695,11.79
2026-10-05,opp-078-298,foil,"Lee Sin, Ascetic",OPP,Promo,13.8,,13.8,1,33.695,464.99
2026-10-05,opp-082-166,foil,Profiteer,OPP,Uncommon,0.93,,0.93,1,33.695,31.34
2026-10-05,opp-083-298,foil,Consult the Past,OPP,Promo,0.6,,0.6,1,33.695,20.22
2026-10-05,opp-084-221,foil,"Jayce, Man of Progress",OPP,Promo,30.65,,30.65,1,33.695,1032.75
2026-10-05,opp-086-219,foil,"Zilean, Time Mage",OPP,Promo,0.9,,0.9,1,33.695,30.33
2026-10-05,opp-086-221,foil,World Atlas,OPP,Promo,0.33,,0.33,1,33.695,11.12
2026-10-05,opp-089b-298,foil,Mind Rune,OPP,Promo,5.98,,5.98,1,33.695,201.5
2026-10-05,opp-092-298,foil,Riptide Rex,OPP,Promo,0.3,,0.3,1,33.695,10.11
2026-10-05,opp-093-219,foil,Dragonsoul Sage,OPP,Promo,0.41,,0.41,1,33.695,13.81
2026-10-05,opp-095-221,foil,Doran's Blade,OPP,Promo,0.39,,0.39,1,33.695,13.14
2026-10-05,opp-097-166,foil,Spiderling,OPP,Common,2.8,,2.8,1,33.695,94.35
2026-10-05,opp-098-221,foil,Sea Monkey,OPP,Promo,0.3,,0.3,1,33.695,10.11
2026-10-05,opp-099-166,foil,Tornado Warrior,OPP,Common,0.65,,0.65,1,33.695,21.9
2026-10-05,opp-100-219,foil,Voracious Gromp,OPP,Promo,0.28,,0.28,1,33.695,9.43
2026-10-05,opp-101-166,foil,Gust Monk,OPP,Uncommon,0.94,,0.94,1,33.695,31.67
2026-10-05,opp-101-221,foil,Fae Dragon,OPP,Promo,0.32,,0.32,1,33.695,10.78
2026-10-05,opp-103-298,foil,Ravenbloom Student,OPP,Promo,1.98,,1.98,1,33.695,66.72
2026-10-05,opp-107-219,foil,Stare Down,OPP,Promo,0.37,,0.37,1,33.695,12.47
2026-10-05,opp-109-166,foil,"Illaoi, Prophet of the Great Kraken (Top 8)",OPP,Promo,72.89,,72.89,1,33.695,2456.03
2026-10-05,opp-109-166,foil,"Illaoi, Prophet of the Great Kraken (Top 8)",OPP,Promo,2.2,,2.2,1,33.695,74.13
2026-10-05,opp-116-221,normal,"Yone, Blademaster",OPP,Promo,2.29,,2.29,1,33.695,77.16
2026-10-05,opp-118-166,foil,Horns of the Dragon,OPP,Common,0.28,,0.28,1,33.695,9.43
2026-10-05,opp-118a-221,foil,Boneshiver,OPP,Promo,50.93,,50.93,1,33.695,1716.09
2026-10-05,opp-120-219,foil,"Rengar, Trophy Hunter",OPP,Promo,37.22,,37.22,1,33.695,1254.13
2026-10-05,opp-120-219,foil,"Rengar, Trophy Hunter",OPP,Promo,154.03,,154.03,1,33.695,5190.04
2026-10-05,opp-123-166,foil,Soulspinner,OPP,Common,0.54,,0.54,1,33.695,18.2
2026-10-05,opp-124-221,foil,Doran's Ring,OPP,Promo,0.35,,0.35,1,33.695,11.79
2026-10-05,opp-125-166,foil,Hungry Wolf,OPP,Uncommon,0.57,,0.57,1,33.695,19.21
2026-10-05,opp-125-219,foil,Lunar Boon,OPP,Promo,0.4,,0.4,1,33.695,13.48
2026-10-05,opp-126b-298,foil,Body Rune,OPP,Promo,2.89,,2.89,1,33.695,97.38
2026-10-05,opp-127-219,foil,Mister Root,OPP,Promo,0.59,,0.59,1,33.695,19.88
2026-10-05,opp-128-298,foil,Challenge,OPP,Promo,0.76,,0.76,1,33.695,25.61
2026-10-05,opp-130-221,foil,Treasure Hunter,OPP,Promo,1.16,,1.16,1,33.695,39.09
2026-10-05,opp-134-166,foil,"Kayle, Justified (Top 8)",OPP,Promo,3.47,,3.47,1,33.695,116.92
2026-10-05,opp-134-166,foil,"Kayle, Justified (Top 8)",OPP,Promo,87.95,,87.95,1,33.695,2963.48
2026-10-05,opp-135-298,foil,Pakaa Cub,OPP,Promo,0.31,,0.31,1,33.695,10.45
2026-10-05,opp-137-219,foil,Sinister Poro,OPP,Promo,0.73,,0.73,1,33.695,24.6
2026-10-05,opp-137-221,foil,Harpoon Squad,OPP,Promo,0.28,,0.28,1,33.695,9.43
2026-10-05,opp-137-298,foil,Stormclaw Ursine,OPP,Promo,0.23,,0.23,1,33.695,7.75
2026-10-05,opp-139-221,foil,Edge of Night (Champion),OPP,Promo,3.02,,3.02,1,33.695,101.76
2026-10-05,opp-139-221,foil,Edge of Night (Champion),OPP,Promo,94.65,,94.65,1,33.695,3189.23
2026-10-05,opp-151b-298,foil,"Lee Sin, Centered",OPP,Rare,50.08,,50.08,1,33.695,1687.45
2026-10-05,opp-153-221,foil,Eye of the Herald,OPP,Promo,0.41,,0.41,1,33.695,13.81
2026-10-05,opp-156-219,foil,Loyal Poro,OPP,Promo,1.01,,1.01,1,33.695,34.03
2026-10-05,opp-156-221,foil,Laurent Duelist,OPP,Promo,0.25,,0.25,1,33.695,8.42
2026-10-05,opp-160-219,foil,Ultrasoft Poro,OPP,Promo,1.36,,1.36,1,33.695,45.83
2026-10-05,opp-166b-298,foil,Chaos Rune,OPP,Promo,6.05,,6.05,1,33.695,203.85
2026-10-05,opp-167-221,foil,Unsung Hero,OPP,Promo,0.38,,0.38,1,33.695,12.8
2026-10-05,opp-168-219,foil,Undying Loyalty,OPP,Promo,0.22,,0.22,1,33.695,7.41
2026-10-05,opp-169-219,foil,"Ashe, Focused",OPP,Promo,1.57,,1.57,1,33.695,52.9
2026-10-05,opp-171-298,foil,Mystic Poro,OPP,Common,1.04,,1.04,1,33.695,35.04
2026-10-05,opp-177-298,foil,Stealthy Pursuer,OPP,Promo,0.24,,0.24,1,33.695,8.09
2026-10-05,opp-178-219,foil,"Poppy, Defender of the Meek",OPP,Promo,36.2,,36.2,1,33.695,1219.76
2026-10-05,opp-183-298,foil,Stacked Deck,OPP,Promo,3.31,,3.31,1,33.695,111.53
2026-10-05,opp-185-221,foil,"Draven, Glorious Executioner (Metal)",OPP,Promo,1029.84,,1029.84,1,33.695,34700.46
2026-10-05,opp-193-298,foil,"Miss Fortune, Buccaneer",OPP,Promo,230.27,,230.27,1,33.695,7758.95
2026-10-05,opp-195-221,foil,"Irelia, Blade Dancer (Metal)",OPP,Promo,1300,,1300,1,33.695,43803.5
2026-10-05,opp-197b-298,foil,"Teemo, Scout (GG EZ)",OPP,Promo,1430.38,,1430.38,1,33.695,48196.65
2026-10-05,opp-201-221,foil,"Renata Glasc, Chem-Baroness (Metal)",OPP,Promo,1199.99,,1199.99,1,33.695,40433.66
2026-10-05,opp-202-298,foil,"Jinx, Rebel",OPP,Promo,51.31,,51.31,1,33.695,1728.89
2026-10-05,opp-205-221,foil,"Fiora, Grand Duelist (Metal)",OPP,Promo,825,,825,1,33.695,27798.38
2026-10-05,opp-210-298,foil,Daring Poro,OPP,Promo,1,,1,1,33.695,33.7
2026-10-05,opp-214b-298,foil,Order Rune,OPP,Promo,3.19,,3.19,1,33.695,107.49
2026-10-05,opp-218-298,foil,Vanguard Captain,OPP,Promo,0.43,,0.43,1,33.695,14.49
2026-10-05,opp-229-298,foil,Vengeance,OPP,Promo,0.32,,0.32,1,33.695,10.78
2026-10-05,opp-246-298,foil,"Viktor, Leader",OPP,Promo,15.39,,15.39,1,33.695,518.57
2026-10-05,opp-247-298,foil,"Kai'Sa, Daughter of the Void",OPP,Promo,48.38,,48.38,1,33.695,1630.16
2026-10-05,opp-247-298,foil,"Kai'Sa, Daughter of the Void",OPP,Promo,2360.21,,2360.21,1,33.695,79527.28
2026-10-05,opp-249-298,foil,"Volibear, Relentless Storm",OPP,Promo,11.8,,11.8,1,33.695,397.6
2026-10-05,opp-249-298,foil,"Volibear, Relentless Storm",OPP,Promo,1249.7,,1249.7,1,33.695,42108.64
2026-10-05,opp-251-298,foil,"Jinx, Loose Cannon",OPP,Promo,58.38,,58.38,1,33.695,1967.11
2026-10-05,opp-251-298,foil,"Jinx, Loose Cannon",OPP,Promo,2239.97,,2239.97,1,33.695,75475.79
2026-10-05,opp-253-298,foil,"Darius, Hand of Noxus",OPP,Promo,999,,999,1,33.695,33661.31
2026-10-05,opp-253-298,foil,"Darius, Hand of Noxus",OPP,Promo,19.06,,19.06,1,33.695,642.23
2026-10-05,opp-255-298,foil,"Ahri, Nine-Tailed Fox",OPP,Promo,307.71,,307.71,1,33.695,10368.29
2026-10-05,opp-255-298,foil,"Ahri, Nine-Tailed Fox",OPP,Promo,4232.98,,4232.98,1,33.695,142630.26
2026-10-05,opp-257-298,foil,"Lee Sin, Blind Monk",OPP,Promo,18.84,,18.84,1,33.695,634.81
2026-10-05,opp-257-298,foil,"Lee Sin, Blind Monk",OPP,Promo,1362.5,,1362.5,1,33.695,45909.44
2026-10-05,opp-259-298,foil,"Yasuo, Unforgiven",OPP,Promo,26.85,,26.85,1,33.695,904.71
2026-10-05,opp-261-298,foil,"Leona, Radiant Dawn",OPP,Promo,1222,,1222,1,33.695,41175.29
2026-10-05,opp-261-298,foil,"Leona, Radiant Dawn",OPP,Promo,33.36,,33.36,1,33.695,1124.07
2026-10-05,opp-263-298,foil,"Teemo, Swift Scout",OPP,Promo,59.18,,59.18,1,33.695,1994.07
2026-10-05,opp-265-298,foil,"Viktor, Herald of the Arcane",OPP,Promo,40.79,,40.79,1,33.695,1374.42
2026-10-05,opp-267-298,foil,"Miss Fortune, Bounty Hunter",OPP,Promo,36.39,,36.39,1,33.695,1226.16
2026-10-05,opp-269-298,foil,"Sett, The Boss",OPP,Promo,15.85,,15.85,1,33.695,534.07
2026-10-05,opp-269-298,foil,"Sett, The Boss",OPP,Promo,1333.31,,1333.31,1,33.695,44925.88
2026-10-05,opp-r01b,foil,Fury Rune,OPP,Common,13.19,,13.19,1,33.695,444.44
2026-10-05,opp-r01c,normal,Fury Rune,OPP,Promo,19.19,,19.19,1,33.695,646.61
2026-10-05,opp-r02b,foil,Calm Rune,OPP,Common,7.21,,7.21,1,33.695,242.94
2026-10-05,opp-r02c,normal,Calm Rune,OPP,Promo,19.01,,19.01,1,33.695,640.54
2026-10-05,opp-r03b,foil,Mind Rune,OPP,Common,12.15,,12.15,1,33.695,409.39
2026-10-05,opp-r03c,normal,Mind Rune,OPP,Promo,19.47,,19.47,1,33.695,656.04
2026-10-05,opp-r04b,foil,Body Rune,OPP,Common,3.87,,3.87,1,33.695,130.4
2026-10-05,opp-r04c,normal,Body Rune,OPP,Promo,20.34,,20.34,1,33.695,685.36
2026-10-05,opp-r05b,foil,Chaos Rune,OPP,Common,14.53,,14.53,1,33.695,489.59
2026-10-05,opp-r05c,normal,Chaos Rune,OPP,Promo,20.38,,20.38,1,33.695,686.7
2026-10-05,opp-r06b,foil,Order Rune,OPP,Common,5.83,,5.83,1,33.695,196.44
2026-10-05,opp-r06c,normal,Order Rune,OPP,Promo,20.03,,20.03,1,33.695,674.91
2026-10-05,pr-036a-298,foil,"Vi, Destructive",PR,Promo,93.81,,93.81,1,33.695,3160.93
2026-10-05,pr-041a-166,foil,"Riven, Shattered",PR,Promo,166.82,,166.82,1,33.695,5621
2026-10-05,pr-066-298,foil,"Ahri, Alluring (Launch Exclusive)",PR,Promo,161.47,,161.47,1,33.695,5440.73
2026-10-05,pr-068a-298,foil,"Caitlyn, Patrolling",PR,Promo,101.03,,101.03,1,33.695,3404.21
2026-10-05,pr-111a-298,foil,"Heimerdinger, Inventor",PR,Promo,80.19,,80.19,1,33.695,2702
2026-10-05,pr-159a-298,foil,"Warwick, Hunter",PR,Promo,68.69,,68.69,1,33.695,2314.51
2026-10-05,pr-197-298,normal,"Teemo, Scout",PR,Promo,8.99,,8.99,1,33.695,302.92
2026-10-05,pr-202-298,foil,"Jinx, Rebel",PR,Promo,251.39,,251.39,1,33.695,8470.59
2026-10-05,pr-246a-298,foil,"Viktor, Leader",PR,Promo,109.46,,109.46,1,33.695,3688.25
2026-10-05,pr-246b-298,foil,"Viktor, Leader",PR,Promo,109.46,,109.46,1,33.695,3688.25
2026-10-05,pr-263a-298,foil,"Teemo, Swift Scout (Alternate Art)",PR,Promo,690.85,,690.85,1,33.695,23278.19
2026-10-05,pr-276a-298,foil,Aspirant's Climb,PR,Promo,43.57,,43.57,1,33.695,1468.09
2026-10-05,pr-278a-298,foil,Bandle Tree,PR,Promo,65.12,,65.12,1,33.695,2194.22
2026-10-05,pr-293a-298,foil,The Grand Plaza,PR,Promo,35.78,,35.78,1,33.695,1205.61
2026-10-05,sfd-001-221,normal,Against the Odds,SFD,Common,0.09,,0.09,1,33.695,3.03
2026-10-05,sfd-001-221,foil,Against the Odds,SFD,Common,0.26,,0.26,1,33.695,8.76
2026-10-05,sfd-002-221,normal,Armed Assailant,SFD,Common,0.04,,0.04,1,33.695,1.35
2026-10-05,sfd-002-221,foil,Armed Assailant,SFD,Common,0.14,,0.14,1,33.695,4.72
2026-10-05,sfd-003-221,normal,Blood Rush,SFD,Common,0.09,,0.09,1,33.695,3.03
2026-10-05,sfd-003-221,foil,Blood Rush,SFD,Common,0.27,,0.27,1,33.695,9.1
2026-10-05,sfd-004-221,normal,Bushwhack,SFD,Common,0.08,,0.08,1,33.695,2.7
2026-10-05,sfd-004-221,foil,Bushwhack,SFD,Common,0.25,,0.25,1,33.695,8.42
2026-10-05,sfd-005-221,normal,Detonate,SFD,Common,0.11,,0.11,1,33.695,3.71
2026-10-05,sfd-005-221,foil,Detonate,SFD,Common,0.27,,0.27,1,33.695,9.1
2026-10-05,sfd-006-221,normal,Eager Drakehound,SFD,Common,0.09,,0.09,1,33.695,3.03
2026-10-05,sfd-006-221,foil,Eager Drakehound,SFD,Common,0.19,,0.19,1,33.695,6.4
2026-10-05,sfd-007-221,normal,Gem Jammer,SFD,Common,0.07,,0.07,1,33.695,2.36
2026-10-05,sfd-007-221,foil,Gem Jammer,SFD,Common,0.23,,0.23,1,33.695,7.75
2026-10-05,sfd-008-221,normal,Sentinel Adept,SFD,Common,0.07,,0.07,1,33.695,2.36
2026-10-05,sfd-008-221,foil,Sentinel Adept,SFD,Common,0.22,,0.22,1,33.695,7.41
2026-10-05,sfd-009-221,normal,Serrated Dirk,SFD,Common,0.09,,0.09,1,33.695,3.03
2026-10-05,sfd-009-221,foil,Serrated Dirk,SFD,Common,0.2,,0.2,1,33.695,6.74
2026-10-05,sfd-010-221,normal,Void Drone,SFD,Common,0.06,,0.06,1,33.695,2.02
2026-10-05,sfd-010-221,foil,Void Drone,SFD,Common,0.2,,0.2,1,33.695,6.74
2026-10-05,sfd-011-221,normal,Angle Shot,SFD,Uncommon,0.08,,0.08,1,33.695,2.7
2026-10-05,sfd-011-221,foil,Angle Shot,SFD,Uncommon,0.25,,0.25,1,33.695,8.42
2026-10-05,sfd-012-221,normal,Battering Ram,SFD,Uncommon,0.14,,0.14,1,33.695,4.72
2026-10-05,sfd-012-221,foil,Battering Ram,SFD,Uncommon,0.44,,0.44,1,33.695,14.83
2026-10-05,sfd-013-221,normal,Blast Corps Cadet,SFD,Uncommon,0.11,,0.11,1,33.695,3.71
2026-10-05,sfd-013-221,foil,Blast Corps Cadet,SFD,Uncommon,0.25,,0.25,1,33.695,8.42
2026-10-05,sfd-014-221,normal,Minotaur Reckoner,SFD,Uncommon,0.1,,0.1,1,33.695,3.37
2026-10-05,sfd-014-221,foil,Minotaur Reckoner,SFD,Uncommon,0.28,,0.28,1,33.695,9.43
2026-10-05,sfd-015-221,normal,Perched Grimwyrm,SFD,Uncommon,0.09,,0.09,1,33.695,3.03
2026-10-05,sfd-015-221,foil,Perched Grimwyrm,SFD,Uncommon,0.22,,0.22,1,33.695,7.41
2026-10-05,sfd-016-221,normal,Recurve Bow,SFD,Uncommon,0.14,,0.14,1,33.695,4.72
2026-10-05,sfd-016-221,foil,Recurve Bow,SFD,Uncommon,0.23,,0.23,1,33.695,7.75
2026-10-05,sfd-017-221,normal,Sudden Storm,SFD,Uncommon,0.14,,0.14,1,33.695,4.72
2026-10-05,sfd-017-221,foil,Sudden Storm,SFD,Uncommon,0.26,,0.26,1,33.695,8.76
2026-10-05,sfd-018-221,normal,Void Hatchling,SFD,Uncommon,0.08,,0.08,1,33.695,2.7
2026-10-05,sfd-018-221,foil,Void Hatchling,SFD,Uncommon,0.28,,0.28,1,33.695,9.43
2026-10-05,sfd-019-221,foil,Assembly Rig,SFD,Rare,0.12,,0.12,1,33.695,4.04
2026-10-05,sfd-020-221,foil,"Draven, Vanquisher",SFD,Rare,0.19,,0.19,1,33.695,6.4
2026-10-05,sfd-020a-221,foil,"Draven, Vanquisher (Alternate Art)",SFD,Showcase,1.56,,1.56,1,33.695,52.56
2026-10-05,sfd-021-221,foil,Ferrous Forerunner,SFD,Rare,3.13,,3.13,1,33.695,105.47
2026-10-05,sfd-022-221,foil,Long Sword,SFD,Rare,0.41,,0.41,1,33.695,13.81
2026-10-05,sfd-023-221,foil,Piercing Light,SFD,Rare,0.26,,0.26,1,33.695,8.76
2026-10-05,sfd-024-221,foil,"Rell, Magnetic",SFD,Rare,0.18,,0.18,1,33.695,6.07
2026-10-05,sfd-025-221,foil,"Rengar, Pouncing",SFD,Rare,0.53,,0.53,1,33.695,17.86
2026-10-05,sfd-026-221,foil,"Rumble, Hotheaded",SFD,Rare,0.17,,0.17,1,33.695,5.73
2026-10-05,sfd-026a-221,foil,"Rumble, Hotheaded (Alternate Art)",SFD,Showcase,1.24,,1.24,1,33.695,41.78
2026-10-05,sfd-027-221,foil,Dunebreaker,SFD,Epic,1.18,,1.18,1,33.695,39.76
2026-10-05,sfd-028-221,foil,"Lucian, Gunslinger",SFD,Epic,0.93,,0.93,1,33.695,31.34
2026-10-05,sfd-028a-221,foil,"Lucian, Gunslinger (Alternate Art)",SFD,Showcase,1.41,,1.41,1,33.695,47.51
2026-10-05,sfd-029-221,normal,"Rek'Sai, Breacher",SFD,Epic,4.65,,4.65,1,33.695,156.68
2026-10-05,sfd-029-221,foil,"Rek'Sai, Breacher",SFD,Epic,5.8,,5.8,1,33.695,195.43
2026-10-05,sfd-029a-221,foil,"Rek'Sai, Breacher (Alternate Art)",SFD,Showcase,8.24,,8.24,1,33.695,277.65
2026-10-05,sfd-030-221,foil,Skyfall of Areion,SFD,Epic,4.44,,4.44,1,33.695,149.61
2026-10-05,sfd-031-221,normal,Desert's Call,SFD,Common,0.09,,0.09,1,33.695,3.03
2026-10-05,sfd-031-221,foil,Desert's Call,SFD,Common,0.34,,0.34,1,33.695,11.46
2026-10-05,sfd-032-221,normal,Disarming Rake,SFD,Common,0.15,,0.15,1,33.695,5.05
2026-10-05,sfd-032-221,foil,Disarming Rake,SFD,Common,0.49,,0.49,1,33.695,16.51
2026-10-05,sfd-033-221,normal,Doran's Shield,SFD,Common,0.07,,0.07,1,33.695,2.36
2026-10-05,sfd-033-221,foil,Doran's Shield,SFD,Common,0.29,,0.29,1,33.695,9.77
2026-10-05,sfd-034-221,normal,Feral Strength,SFD,Common,0.1,,0.1,1,33.695,3.37
2026-10-05,sfd-034-221,foil,Feral Strength,SFD,Common,0.25,,0.25,1,33.695,8.42
2026-10-05,sfd-035-221,normal,Guardian of the Passage,SFD,Common,0.07,,0.07,1,33.695,2.36
2026-10-05,sfd-035-221,foil,Guardian of the Passage,SFD,Common,0.17,,0.17,1,33.695,5.73
2026-10-05,sfd-036-221,normal,Lonely Poro,SFD,Common,0.16,,0.16,1,33.695,5.39
2026-10-05,sfd-036-221,foil,Lonely Poro,SFD,Common,0.76,,0.76,1,33.695,25.61
2026-10-05,sfd-037-221,normal,Navori Scout,SFD,Common,0.07,,0.07,1,33.695,2.36
2026-10-05,sfd-037-221,foil,Navori Scout,SFD,Common,0.16,,0.16,1,33.695,5.39
2026-10-05,sfd-038-221,normal,Ribbon Dancer,SFD,Common,0.06,,0.06,1,33.695,2.02
2026-10-05,sfd-038-221,foil,Ribbon Dancer,SFD,Common,0.17,,0.17,1,33.695,5.73
2026-10-05,sfd-039-221,normal,Royal Entourage,SFD,Common,0.04,,0.04,1,33.695,1.35
2026-10-05,sfd-039-221,foil,Royal Entourage,SFD,Common,0.19,,0.19,1,33.695,6.4
2026-10-05,sfd-040-221,normal,Thwonk!,SFD,Common,0.08,,0.08,1,33.695,2.7
2026-10-05,sfd-040-221,foil,Thwonk!,SFD,Common,0.26,,0.26,1,33.695,8.76
2026-10-05,sfd-041-221,normal,Apprentice Smith,SFD,Uncommon,0.11,,0.11,1,33.695,3.71
2026-10-05,sfd-041-221,foil,Apprentice Smith,SFD,Uncommon,0.3,,0.3,1,33.695,10.11
2026-10-05,sfd-042-221,normal,Brutalizer,SFD,Uncommon,0.36,,0.36,1,33.695,12.13
2026-10-05,sfd-042-221,foil,Brutalizer,SFD,Uncommon,1.57,,1.57,1,33.695,52.9
2026-10-05,sfd-043-221,normal,Emperor's Divide,SFD,Uncommon,0.33,,0.33,1,33.695,11.12
2026-10-05,sfd-043-221,foil,Emperor's Divide,SFD,Uncommon,1.25,,1.25,1,33.695,42.12
2026-10-05,sfd-044-221,normal,Legion Quartermaster,SFD,Uncommon,0.07,,0.07,1,33.695,2.36
2026-10-05,sfd-044-221,foil,Legion Quartermaster,SFD,Uncommon,0.25,,0.25,1,33.695,8.42
2026-10-05,sfd-045-221,normal,Not So Fast,SFD,Uncommon,1.38,,1.38,1,33.695,46.5
2026-10-05,sfd-045-221,foil,Not So Fast,SFD,Uncommon,3.58,,3.58,1,33.695,120.63
2026-10-05,sfd-046-221,normal,Poro Snax,SFD,Uncommon,0.18,,0.18,1,33.695,6.07
2026-10-05,sfd-046-221,foil,Poro Snax,SFD,Uncommon,0.47,,0.47,1,33.695,15.84
2026-10-05,sfd-047-221,normal,Simian Ancestor,SFD,Uncommon,0.05,,0.05,1,33.695,1.68
2026-10-05,sfd-047-221,foil,Simian Ancestor,SFD,Uncommon,0.17,,0.17,1,33.695,5.73
2026-10-05,sfd-048-221,normal,Stellacorn Herder,SFD,Uncommon,1.29,,1.29,1,33.695,43.47
2026-10-05,sfd-048-221,foil,Stellacorn Herder,SFD,Uncommon,2.24,,2.24,1,33.695,75.48
2026-10-05,sfd-049-221,foil,"Aphelios, Exalted",SFD,Rare,0.26,,0.26,1,33.695,8.76
2026-10-05,sfd-050-221,foil,"Azir, Ascendant",SFD,Rare,0.19,,0.19,1,33.695,6.4
2026-10-05,sfd-050a-221,foil,"Azir, Ascendant (Alternate Art)",SFD,Showcase,0.82,,0.82,1,33.695,27.63
2026-10-05,sfd-051-221,foil,Guardian Angel,SFD,Rare,0.92,,0.92,1,33.695,31
2026-10-05,sfd-052-221,foil,Heart of Dark Ice,SFD,Rare,0.31,,0.31,1,33.695,10.45
2026-10-05,sfd-053-221,foil,"Janna, Savior",SFD,Rare,0.48,,0.48,1,33.695,16.17
2026-10-05,sfd-054-221,foil,"Jax, Unmatched",SFD,Rare,0.22,,0.22,1,33.695,7.41
2026-10-05,sfd-054a-221,foil,"Jax, Unmatched (Alternate Art)",SFD,Showcase,1.31,,1.31,1,33.695,44.14
2026-10-05,sfd-055-221,foil,Needlessly Large Yordle,SFD,Rare,0.17,,0.17,1,33.695,5.73
2026-10-05,sfd-056-221,foil,Sterak's Gage,SFD,Rare,0.38,,0.38,1,33.695,12.8
2026-10-05,sfd-057-221,foil,"Irelia, Fervent",SFD,Epic,23.24,,23.24,1,33.695,783.07
2026-10-05,sfd-057a-221,foil,"Irelia, Fervent (Alternate Art)",SFD,Showcase,24.39,,24.39,1,33.695,821.82
2026-10-05,sfd-058-221,foil,"Ornn, Blacksmith",SFD,Epic,2.36,,2.36,1,33.695,79.52
2026-10-05,sfd-058a-221,foil,"Ornn, Blacksmith (Alternate Art)",SFD,Showcase,3.46,,3.46,1,33.695,116.58
2026-10-05,sfd-059-221,foil,Svellsongur,SFD,Epic,15.38,,15.38,1,33.695,518.23
2026-10-05,sfd-060-221,foil,Tianna Crownguard,SFD,Epic,2.44,,2.44,1,33.695,82.22
2026-10-05,sfd-061-221,normal,Aspiring Engineer,SFD,Common,0.07,,0.07,1,33.695,2.36
2026-10-05,sfd-061-221,foil,Aspiring Engineer,SFD,Common,0.32,,0.32,1,33.695,10.78
2026-10-05,sfd-062-221,normal,Bubble Bot,SFD,Common,0.09,,0.09,1,33.695,3.03
2026-10-05,sfd-062-221,foil,Bubble Bot,SFD,Common,0.26,,0.26,1,33.695,8.76
2026-10-05,sfd-063-221,normal,Chemtech Cask,SFD,Common,0.07,,0.07,1,33.695,2.36
2026-10-05,sfd-063-221,foil,Chemtech Cask,SFD,Common,0.24,,0.24,1,33.695,8.09
2026-10-05,sfd-064-221,normal,Cloth Armor,SFD,Common,0.07,,0.07,1,33.695,2.36
2026-10-05,sfd-064-221,foil,Cloth Armor,SFD,Common,0.22,,0.22,1,33.695,7.41
2026-10-05,sfd-065-221,normal,Forecaster,SFD,Common,0.07,,0.07,1,33.695,2.36
2026-10-05,sfd-065-221,foil,Forecaster,SFD,Common,0.25,,0.25,1,33.695,8.42
2026-10-05,sfd-066-221,normal,Frigid Touch,SFD,Common,0.1,,0.1,1,33.695,3.37
2026-10-05,sfd-066-221,foil,Frigid Touch,SFD,Common,0.27,,0.27,1,33.695,9.1
2026-10-05,sfd-067-221,normal,Frostcoat Cub,SFD,Common,0.05,,0.05,1,33.695,1.68
2026-10-05,sfd-067-221,foil,Frostcoat Cub,SFD,Common,0.16,,0.16,1,33.695,5.39
2026-10-05,sfd-068-221,normal,Gearhead,SFD,Common,0.05,,0.05,1,33.695,1.68
2026-10-05,sfd-068-221,foil,Gearhead,SFD,Common,0.2,,0.2,1,33.695,6.74
2026-10-05,sfd-069-221,normal,Plundering Poro,SFD,Common,0.13,,0.13,1,33.695,4.38
2026-10-05,sfd-069-221,foil,Plundering Poro,SFD,Common,0.49,,0.49,1,33.695,16.51
2026-10-05,sfd-070-221,normal,Wages of Pain,SFD,Common,0.15,,0.15,1,33.695,5.05
2026-10-05,sfd-070-221,foil,Wages of Pain,SFD,Common,0.75,,0.75,1,33.695,25.27
2026-10-05,sfd-071-221,normal,Breakneck Mech,SFD,Uncommon,0.12,,0.12,1,33.695,4.04
2026-10-05,sfd-071-221,foil,Breakneck Mech,SFD,Uncommon,0.28,,0.28,1,33.695,9.43
2026-10-05,sfd-072-221,normal,Dropboarder,SFD,Uncommon,0.12,,0.12,1,33.695,4.04
2026-10-05,sfd-072-221,foil,Dropboarder,SFD,Uncommon,0.32,,0.32,1,33.695,10.78
2026-10-05,sfd-073-221,normal,Experimental Hexplate,SFD,Uncommon,0.1,,0.1,1,33.695,3.37
2026-10-05,sfd-073-221,foil,Experimental Hexplate,SFD,Uncommon,0.28,,0.28,1,33.695,9.43
2026-10-05,sfd-074-221,normal,Pickpocket,SFD,Uncommon,0.23,,0.23,1,33.695,7.75
2026-10-05,sfd-074-221,foil,Pickpocket,SFD,Uncommon,1.29,,1.29,1,33.695,43.47
2026-10-05,sfd-075-221,normal,Prize of Progress,SFD,Uncommon,0.1,,0.1,1,33.695,3.37
2026-10-05,sfd-075-221,foil,Prize of Progress,SFD,Uncommon,0.24,,0.24,1,33.695,8.09
2026-10-05,sfd-076-221,normal,Production Surge,SFD,Uncommon,0.08,,0.08,1,33.695,2.7
2026-10-05,sfd-076-221,foil,Production Surge,SFD,Uncommon,0.28,,0.28,1,33.695,9.43
2026-10-05,sfd-077-221,normal,Rocket Barrage,SFD,Uncommon,0.17,,0.17,1,33.695,5.73
2026-10-05,sfd-077-221,foil,Rocket Barrage,SFD,Uncommon,0.82,,0.82,1,33.695,27.63
2026-10-05,sfd-078-221,normal,Temporal Portal,SFD,Uncommon,0.09,,0.09,1,33.695,3.03
2026-10-05,sfd-078-221,foil,Temporal Portal,SFD,Uncommon,0.22,,0.22,1,33.695,7.41
2026-10-05,sfd-079-221,foil,"Bard, Mercurial",SFD,Rare,0.19,,0.19,1,33.695,6.4
2026-10-05,sfd-080-221,foil,Bellows Breath,SFD,Rare,2.9,,2.9,1,33.695,97.72
2026-10-05,sfd-081-221,foil,Card Sharp,SFD,Rare,0.25,,0.25,1,33.695,8.42
2026-10-05,sfd-082-221,foil,"Ezreal, Dashing",SFD,Rare,0.19,,0.19,1,33.695,6.4
2026-10-05,sfd-082a-221,foil,"Ezreal, Dashing (Alternate Art)",SFD,Showcase,1.19,,1.19,1,33.695,40.1
2026-10-05,sfd-083-221,foil,Hextech Anomaly,SFD,Rare,0.24,,0.24,1,33.695,8.09
2026-10-05,sfd-084-221,foil,"Jayce, Man of Progress",SFD,Rare,0.26,,0.26,1,33.695,8.76
2026-10-05,sfd-085-221,foil,"Ornn, Forge God",SFD,Rare,0.23,,0.23,1,33.695,7.75
2026-10-05,sfd-085a-221,foil,"Ornn, Forge God (Alternate Art)",SFD,Showcase,2.08,,2.08,1,33.695,70.09
2026-10-05,sfd-086-221,foil,World Atlas,SFD,Rare,0.18,,0.18,1,33.695,6.07
2026-10-05,sfd-087-221,foil,Premonition,SFD,Epic,4.43,,4.43,1,33.695,149.27
2026-10-05,sfd-088-221,foil,"Renata Glasc, Mastermind",SFD,Epic,0.9,,0.9,1,33.695,30.33
2026-10-05,sfd-088a-221,foil,"Renata Glasc, Mastermind (Alternate Art)",SFD,Showcase,3.27,,3.27,1,33.695,110.18
2026-10-05,sfd-089-221,foil,"Rumble, Scrapper",SFD,Epic,0.59,,0.59,1,33.695,19.88
2026-10-05,sfd-089a-221,foil,"Rumble, Scrapper (Alternate Art)",SFD,Showcase,2.28,,2.28,1,33.695,76.82
2026-10-05,sfd-090-221,foil,The Zero Drive,SFD,Epic,7.78,,7.78,1,33.695,262.15
2026-10-05,sfd-091-221,normal,Buhru Captain,SFD,Common,0.05,,0.05,1,33.695,1.68
2026-10-05,sfd-091-221,foil,Buhru Captain,SFD,Common,0.17,,0.17,1,33.695,5.73
2026-10-05,sfd-092-221,normal,Combat Chef,SFD,Common,0.04,,0.04,1,33.695,1.35
2026-10-05,sfd-092-221,foil,Combat Chef,SFD,Common,0.12,,0.12,1,33.695,4.04
2026-10-05,sfd-093-221,normal,Dauntless Vanguard,SFD,Common,0.06,,0.06,1,33.695,2.02
2026-10-05,sfd-093-221,foil,Dauntless Vanguard,SFD,Common,0.14,,0.14,1,33.695,4.72
2026-10-05,sfd-094-221,normal,Direwing,SFD,Common,0.09,,0.09,1,33.695,3.03
2026-10-05,sfd-094-221,foil,Direwing,SFD,Common,0.22,,0.22,1,33.695,7.41
2026-10-05,sfd-095-221,normal,Doran's Blade,SFD,Common,0.11,,0.11,1,33.695,3.71
2026-10-05,sfd-095-221,foil,Doran's Blade,SFD,Common,0.26,,0.26,1,33.695,8.76
2026-10-05,sfd-096-221,normal,Laurent Bladekeeper,SFD,Common,0.08,,0.08,1,33.695,2.7
2026-10-05,sfd-096-221,foil,Laurent Bladekeeper,SFD,Common,0.15,,0.15,1,33.695,5.05
2026-10-05,sfd-097-221,normal,Punch First,SFD,Common,0.21,,0.21,1,33.695,7.08
2026-10-05,sfd-097-221,foil,Punch First,SFD,Common,2.55,,2.55,1,33.695,85.92
2026-10-05,sfd-098-221,normal,Sea Monkey,SFD,Common,0.09,,0.09,1,33.695,3.03
2026-10-05,sfd-098-221,foil,Sea Monkey,SFD,Common,0.24,,0.24,1,33.695,8.09
2026-10-05,sfd-099-221,normal,Veteran Poro,SFD,Common,0.06,,0.06,1,33.695,2.02
2026-10-05,sfd-099-221,foil,Veteran Poro,SFD,Common,0.24,,0.24,1,33.695,8.09
2026-10-05,sfd-100-221,normal,Yordle Explorer,SFD,Common,0.04,,0.04,1,33.695,1.35
2026-10-05,sfd-100-221,foil,Yordle Explorer,SFD,Common,0.14,,0.14,1,33.695,4.72
2026-10-05,sfd-101-221,normal,Fae Dragon,SFD,Uncommon,0.1,,0.1,1,33.695,3.37
2026-10-05,sfd-101-221,foil,Fae Dragon,SFD,Uncommon,0.34,,0.34,1,33.695,11.46
2026-10-05,sfd-102-221,normal,Hexdrinker,SFD,Uncommon,0.12,,0.12,1,33.695,4.04
2026-10-05,sfd-102-221,foil,Hexdrinker,SFD,Uncommon,0.29,,0.29,1,33.695,9.77
2026-10-05,sfd-103-221,normal,Jaull-Fish,SFD,Uncommon,0.08,,0.08,1,33.695,2.7
2026-10-05,sfd-103-221,foil,Jaull-Fish,SFD,Uncommon,0.27,,0.27,1,33.695,9.1
2026-10-05,sfd-104-221,normal,Petricite Monument,SFD,Uncommon,0.06,,0.06,1,33.695,2.02
2026-10-05,sfd-104-221,foil,Petricite Monument,SFD,Uncommon,0.2,,0.2,1,33.695,6.74
2026-10-05,sfd-105-221,normal,Ruin Runner,SFD,Uncommon,0.37,,0.37,1,33.695,12.47
2026-10-05,sfd-105-221,foil,Ruin Runner,SFD,Uncommon,2.83,,2.83,1,33.695,95.36
2026-10-05,sfd-106-221,normal,Show of Strength,SFD,Uncommon,0.13,,0.13,1,33.695,4.38
2026-10-05,sfd-106-221,foil,Show of Strength,SFD,Uncommon,0.39,,0.39,1,33.695,13.14
2026-10-05,sfd-107-221,normal,Strike Down,SFD,Uncommon,0.05,,0.05,1,33.695,1.68
2026-10-05,sfd-107-221,foil,Strike Down,SFD,Uncommon,0.27,,0.27,1,33.695,9.1
2026-10-05,sfd-108-221,normal,Warmog's Armor,SFD,Uncommon,0.1,,0.1,1,33.695,3.37
2026-10-05,sfd-108-221,foil,Warmog's Armor,SFD,Uncommon,0.25,,0.25,1,33.695,8.42
2026-10-05,sfd-109-221,foil,"Akshan, Mischievous",SFD,Rare,0.71,,0.71,1,33.695,23.92
2026-10-05,sfd-110-221,foil,"Fiora, Peerless",SFD,Rare,0.27,,0.27,1,33.695,9.1
2026-10-05,sfd-110a-221,foil,"Fiora, Peerless (Alternate Art)",SFD,Showcase,3.14,,3.14,1,33.695,105.8
2026-10-05,sfd-111-221,foil,Here to Help,SFD,Rare,0.2,,0.2,1,33.695,6.74
2026-10-05,sfd-112-221,foil,Kato the Arm,SFD,Rare,0.16,,0.16,1,33.695,5.39
2026-10-05,sfd-113-221,foil,"Lucian, Merciless",SFD,Rare,0.26,,0.26,1,33.695,8.76
2026-10-05,sfd-113a-221,foil,"Lucian, Merciless (Alternate Art)",SFD,Showcase,3.51,,3.51,1,33.695,118.27
2026-10-05,sfd-114-221,foil,Marching Orders,SFD,Rare,0.17,,0.17,1,33.695,5.73
2026-10-05,sfd-115-221,foil,Trinity Force,SFD,Rare,0.29,,0.29,1,33.695,9.77
2026-10-05,sfd-116-221,foil,"Yone, Blademaster",SFD,Rare,0.2,,0.2,1,33.695,6.74
2026-10-05,sfd-117-221,foil,Ancient Henge,SFD,Epic,1.15,,1.15,1,33.695,38.75
2026-10-05,sfd-118-221,foil,Boneshiver,SFD,Epic,2.91,,2.91,1,33.695,98.05
2026-10-05,sfd-119-221,foil,"Jax, Unrelenting",SFD,Epic,0.75,,0.75,1,33.695,25.27
2026-10-05,sfd-119a-221,foil,"Jax, Unrelenting (Alternate Art)",SFD,Showcase,1.26,,1.26,1,33.695,42.46
2026-10-05,sfd-120-221,foil,"Sivir, Ambitious",SFD,Epic,0.46,,0.46,1,33.695,15.5
2026-10-05,sfd-120a-221,foil,"Sivir, Ambitious (Alternate Art)",SFD,Showcase,1.5,,1.5,1,33.695,50.54
2026-10-05,sfd-121-221,normal,Black Market Broker,SFD,Common,0.05,,0.05,1,33.695,1.68
2026-10-05,sfd-121-221,foil,Black Market Broker,SFD,Common,0.18,,0.18,1,33.695,6.07
2026-10-05,sfd-122-221,normal,Called Shot,SFD,Common,0.06,,0.06,1,33.695,2.02
2026-10-05,sfd-122-221,foil,Called Shot,SFD,Common,0.45,,0.45,1,33.695,15.16
2026-10-05,sfd-123-221,normal,Corrupt Enforcer,SFD,Common,0.05,,0.05,1,33.695,1.68
2026-10-05,sfd-123-221,foil,Corrupt Enforcer,SFD,Common,0.14,,0.14,1,33.695,4.72
2026-10-05,sfd-124-221,normal,Doran's Ring,SFD,Common,0.08,,0.08,1,33.695,2.7
2026-10-05,sfd-124-221,foil,Doran's Ring,SFD,Common,0.18,,0.18,1,33.695,6.07
2026-10-05,sfd-125-221,normal,Fae Porter,SFD,Common,0.06,,0.06,1,33.695,2.02
2026-10-05,sfd-125-221,foil,Fae Porter,SFD,Common,0.22,,0.22,1,33.695,7.41
2026-10-05,sfd-126-221,normal,Loyal Pup,SFD,Common,0.05,,0.05,1,33.695,1.68
2026-10-05,sfd-126-221,foil,Loyal Pup,SFD,Common,0.21,,0.21,1,33.695,7.08
2026-10-05,sfd-127-221,normal,Master Bingwen,SFD,Common,0.03,,0.03,1,33.695,1.01
2026-10-05,sfd-127-221,foil,Master Bingwen,SFD,Common,0.14,,0.14,1,33.695,4.72
2026-10-05,sfd-128-221,normal,Overzealous Fan,SFD,Common,0.15,,0.15,1,33.695,5.05
2026-10-05,sfd-128-221,foil,Overzealous Fan,SFD,Common,0.32,,0.32,1,33.695,10.78
2026-10-05,sfd-129-221,normal,Temptation,SFD,Common,0.06,,0.06,1,33.695,2.02
2026-10-05,sfd-129-221,foil,Temptation,SFD,Common,0.17,,0.17,1,33.695,5.73
2026-10-05,sfd-130-221,normal,Treasure Hunter,SFD,Common,0.14,,0.14,1,33.695,4.72
2026-10-05,sfd-130-221,foil,Treasure Hunter,SFD,Common,0.39,,0.39,1,33.695,13.14
2026-10-05,sfd-131-221,normal,Ancient Warmonger,SFD,Uncommon,0.1,,0.1,1,33.695,3.37
2026-10-05,sfd-131-221,foil,Ancient Warmonger,SFD,Uncommon,0.22,,0.22,1,33.695,7.41
2026-10-05,sfd-132-221,normal,Beast Below,SFD,Uncommon,0.11,,0.11,1,33.695,3.71
2026-10-05,sfd-132-221,foil,Beast Below,SFD,Uncommon,0.28,,0.28,1,33.695,9.43
2026-10-05,sfd-133-221,normal,Boots of Swiftness,SFD,Uncommon,0.54,,0.54,1,33.695,18.2
2026-10-05,sfd-133-221,foil,Boots of Swiftness,SFD,Uncommon,2.99,,2.99,1,33.695,100.75
2026-10-05,sfd-134-221,normal,Cull,SFD,Uncommon,0.11,,0.11,1,33.695,3.71
2026-10-05,sfd-134-221,foil,Cull,SFD,Uncommon,0.36,,0.36,1,33.695,12.13
2026-10-05,sfd-135-221,normal,Factory Recall,SFD,Uncommon,0.11,,0.11,1,33.695,3.71
2026-10-05,sfd-135-221,foil,Factory Recall,SFD,Uncommon,0.35,,0.35,1,33.695,11.79
2026-10-05,sfd-136-221,normal,Hard Bargain,SFD,Uncommon,0.93,,0.93,1,33.695,31.34
2026-10-05,sfd-136-221,foil,Hard Bargain,SFD,Uncommon,3.78,,3.78,1,33.695,127.37
2026-10-05,sfd-137-221,normal,Harpoon Squad,SFD,Uncommon,0.08,,0.08,1,33.695,2.7
2026-10-05,sfd-137-221,foil,Harpoon Squad,SFD,Uncommon,0.28,,0.28,1,33.695,9.43
2026-10-05,sfd-138-221,normal,Windsinger,SFD,Uncommon,0.21,,0.21,1,33.695,7.08
2026-10-05,sfd-138-221,foil,Windsinger,SFD,Uncommon,0.49,,0.49,1,33.695,16.51
2026-10-05,sfd-139-221,foil,Edge of Night,SFD,Rare,0.39,,0.39,1,33.695,13.14
2026-10-05,sfd-140-221,foil,"Fizz, Trickster",SFD,Rare,4.76,,4.76,1,33.695,160.39
2026-10-05,sfd-141-221,foil,"Irelia, Graceful",SFD,Rare,0.19,,0.19,1,33.695,6.4
2026-10-05,sfd-141a-221,foil,"Irelia, Graceful (Alternate Art)",SFD,Showcase,1.66,,1.66,1,33.695,55.93
2026-10-05,sfd-142-221,foil,Jae Medarda,SFD,Rare,0.13,,0.13,1,33.695,4.38
2026-10-05,sfd-143-221,foil,"Sivir, Mercenary",SFD,Rare,0.2,,0.2,1,33.695,6.74
2026-10-05,sfd-143a-221,foil,"Sivir, Mercenary (Alternate Art)",SFD,Showcase,1.06,,1.06,1,33.695,35.72
2026-10-05,sfd-144-221,foil,Spirit Wheel,SFD,Rare,0.16,,0.16,1,33.695,5.39
2026-10-05,sfd-145-221,foil,Switcheroo,SFD,Rare,3.22,,3.22,1,33.695,108.5
2026-10-05,sfd-146-221,foil,"Vex, Cheerless",SFD,Rare,0.26,,0.26,1,33.695,8.76
2026-10-05,sfd-147-221,foil,Downwell,SFD,Epic,3.72,,3.72,1,33.695,125.35
2026-10-05,sfd-148-221,foil,"Draven, Audacious",SFD,Epic,1.14,,1.14,1,33.695,38.41
2026-10-05,sfd-148a-221,foil,"Draven, Audacious (Alternate Art)",SFD,Showcase,2.08,,2.08,1,33.695,70.09
2026-10-05,sfd-149-221,foil,"Ezreal, Prodigy",SFD,Epic,10.21,,10.21,1,33.695,344.03
2026-10-05,sfd-149a-221,foil,"Ezreal, Prodigy (Alternate Art)",SFD,Showcase,10.28,,10.28,1,33.695,346.38
2026-10-05,sfd-150-221,foil,Last Rites,SFD,Epic,32.65,,32.65,1,33.695,1100.14
2026-10-05,sfd-151-221,normal,Bonds of Strength,SFD,Common,0.08,,0.08,1,33.695,2.7
2026-10-05,sfd-151-221,foil,Bonds of Strength,SFD,Common,0.2,,0.2,1,33.695,6.74
2026-10-05,sfd-152-221,normal,Eminent Benefactor,SFD,Common,0.04,,0.04,1,33.695,1.35
2026-10-05,sfd-152-221,foil,Eminent Benefactor,SFD,Common,0.18,,0.18,1,33.695,6.07
2026-10-05,sfd-153-221,normal,Eye of the Herald,SFD,Common,0.09,,0.09,1,33.695,3.03
2026-10-05,sfd-153-221,foil,Eye of the Herald,SFD,Common,0.27,,0.27,1,33.695,9.1
2026-10-05,sfd-154-221,normal,Guards!,SFD,Common,0.08,,0.08,1,33.695,2.7
2026-10-05,sfd-154-221,foil,Guards!,SFD,Common,0.23,,0.23,1,33.695,7.75
2026-10-05,sfd-155-221,normal,Honest Broker,SFD,Common,0.14,,0.14,1,33.695,4.72
2026-10-05,sfd-155-221,foil,Honest Broker,SFD,Common,0.44,,0.44,1,33.695,14.83
2026-10-05,sfd-156-221,normal,Laurent Duelist,SFD,Common,0.03,,0.03,1,33.695,1.01
2026-10-05,sfd-156-221,foil,Laurent Duelist,SFD,Common,0.17,,0.17,1,33.695,5.73
2026-10-05,sfd-157-221,normal,Royal Guard,SFD,Common,0.07,,0.07,1,33.695,2.36
2026-10-05,sfd-157-221,foil,Royal Guard,SFD,Common,0.16,,0.16,1,33.695,5.39
2026-10-05,sfd-158-221,normal,Sandshifter,SFD,Common,0.05,,0.05,1,33.695,1.68
2026-10-05,sfd-158-221,foil,Sandshifter,SFD,Common,0.17,,0.17,1,33.695,5.73
2026-10-05,sfd-159-221,normal,Trusty Ramhound,SFD,Common,0.07,,0.07,1,33.695,2.36
2026-10-05,sfd-159-221,foil,Trusty Ramhound,SFD,Common,0.21,,0.21,1,33.695,7.08
2026-10-05,sfd-160-221,normal,Zaun Punk,SFD,Common,0.08,,0.08,1,33.695,2.7
2026-10-05,sfd-160-221,foil,Zaun Punk,SFD,Common,0.2,,0.2,1,33.695,6.74
2026-10-05,sfd-161-221,normal,B.F. Sword,SFD,Uncommon,0.37,,0.37,1,33.695,12.47
2026-10-05,sfd-161-221,foil,B.F. Sword,SFD,Uncommon,1.55,,1.55,1,33.695,52.23
2026-10-05,sfd-162-221,normal,Blood Money,SFD,Uncommon,0.13,,0.13,1,33.695,4.38
2026-10-05,sfd-162-221,foil,Blood Money,SFD,Uncommon,0.29,,0.29,1,33.695,9.77
2026-10-05,sfd-163-221,normal,Deathgrip,SFD,Uncommon,0.54,,0.54,1,33.695,18.2
2026-10-05,sfd-163-221,foil,Deathgrip,SFD,Uncommon,2.34,,2.34,1,33.695,78.85
2026-10-05,sfd-164-221,normal,Drag Under,SFD,Uncommon,0.16,,0.16,1,33.695,5.39
2026-10-05,sfd-164-221,foil,Drag Under,SFD,Uncommon,0.42,,0.42,1,33.695,14.15
2026-10-05,sfd-165-221,normal,Glasc Mixologist,SFD,Uncommon,0.25,,0.25,1,33.695,8.42
2026-10-05,sfd-165-221,foil,Glasc Mixologist,SFD,Uncommon,2.11,,2.11,1,33.695,71.1
2026-10-05,sfd-166-221,normal,Rally the Troops,SFD,Uncommon,0.21,,0.21,1,33.695,7.08
2026-10-05,sfd-166-221,foil,Rally the Troops,SFD,Uncommon,0.39,,0.39,1,33.695,13.14
2026-10-05,sfd-167-221,normal,Unsung Hero,SFD,Uncommon,0.13,,0.13,1,33.695,4.38
2026-10-05,sfd-167-221,foil,Unsung Hero,SFD,Uncommon,0.36,,0.36,1,33.695,12.13
2026-10-05,sfd-168-221,normal,Vanguard Armory,SFD,Uncommon,0.21,,0.21,1,33.695,7.08
2026-10-05,sfd-168-221,foil,Vanguard Armory,SFD,Uncommon,0.92,,0.92,1,33.695,31
2026-10-05,sfd-169-221,foil,Altar of Memories,SFD,Rare,0.16,,0.16,1,33.695,5.39
2026-10-05,sfd-170-221,foil,"Rek'Sai, Swarm Queen",SFD,Rare,0.23,,0.23,1,33.695,7.75
2026-10-05,sfd-170a-221,foil,"Rek'Sai, Swarm Queen (Alternate Art)",SFD,Showcase,0.87,,0.87,1,33.695,29.31
2026-10-05,sfd-171-221,foil,"Renata Glasc, Industrialist",SFD,Rare,0.24,,0.24,1,33.695,8.09
2026-10-05,sfd-171a-221,foil,"Renata Glasc, Industrialist (Alternate Art)",SFD,Showcase,1.19,,1.19,1,33.695,40.1
2026-10-05,sfd-172-221,foil,Sacred Shears,SFD,Rare,0.21,,0.21,1,33.695,7.08
2026-10-05,sfd-173-221,foil,"Soraka, Wanderer",SFD,Rare,0.24,,0.24,1,33.695,8.09
2026-10-05,sfd-174-221,foil,Trove Golem,SFD,Rare,0.18,,0.18,1,33.695,6.07
2026-10-05,sfd-175-221,foil,Undertitan,SFD,Rare,0.29,,0.29,1,33.695,9.77
2026-10-05,sfd-176-221,foil,"Xin Zhao, Vigilant",SFD,Rare,0.62,,0.62,1,33.695,20.89
2026-10-05,sfd-177-221,foil,"Azir, Sovereign",SFD,Epic,9.19,,9.19,1,33.695,309.66
2026-10-05,sfd-177a-221,foil,"Azir, Sovereign (Alternate Art)",SFD,Showcase,8.32,,8.32,1,33.695,280.34
2026-10-05,sfd-178-221,foil,Blade of the Ruined King,SFD,Epic,5.58,,5.58,1,33.695,188.02
2026-10-05,sfd-179-221,foil,Corina Veraza,SFD,Epic,10.59,,10.59,1,33.695,356.83
2026-10-05,sfd-180-221,foil,"Fiora, Worthy",SFD,Epic,0.63,,0.63,1,33.695,21.23
2026-10-05,sfd-180a-221,foil,"Fiora, Worthy (Alternate Art)",SFD,Showcase,6.38,,6.38,1,33.695,214.97
2026-10-05,sfd-181-221,foil,"Rumble, Mechanized Menace",SFD,Rare,0.18,,0.18,1,33.695,6.07
2026-10-05,sfd-182-221,foil,Danger Zone,SFD,Epic,0.42,,0.42,1,33.695,14.15
2026-10-05,sfd-183-221,foil,"Lucian, Purifier",SFD,Rare,0.17,,0.17,1,33.695,5.73
2026-10-05,sfd-184-221,foil,Relentless Pursuit,SFD,Epic,1.38,,1.38,1,33.695,46.5
2026-10-05,sfd-185-221,foil,"Draven, Glorious Executioner",SFD,Rare,0.2,,0.2,1,33.695,6.74
2026-10-05,sfd-186-221,foil,Spinning Axe,SFD,Epic,1.86,,1.86,1,33.695,62.67
2026-10-05,sfd-187-221,foil,"Rek'sai, Void Burrower",SFD,Rare,0.15,,0.15,1,33.695,5.05
2026-10-05,sfd-188-221,foil,Void Rush,SFD,Epic,8.83,,8.83,1,33.695,297.53
2026-10-05,sfd-189-221,foil,"Ornn, Fire Below the Mountain",SFD,Rare,0.18,,0.18,1,33.695,6.07
2026-10-05,sfd-190-221,foil,Forgefire Cape,SFD,Epic,0.41,,0.41,1,33.695,13.81
2026-10-05,sfd-191-221,foil,Rabadon's Deathcrown,SFD,Epic,0.33,,0.33,1,33.695,11.12
2026-10-05,sfd-192-221,foil,Shurelya's Requiem,SFD,Epic,0.5,,0.5,1,33.695,16.85
2026-10-05,sfd-193-221,foil,"Jax, Grandmaster At Arms",SFD,Rare,0.15,,0.15,1,33.695,5.05
2026-10-05,sfd-194-221,foil,Counter Strike,SFD,Epic,0.88,,0.88,1,33.695,29.65
2026-10-05,sfd-195-221,foil,"Irelia, Blade Dancer",SFD,Rare,0.22,,0.22,1,33.695,7.41
2026-10-05,sfd-196-221,foil,Defiant Dance,SFD,Epic,19.09,,19.09,1,33.695,643.24
2026-10-05,sfd-197-221,foil,"Azir, Emperor of the Sands",SFD,Rare,0.23,,0.23,1,33.695,7.75
2026-10-05,sfd-198-221,foil,Arise!,SFD,Epic,26.47,,26.47,1,33.695,891.91
2026-10-05,sfd-199-221,foil,"Ezreal, Prodigal Explorer",SFD,Rare,0.19,,0.19,1,33.695,6.4
2026-10-05,sfd-200-221,foil,Arcane Shift,SFD,Epic,0.79,,0.79,1,33.695,26.62
2026-10-05,sfd-201-221,foil,"Renata Glasc, Chem-Baroness",SFD,Rare,0.19,,0.19,1,33.695,6.4
2026-10-05,sfd-202-221,foil,Hostile Takeover,SFD,Epic,1.15,,1.15,1,33.695,38.75
2026-10-05,sfd-203-221,foil,"Sivir, Battle Mistress",SFD,Rare,0.25,,0.25,1,33.695,8.42
2026-10-05,sfd-204-221,foil,On the Hunt,SFD,Epic,0.53,,0.53,1,33.695,17.86
2026-10-05,sfd-205-221,foil,"Fiora, Grand Duelist",SFD,Rare,0.19,,0.19,1,33.695,6.4
2026-10-05,sfd-206-221,foil,Riposte,SFD,Epic,4.65,,4.65,1,33.695,156.68
2026-10-05,sfd-207-221,normal,Emperor's Dais,SFD,Uncommon,0.13,,0.13,1,33.695,4.38
2026-10-05,sfd-207-221,foil,Emperor's Dais,SFD,Uncommon,0.41,,0.41,1,33.695,13.81
2026-10-05,sfd-208-221,normal,Forge of the Fluft,SFD,Uncommon,0.1,,0.1,1,33.695,3.37
2026-10-05,sfd-208-221,foil,Forge of the Fluft,SFD,Uncommon,0.29,,0.29,1,33.695,9.77
2026-10-05,sfd-209-221,normal,Forgotten Monument,SFD,Uncommon,0.1,,0.1,1,33.695,3.37
2026-10-05,sfd-209-221,foil,Forgotten Monument,SFD,Uncommon,0.4,,0.4,1,33.695,13.48
2026-10-05,sfd-210-221,normal,Hall of Legends,SFD,Uncommon,0.15,,0.15,1,33.695,5.05
2026-10-05,sfd-210-221,foil,Hall of Legends,SFD,Uncommon,0.48,,0.48,1,33.695,16.17
2026-10-05,sfd-211-221,normal,Marai Spire,SFD,Uncommon,0.08,,0.08,1,33.695,2.7
2026-10-05,sfd-211-221,foil,Marai Spire,SFD,Uncommon,0.32,,0.32,1,33.695,10.78
2026-10-05,sfd-212-221,normal,Minefield,SFD,Uncommon,0.12,,0.12,1,33.695,4.04
2026-10-05,sfd-212-221,foil,Minefield,SFD,Uncommon,0.35,,0.35,1,33.695,11.79
2026-10-05,sfd-213-221,normal,Ornn's Forge,SFD,Uncommon,0.1,,0.1,1,33.695,3.37
2026-10-05,sfd-213-221,foil,Ornn's Forge,SFD,Uncommon,0.35,,0.35,1,33.695,11.79
2026-10-05,sfd-214-221,normal,Power Nexus,SFD,Uncommon,0.14,,0.14,1,33.695,4.72
2026-10-05,sfd-214-221,foil,Power Nexus,SFD,Uncommon,0.35,,0.35,1,33.695,11.79
2026-10-05,sfd-215-221,normal,Ravenbloom Conservatory,SFD,Uncommon,0.12,,0.12,1,33.695,4.04
2026-10-05,sfd-215-221,foil,Ravenbloom Conservatory,SFD,Uncommon,0.53,,0.53,1,33.695,17.86
2026-10-05,sfd-216-221,normal,Rockfall Path,SFD,Uncommon,0.17,,0.17,1,33.695,5.73
2026-10-05,sfd-216-221,foil,Rockfall Path,SFD,Uncommon,0.63,,0.63,1,33.695,21.23
2026-10-05,sfd-217-221,normal,Seat of Power,SFD,Uncommon,0.19,,0.19,1,33.695,6.4
2026-10-05,sfd-217-221,foil,Seat of Power,SFD,Uncommon,0.62,,0.62,1,33.695,20.89
2026-10-05,sfd-218-221,normal,Sunken Temple,SFD,Uncommon,0.19,,0.19,1,33.695,6.4
2026-10-05,sfd-218-221,foil,Sunken Temple,SFD,Uncommon,0.66,,0.66,1,33.695,22.24
2026-10-05,sfd-219-221,normal,The Papertree,SFD,Uncommon,0.1,,0.1,1,33.695,3.37
2026-10-05,sfd-219-221,foil,The Papertree,SFD,Uncommon,0.39,,0.39,1,33.695,13.14
2026-10-05,sfd-220-221,normal,Treasure Hoard,SFD,Uncommon,0.11,,0.11,1,33.695,3.71
2026-10-05,sfd-220-221,foil,Treasure Hoard,SFD,Uncommon,0.37,,0.37,1,33.695,12.47
2026-10-05,sfd-221-221,normal,Veiled Temple,SFD,Uncommon,0.11,,0.11,1,33.695,3.71
2026-10-05,sfd-221-221,foil,Veiled Temple,SFD,Uncommon,0.41,,0.41,1,33.695,13.81
2026-10-05,sfd-222-221,foil,Seal of Rage (Overnumbered),SFD,Showcase,65.81,,65.81,1,33.695,2217.47
2026-10-05,sfd-223-221,foil,"Vayne, Hunter (Overnumbered)",SFD,Showcase,204.34,,204.34,1,33.695,6885.24
2026-10-05,sfd-223*-221,foil,"Vayne, Hunter (Signature)",SFD,Showcase,1224.22,,1224.22,1,33.695,41250.09
2026-10-05,sfd-224-221,foil,"Aphelios, Exalted (Overnumbered)",SFD,Showcase,77.67,,77.67,1,33.695,2617.09
2026-10-05,sfd-224*-221,foil,"Aphelios, Exalted (Signature)",SFD,Showcase,567.87,,567.87,1,33.695,19134.38
2026-10-05,sfd-225-221,foil,"Irelia, Fervent (Overnumbered)",SFD,Showcase,385.39,,385.39,1,33.695,12985.72
2026-10-05,sfd-225*-221,foil,"Irelia, Fervent (Signature)",SFD,Showcase,1572.06,,1572.06,1,33.695,52970.56
2026-10-05,sfd-226-221,foil,Seal of Focus (Overnumbered),SFD,Showcase,67.25,,67.25,1,33.695,2265.99
2026-10-05,sfd-227-221,foil,"Ahri, Inquisitive (Overnumbered)",SFD,Showcase,663.31,,663.31,1,33.695,22350.23
2026-10-05,sfd-227*-221,foil,"Ahri, Inquisitive (Signature)",SFD,Showcase,3334.49,,3334.49,1,33.695,112355.64
2026-10-05,sfd-228-221,foil,"Bard, Mercurial (Overnumbered)",SFD,Showcase,72.01,,72.01,1,33.695,2426.38
2026-10-05,sfd-228*-221,foil,"Bard, Mercurial (Signature)",SFD,Showcase,456.57,,456.57,1,33.695,15384.13
2026-10-05,sfd-229-221,foil,Seal of Insight (Overnumbered),SFD,Showcase,51.41,,51.41,1,33.695,1732.26
2026-10-05,sfd-230-221,foil,"Teemo, Strategist (Overnumbered)",SFD,Showcase,147.05,,147.05,1,33.695,4954.85
2026-10-05,sfd-230*-221,foil,"Teemo, Strategist (Signature)",SFD,Showcase,747.54,,747.54,1,33.695,25188.36
2026-10-05,sfd-231-221,foil,Seal of Strength (Overnumbered),SFD,Showcase,43.59,,43.59,1,33.695,1468.77
2026-10-05,sfd-232-221,foil,"Sett, Brawler (Overnumbered)",SFD,Showcase,77.99,,77.99,1,33.695,2627.87
2026-10-05,sfd-232*-221,foil,"Sett, Brawler (Signature)",SFD,Showcase,489.25,,489.25,1,33.695,16485.28
2026-10-05,sfd-233-221,foil,"Yone, Blademaster (Overnumbered)",SFD,Showcase,80.92,,80.92,1,33.695,2726.6
2026-10-05,sfd-233*-221,foil,"Yone, Blademaster (Signature)",SFD,Showcase,606.22,,606.22,1,33.695,20426.58
2026-10-05,sfd-234-221,foil,Seal of Discord (Overnumbered),SFD,Showcase,102.67,,102.67,1,33.695,3459.47
2026-10-05,sfd-235-221,foil,"Yasuo, Windrider (Overnumbered)",SFD,Showcase,62.79,,62.79,1,33.695,2115.71
2026-10-05,sfd-235*-221,foil,"Yasuo, Windrider (Signature)",SFD,Showcase,546.54,,546.54,1,33.695,18415.67
2026-10-05,sfd-236-221,foil,"Darius, Executioner (Overnumbered)",SFD,Showcase,50.2,,50.2,1,33.695,1691.49
2026-10-05,sfd-236*-221,foil,"Darius, Executioner (Signature)",SFD,Showcase,401.93,,401.93,1,33.695,13543.03
2026-10-05,sfd-237-221,foil,"Karma, Channeler (Overnumbered)",SFD,Showcase,48.34,,48.34,1,33.695,1628.82
2026-10-05,sfd-237*-221,foil,"Karma, Channeler (Signature)",SFD,Showcase,320.02,,320.02,1,33.695,10783.07
2026-10-05,sfd-238-221,foil,Seal of Unity (Overnumbered),SFD,Showcase,55.34,,55.34,1,33.695,1864.68
2026-10-05,sfd-239-221,foil,"Soraka, Wanderer (Overnumbered)",SFD,Showcase,135.9,,135.9,1,33.695,4579.15
2026-10-05,sfd-239*-221,foil,"Soraka, Wanderer (Signature)",SFD,Showcase,897.53,,897.53,1,33.695,30242.27
2026-10-05,sfd-240-221,foil,"Rumble, Mechanized Menace (Overnumbered)",SFD,Showcase,49.56,,49.56,1,33.695,1669.92
2026-10-05,sfd-241-221,foil,"Lucian, Purifier (Overnumbered)",SFD,Showcase,65.24,,65.24,1,33.695,2198.26
2026-10-05,sfd-242-221,foil,"Draven, Glorious Executioner (Overnumbered)",SFD,Showcase,93.28,,93.28,1,33.695,3143.07
2026-10-05,sfd-243-221,foil,"Rek'sai, Void Burrower (Overnumbered)",SFD,Showcase,98.28,,98.28,1,33.695,3311.54
2026-10-05,sfd-244-221,foil,"Ornn, Fire Below the Mountain (Overnumbered)",SFD,Showcase,90.09,,90.09,1,33.695,3035.58
2026-10-05,sfd-245-221,foil,"Jax, Grandmaster At Arms (Overnumbered)",SFD,Showcase,60.99,,60.99,1,33.695,2055.06
2026-10-05,sfd-246-221,foil,"Irelia, Blade Dancer (Overnumbered)",SFD,Showcase,169.64,,169.64,1,33.695,5716.02
2026-10-05,sfd-247-221,foil,"Azir, Emperor of the Sands (Overnumbered)",SFD,Showcase,125.11,,125.11,1,33.695,4215.58
2026-10-05,sfd-248-221,foil,"Ezreal, Prodigal Explorer (Overnumbered)",SFD,Showcase,114.97,,114.97,1,33.695,3873.91
2026-10-05,sfd-249-221,foil,"Renata Glasc, Chem-Baroness (Overnumbered)",SFD,Showcase,48.89,,48.89,1,33.695,1647.35
2026-10-05,sfd-250-221,foil,"Sivir, Battle Mistress (Overnumbered)",SFD,Showcase,55.1,,55.1,1,33.695,1856.59
2026-10-05,sfd-251-221,foil,"Fiora, Grand Duelist (Overnumbered)",SFD,Showcase,111.68,,111.68,1,33.695,3763.06
2026-10-05,sfd-r01,normal,Fury Rune,SFD,Common,0.08,,0.08,1,33.695,2.7
2026-10-05,sfd-r01a,foil,Fury Rune (Alternate Art),SFD,Showcase,2.45,,2.45,1,33.695,82.55
2026-10-05,sfd-r01b,foil,Fury Rune,SFD,Promo,11.1,,11.1,1,33.695,374.01
2026-10-05,sfd-r02,normal,Calm Rune,SFD,Common,0.11,,0.11,1,33.695,3.71
2026-10-05,sfd-r02a,foil,Calm Rune (Alternate Art),SFD,Showcase,4.97,,4.97,1,33.695,167.46
2026-10-05,sfd-r02b,foil,Calm Rune,SFD,Promo,16.92,,16.92,1,33.695,570.12
2026-10-05,sfd-r03,normal,Mind Rune,SFD,Common,0.11,,0.11,1,33.695,3.71
2026-10-05,sfd-r03a,foil,Mind Rune (Alternate Art),SFD,Showcase,4.81,,4.81,1,33.695,162.07
2026-10-05,sfd-r03b,foil,Mind Rune,SFD,Promo,14.21,,14.21,1,33.695,478.81
2026-10-05,sfd-r04,normal,Body Rune,SFD,Common,0.16,,0.16,1,33.695,5.39
2026-10-05,sfd-r04a,foil,Body Rune (Alternate Art),SFD,Showcase,2.92,,2.92,1,33.695,98.39
2026-10-05,sfd-r04b,foil,Body Rune,SFD,Promo,5.71,,5.71,1,33.695,192.4
2026-10-05,sfd-r05,normal,Chaos Rune,SFD,Common,0.1,,0.1,1,33.695,3.37
2026-10-05,sfd-r05a,foil,Chaos Rune (Alternate Art),SFD,Showcase,5.23,,5.23,1,33.695,176.22
2026-10-05,sfd-r05b,foil,Chaos Rune,SFD,Promo,15.56,,15.56,1,33.695,524.29
2026-10-05,sfd-r06,normal,Order Rune,SFD,Common,0.12,,0.12,1,33.695,4.04
2026-10-05,sfd-r06a,foil,Order Rune (Alternate Art),SFD,Showcase,4.78,,4.78,1,33.695,161.06
2026-10-05,sfd-r06b,foil,Order Rune,SFD,Promo,8.19,,8.19,1,33.695,275.96
2026-10-05,sfd-t03,normal,Gold // Buff,SFD,Common,0.13,,0.13,1,33.695,4.38
2026-10-05,sgn-001-003,foil,"Lillia, Bashful Bloom",SGN,Promo,126.59,,126.59,1,33.695,4265.45
2026-10-05,sgn-002-003,foil,"Ivern, Green Father",SGN,Promo,54.47,,54.47,1,33.695,1835.37
2026-10-05,sgn-003-003,foil,Ultrasoft Poro,SGN,Promo,125.24,,125.24,1,33.695,4219.96
2026-10-05,unl-001-219,normal,Arena Kingpin,UNL,Common,0.07,,0.07,1,33.695,2.36
2026-10-05,unl-001-219,foil,Arena Kingpin,UNL,Common,0.15,,0.15,1,33.695,5.05
2026-10-05,unl-002-219,normal,Inferna,UNL,Common,0.12,,0.12,1,33.695,4.04
2026-10-05,unl-002-219,foil,Inferna,UNL,Common,0.39,,0.39,1,33.695,13.14
2026-10-05,unl-003-219,normal,Mischievous Marai,UNL,Common,0.08,,0.08,1,33.695,2.7
2026-10-05,unl-003-219,foil,Mischievous Marai,UNL,Common,0.24,,0.24,1,33.695,8.09
2026-10-05,unl-004-219,normal,Prepared Neophyte,UNL,Common,0.05,,0.05,1,33.695,1.68
2026-10-05,unl-004-219,foil,Prepared Neophyte,UNL,Common,0.16,,0.16,1,33.695,5.39
2026-10-05,unl-005-219,normal,Revna the Lorekeeper,UNL,Common,0.06,,0.06,1,33.695,2.02
2026-10-05,unl-005-219,foil,Revna the Lorekeeper,UNL,Common,0.16,,0.16,1,33.695,5.39
2026-10-05,unl-006-219,normal,Sharkling,UNL,Common,0.08,,0.08,1,33.695,2.7
2026-10-05,unl-006-219,foil,Sharkling,UNL,Common,0.26,,0.26,1,33.695,8.76
2026-10-05,unl-007-219,normal,Smite,UNL,Common,0.09,,0.09,1,33.695,3.03
2026-10-05,unl-007-219,foil,Smite,UNL,Common,0.17,,0.17,1,33.695,5.73
2026-10-05,unl-008-219,normal,Towering Pairofant,UNL,Common,0.04,,0.04,1,33.695,1.35
2026-10-05,unl-008-219,foil,Towering Pairofant,UNL,Common,0.08,,0.08,1,33.695,2.7
2026-10-05,unl-009-219,normal,Upstage Comedy,UNL,Common,0.07,,0.07,1,33.695,2.36
2026-10-05,unl-009-219,foil,Upstage Comedy,UNL,Common,0.26,,0.26,1,33.695,8.76
2026-10-05,unl-010-219,normal,Vault Breaker,UNL,Common,0.1,,0.1,1,33.695,3.37
2026-10-05,unl-010-219,foil,Vault Breaker,UNL,Common,0.21,,0.21,1,33.695,7.08
2026-10-05,unl-011-219,normal,Fresh Beans,UNL,Uncommon,0.09,,0.09,1,33.695,3.03
2026-10-05,unl-011-219,foil,Fresh Beans,UNL,Uncommon,0.25,,0.25,1,33.695,8.42
2026-10-05,unl-012-219,normal,Lord Broadmane,UNL,Uncommon,0.07,,0.07,1,33.695,2.36
2026-10-05,unl-012-219,foil,Lord Broadmane,UNL,Uncommon,0.26,,0.26,1,33.695,8.76
2026-10-05,unl-013-219,normal,Lotus Trap,UNL,Uncommon,0.13,,0.13,1,33.695,4.38
2026-10-05,unl-013-219,foil,Lotus Trap,UNL,Uncommon,0.37,,0.37,1,33.695,12.47
2026-10-05,unl-014-219,normal,Monster Harpoon,UNL,Uncommon,0.1,,0.1,1,33.695,3.37
2026-10-05,unl-014-219,foil,Monster Harpoon,UNL,Uncommon,0.28,,0.28,1,33.695,9.43
2026-10-05,unl-015-219,normal,Right of Conquest,UNL,Uncommon,0.08,,0.08,1,33.695,2.7
2026-10-05,unl-015-219,foil,Right of Conquest,UNL,Uncommon,0.24,,0.24,1,33.695,8.09
2026-10-05,unl-016-219,normal,Scorchclaw,UNL,Uncommon,0.06,,0.06,1,33.695,2.02
2026-10-05,unl-016-219,foil,Scorchclaw,UNL,Uncommon,0.17,,0.17,1,33.695,5.73
2026-10-05,unl-017-219,normal,Square Up,UNL,Uncommon,0.08,,0.08,1,33.695,2.7
2026-10-05,unl-017-219,foil,Square Up,UNL,Uncommon,0.42,,0.42,1,33.695,14.15
2026-10-05,unl-018-219,normal,Yeti Brawler,UNL,Uncommon,0.06,,0.06,1,33.695,2.02
2026-10-05,unl-018-219,foil,Yeti Brawler,UNL,Uncommon,0.27,,0.27,1,33.695,9.1
2026-10-05,unl-019-219,foil,Blighted Battleaxe,UNL,Rare,0.39,,0.39,1,33.695,13.14
2026-10-05,unl-020-219,foil,Dancing Grenade,UNL,Rare,0.28,,0.28,1,33.695,9.43
2026-10-05,unl-021-219,foil,Grim Apothecary,UNL,Rare,0.3,,0.3,1,33.695,10.11
2026-10-05,unl-022-219,foil,"Jhin, Murderous Artist",UNL,Rare,0.3,,0.3,1,33.695,10.11
2026-10-05,unl-022a-219,foil,"Jhin, Murderous Artist (Alternate Art)",UNL,Rare,6.76,,6.76,1,33.695,227.78
2026-10-05,unl-023-219,foil,"Katarina, Reckless",UNL,Rare,0.23,,0.23,1,33.695,7.75
2026-10-05,unl-024-219,foil,"Rengar, Unseen",UNL,Rare,0.27,,0.27,1,33.695,9.1
2026-10-05,unl-024a-219,foil,"Rengar, Unseen (Alternate Art)",UNL,Rare,2.87,,2.87,1,33.695,96.7
2026-10-05,unl-025-219,foil,Undying Legion,UNL,Rare,0.12,,0.12,1,33.695,4.04
2026-10-05,unl-026-219,foil,"Xerath, Freed",UNL,Rare,0.15,,0.15,1,33.695,5.05
2026-10-05,unl-027-219,foil,Inviolus Vox,UNL,Epic,0.43,,0.43,1,33.695,14.49
2026-10-05,unl-028-219,foil,"Pyke, Dockside Butcher",UNL,Epic,15.21,,15.21,1,33.695,512.5
2026-10-05,unl-028a-219,foil,"Pyke, Dockside Butcher (Alternate Art)",UNL,Epic,18.45,,18.45,1,33.695,621.67
2026-10-05,unl-029-219,foil,Red Brambleback,UNL,Epic,0.94,,0.94,1,33.695,31.67
2026-10-05,unl-029a-219,foil,Red Brambleback (Alternate Art),UNL,Epic,2.6,,2.6,1,33.695,87.61
2026-10-05,unl-030-219,foil,"Vi, Hotheaded",UNL,Epic,0.28,,0.28,1,33.695,9.43
2026-10-05,unl-030a-219,foil,"Vi, Hotheaded (Alternate Art)",UNL,Epic,4.81,,4.81,1,33.695,162.07
2026-10-05,unl-031-219,normal,Combat Experience,UNL,Common,0.05,,0.05,1,33.695,1.68
2026-10-05,unl-031-219,foil,Combat Experience,UNL,Common,0.11,,0.11,1,33.695,3.71
2026-10-05,unl-032-219,normal,Double Trouble,UNL,Common,0.09,,0.09,1,33.695,3.03
2026-10-05,unl-032-219,foil,Double Trouble,UNL,Common,0.17,,0.17,1,33.695,5.73
2026-10-05,unl-033-219,normal,Frisky Hunter,UNL,Common,0.07,,0.07,1,33.695,2.36
2026-10-05,unl-033-219,foil,Frisky Hunter,UNL,Common,0.2,,0.2,1,33.695,6.74
2026-10-05,unl-034-219,normal,Herald of Spring,UNL,Common,0.05,,0.05,1,33.695,1.68
2026-10-05,unl-034-219,foil,Herald of Spring,UNL,Common,0.18,,0.18,1,33.695,6.07
2026-10-05,unl-035-219,normal,Monch,UNL,Common,0.07,,0.07,1,33.695,2.36
2026-10-05,unl-035-219,foil,Monch,UNL,Common,0.15,,0.15,1,33.695,5.05
2026-10-05,unl-036-219,normal,Mutated Mouser,UNL,Common,0.1,,0.1,1,33.695,3.37
2026-10-05,unl-036-219,foil,Mutated Mouser,UNL,Common,0.28,,0.28,1,33.695,9.43
2026-10-05,unl-037-219,normal,Shadow Watcher,UNL,Common,0.05,,0.05,1,33.695,1.68
2026-10-05,unl-037-219,foil,Shadow Watcher,UNL,Common,0.15,,0.15,1,33.695,5.05
2026-10-05,unl-038-219,normal,Skyward Strike,UNL,Common,0.09,,0.09,1,33.695,3.03
2026-10-05,unl-038-219,foil,Skyward Strike,UNL,Common,0.23,,0.23,1,33.695,7.75
2026-10-05,unl-039-219,normal,Soul Sword,UNL,Common,0.13,,0.13,1,33.695,4.38
2026-10-05,unl-039-219,foil,Soul Sword,UNL,Common,0.29,,0.29,1,33.695,9.77
2026-10-05,unl-040-219,normal,Wuju Apprentice,UNL,Common,0.05,,0.05,1,33.695,1.68
2026-10-05,unl-040-219,foil,Wuju Apprentice,UNL,Common,0.18,,0.18,1,33.695,6.07
2026-10-05,unl-041-219,normal,"Allay, Eager Admirer",UNL,Uncommon,0.13,,0.13,1,33.695,4.38
2026-10-05,unl-041-219,foil,"Allay, Eager Admirer",UNL,Uncommon,0.44,,0.44,1,33.695,14.83
2026-10-05,unl-042-219,normal,Back Off,UNL,Uncommon,0.24,,0.24,1,33.695,8.09
2026-10-05,unl-042-219,foil,Back Off,UNL,Uncommon,1.77,,1.77,1,33.695,59.64
2026-10-05,unl-043-219,normal,Enthusiastic Promoter,UNL,Uncommon,0.09,,0.09,1,33.695,3.03
2026-10-05,unl-043-219,foil,Enthusiastic Promoter,UNL,Uncommon,0.22,,0.22,1,33.695,7.41
2026-10-05,unl-044-219,normal,Flurry of Feathers,UNL,Uncommon,0.2,,0.2,1,33.695,6.74
2026-10-05,unl-044-219,foil,Flurry of Feathers,UNL,Uncommon,0.46,,0.46,1,33.695,15.5
2026-10-05,unl-045-219,normal,Forgotten Signpost,UNL,Uncommon,0.15,,0.15,1,33.695,5.05
2026-10-05,unl-045-219,foil,Forgotten Signpost,UNL,Uncommon,0.35,,0.35,1,33.695,11.79
2026-10-05,unl-046-219,normal,Friendship,UNL,Uncommon,0.18,,0.18,1,33.695,6.07
2026-10-05,unl-046-219,foil,Friendship,UNL,Uncommon,0.34,,0.34,1,33.695,11.46
2026-10-05,unl-047-219,normal,Mosstomper,UNL,Uncommon,0.07,,0.07,1,33.695,2.36
2026-10-05,unl-047-219,foil,Mosstomper,UNL,Uncommon,0.28,,0.28,1,33.695,9.43
2026-10-05,unl-048-219,normal,Trevor Snoozebottom,UNL,Uncommon,0.11,,0.11,1,33.695,3.71
2026-10-05,unl-048-219,foil,Trevor Snoozebottom,UNL,Uncommon,0.21,,0.21,1,33.695,7.08
2026-10-05,unl-049-219,foil,Honeyfruit,UNL,Rare,0.24,,0.24,1,33.695,8.09
2026-10-05,unl-050-219,foil,Iascylla,UNL,Rare,0.14,,0.14,1,33.695,4.72
2026-10-05,unl-051-219,foil,"Ivern, Nurturer",UNL,Rare,0.2,,0.2,1,33.695,6.74
2026-10-05,unl-051a-219,foil,"Ivern, Nurturer (Alternate Art)",UNL,Rare,2.39,,2.39,1,33.695,80.53
2026-10-05,unl-052-219,foil,"Nami, Headstrong",UNL,Rare,0.33,,0.33,1,33.695,11.12
2026-10-05,unl-053-219,foil,Scuttle Crab,UNL,Rare,3.86,,3.86,1,33.695,130.06
2026-10-05,unl-054-219,foil,Tricksy Tentacles,UNL,Rare,0.19,,0.19,1,33.695,6.4
2026-10-05,unl-055-219,foil,"Vex, Mocking",UNL,Rare,0.21,,0.21,1,33.695,7.08
2026-10-05,unl-055a-219,foil,"Vex, Mocking (Alternate Art)",UNL,Rare,2.38,,2.38,1,33.695,80.19
2026-10-05,unl-056-219,foil,"Yuumi, Magical Cat",UNL,Rare,0.22,,0.22,1,33.695,7.41
2026-10-05,unl-057-219,foil,Alpha Wildclaw,UNL,Epic,0.9,,0.9,1,33.695,30.33
2026-10-05,unl-058-219,foil,"Lillia, Protector of Dreams",UNL,Epic,0.54,,0.54,1,33.695,18.2
2026-10-05,unl-058a-219,foil,"Lillia, Protector of Dreams (Alternate Art)",UNL,Epic,7.49,,7.49,1,33.695,252.38
2026-10-05,unl-059-219,foil,"Master Yi, Unstoppable",UNL,Epic,1.02,,1.02,1,33.695,34.37
2026-10-05,unl-059a-219,foil,"Master Yi, Unstoppable (Alternate Art)",UNL,Epic,3.4,,3.4,1,33.695,114.56
2026-10-05,unl-060-219,foil,Vilemaw,UNL,Epic,17.42,,17.42,1,33.695,586.97
2026-10-05,unl-060a-219,foil,Vilemaw (Alternate Art),UNL,Epic,21.05,,21.05,1,33.695,709.28
2026-10-05,unl-061-219,normal,Downstage Dramatics,UNL,Common,0.07,,0.07,1,33.695,2.36
2026-10-05,unl-061-219,foil,Downstage Dramatics,UNL,Common,0.25,,0.25,1,33.695,8.42
2026-10-05,unl-062-219,normal,Dramatic Visionary,UNL,Common,0.06,,0.06,1,33.695,2.02
2026-10-05,unl-062-219,foil,Dramatic Visionary,UNL,Common,0.17,,0.17,1,33.695,5.73
2026-10-05,unl-063-219,normal,Eclipse,UNL,Common,0.12,,0.12,1,33.695,4.04
2026-10-05,unl-063-219,foil,Eclipse,UNL,Common,0.29,,0.29,1,33.695,9.77
2026-10-05,unl-064-219,normal,Fate Weaver,UNL,Common,0.04,,0.04,1,33.695,1.35
2026-10-05,unl-064-219,foil,Fate Weaver,UNL,Common,0.12,,0.12,1,33.695,4.04
2026-10-05,unl-065-219,normal,Icevale Archer,UNL,Common,0.05,,0.05,1,33.695,1.68
2026-10-05,unl-065-219,foil,Icevale Archer,UNL,Common,0.14,,0.14,1,33.695,4.72
2026-10-05,unl-066-219,normal,Moonlight Affliction,UNL,Common,0.04,,0.04,1,33.695,1.35
2026-10-05,unl-066-219,foil,Moonlight Affliction,UNL,Common,0.16,,0.16,1,33.695,5.39
2026-10-05,unl-067-219,normal,Ruined Rex,UNL,Common,0.13,,0.13,1,33.695,4.38
2026-10-05,unl-067-219,foil,Ruined Rex,UNL,Common,0.27,,0.27,1,33.695,9.1
2026-10-05,unl-068-219,normal,Spectral Centaur,UNL,Common,0.06,,0.06,1,33.695,2.02
2026-10-05,unl-068-219,foil,Spectral Centaur,UNL,Common,0.18,,0.18,1,33.695,6.07
2026-10-05,unl-069-219,normal,Sprite Burst,UNL,Common,0.15,,0.15,1,33.695,5.05
2026-10-05,unl-069-219,foil,Sprite Burst,UNL,Common,0.34,,0.34,1,33.695,11.46
2026-10-05,unl-070-219,normal,Turn to Dust,UNL,Common,0.16,,0.16,1,33.695,5.39
2026-10-05,unl-070-219,foil,Turn to Dust,UNL,Common,0.89,,0.89,1,33.695,29.99
2026-10-05,unl-071-219,normal,Chakram Dancer,UNL,Uncommon,0.12,,0.12,1,33.695,4.04
2026-10-05,unl-071-219,foil,Chakram Dancer,UNL,Uncommon,0.23,,0.23,1,33.695,7.75
2026-10-05,unl-072-219,normal,Crescent Strike,UNL,Uncommon,0.17,,0.17,1,33.695,5.73
2026-10-05,unl-072-219,foil,Crescent Strike,UNL,Uncommon,0.25,,0.25,1,33.695,8.42
2026-10-05,unl-073-219,normal,Deadly Flourish,UNL,Uncommon,0.38,,0.38,1,33.695,12.8
2026-10-05,unl-073-219,foil,Deadly Flourish,UNL,Uncommon,5.71,,5.71,1,33.695,192.4
2026-10-05,unl-074-219,normal,Frigid Jewel,UNL,Uncommon,0.14,,0.14,1,33.695,4.72
2026-10-05,unl-074-219,foil,Frigid Jewel,UNL,Uncommon,0.44,,0.44,1,33.695,14.83
2026-10-05,unl-075-219,normal,Gustwalker,UNL,Uncommon,0.11,,0.11,1,33.695,3.71
2026-10-05,unl-075-219,foil,Gustwalker,UNL,Uncommon,0.25,,0.25,1,33.695,8.42
2026-10-05,unl-076-219,normal,Petal Pixie,UNL,Uncommon,0.13,,0.13,1,33.695,4.38
2026-10-05,unl-076-219,foil,Petal Pixie,UNL,Uncommon,0.25,,0.25,1,33.695,8.42
2026-10-05,unl-077-219,normal,Soul Shepherd,UNL,Uncommon,0.16,,0.16,1,33.695,5.39
2026-10-05,unl-077-219,foil,Soul Shepherd,UNL,Uncommon,0.3,,0.3,1,33.695,10.11
2026-10-05,unl-078-219,normal,Sprite Fountain,UNL,Uncommon,3.13,,3.13,1,33.695,105.47
2026-10-05,unl-078-219,foil,Sprite Fountain,UNL,Uncommon,7.34,,7.34,1,33.695,247.32
2026-10-05,unl-079-219,foil,"Diana, Lunari",UNL,Rare,0.21,,0.21,1,33.695,7.08
2026-10-05,unl-079a-219,foil,"Diana, Lunari (Alternate Art)",UNL,Rare,5.66,,5.66,1,33.695,190.71
2026-10-05,unl-080-219,foil,"Hwei, Brooding Painter",UNL,Rare,3.04,,3.04,1,33.695,102.43
2026-10-05,unl-081-219,foil,Keeper of Masks,UNL,Rare,0.13,,0.13,1,33.695,4.38
2026-10-05,unl-082-219,foil,"Lillia, Fae Fawn",UNL,Rare,0.37,,0.37,1,33.695,12.47
2026-10-05,unl-082a-219,foil,"Lillia, Fae Fawn (Alternate Art)",UNL,Rare,10.45,,10.45,1,33.695,352.11
2026-10-05,unl-083-219,foil,Smoke and Mirrors,UNL,Rare,0.6,,0.6,1,33.695,20.22
2026-10-05,unl-084-219,foil,Sprite Queen,UNL,Rare,0.2,,0.2,1,33.695,6.74
2026-10-05,unl-085-219,foil,Sumpworks Map,UNL,Rare,0.16,,0.16,1,33.695,5.39
2026-10-05,unl-086-219,foil,"Zilean, Time Mage",UNL,Rare,0.21,,0.21,1,33.695,7.08
2026-10-05,unl-087-219,foil,Blue Sentinel,UNL,Epic,2.95,,2.95,1,33.695,99.4
2026-10-05,unl-087a-219,foil,Blue Sentinel (Alternate Art),UNL,Epic,5.06,,5.06,1,33.695,170.5
2026-10-05,unl-088-219,foil,Gutter Palace,UNL,Epic,3.3,,3.3,1,33.695,111.19
2026-10-05,unl-089-219,foil,"Jhin, Meticulous Killer",UNL,Epic,1.62,,1.62,1,33.695,54.59
2026-10-05,unl-089a-219,foil,"Jhin, Meticulous Killer (Alternate Art)",UNL,Epic,4.21,,4.21,1,33.695,141.86
2026-10-05,unl-090-219,foil,"LeBlanc, Everywhere At Once",UNL,Epic,4.09,,4.09,1,33.695,137.81
2026-10-05,unl-090a-219,foil,"LeBlanc, Everywhere At Once (Alternate Art)",UNL,Epic,8.21,,8.21,1,33.695,276.64
2026-10-05,unl-091-219,normal,Concentrate,UNL,Common,0.08,,0.08,1,33.695,2.7
2026-10-05,unl-091-219,foil,Concentrate,UNL,Common,0.22,,0.22,1,33.695,7.41
2026-10-05,unl-092-219,normal,Demacian Diplomat,UNL,Common,0.04,,0.04,1,33.695,1.35
2026-10-05,unl-092-219,foil,Demacian Diplomat,UNL,Common,0.14,,0.14,1,33.695,4.72
2026-10-05,unl-093-219,normal,Dragonsoul Sage,UNL,Common,0.08,,0.08,1,33.695,2.7
2026-10-05,unl-093-219,foil,Dragonsoul Sage,UNL,Common,0.27,,0.27,1,33.695,9.1
2026-10-05,unl-094-219,normal,Gemhand Hunter,UNL,Common,0.08,,0.08,1,33.695,2.7
2026-10-05,unl-094-219,foil,Gemhand Hunter,UNL,Common,0.22,,0.22,1,33.695,7.41
2026-10-05,unl-095-219,normal,Grim Resolve,UNL,Common,0.08,,0.08,1,33.695,2.7
2026-10-05,unl-095-219,foil,Grim Resolve,UNL,Common,0.24,,0.24,1,33.695,8.09
2026-10-05,unl-096-219,normal,Hunter's Machete,UNL,Common,0.08,,0.08,1,33.695,2.7
2026-10-05,unl-096-219,foil,Hunter's Machete,UNL,Common,0.17,,0.17,1,33.695,5.73
2026-10-05,unl-097-219,normal,Kinkou Initiate,UNL,Common,0.13,,0.13,1,33.695,4.38
2026-10-05,unl-097-219,foil,Kinkou Initiate,UNL,Common,0.28,,0.28,1,33.695,9.43
2026-10-05,unl-098-219,normal,Targonian Visionary,UNL,Common,0.06,,0.06,1,33.695,2.02
2026-10-05,unl-098-219,foil,Targonian Visionary,UNL,Common,0.11,,0.11,1,33.695,3.71
2026-10-05,unl-099-219,normal,Towering Combatant,UNL,Common,0.05,,0.05,1,33.695,1.68
2026-10-05,unl-099-219,foil,Towering Combatant,UNL,Common,0.16,,0.16,1,33.695,5.39
2026-10-05,unl-100-219,normal,Voracious Gromp,UNL,Common,0.07,,0.07,1,33.695,2.36
2026-10-05,unl-100-219,foil,Voracious Gromp,UNL,Common,0.16,,0.16,1,33.695,5.39
2026-10-05,unl-101-219,normal,Call to Battle,UNL,Uncommon,0.08,,0.08,1,33.695,2.7
2026-10-05,unl-101-219,foil,Call to Battle,UNL,Uncommon,0.23,,0.23,1,33.695,7.75
2026-10-05,unl-102-219,normal,Crowd Favorite,UNL,Uncommon,0.04,,0.04,1,33.695,1.35
2026-10-05,unl-102-219,foil,Crowd Favorite,UNL,Uncommon,0.14,,0.14,1,33.695,4.72
2026-10-05,unl-103-219,normal,Disposal Order,UNL,Uncommon,0.15,,0.15,1,33.695,5.05
2026-10-05,unl-103-219,foil,Disposal Order,UNL,Uncommon,0.42,,0.42,1,33.695,14.15
2026-10-05,unl-104-219,normal,Gentle Gemdragon,UNL,Uncommon,0.12,,0.12,1,33.695,4.04
2026-10-05,unl-104-219,foil,Gentle Gemdragon,UNL,Uncommon,0.38,,0.38,1,33.695,12.8
2026-10-05,unl-105-219,normal,Imposing Challenger,UNL,Uncommon,0.09,,0.09,1,33.695,3.03
2026-10-05,unl-105-219,foil,Imposing Challenger,UNL,Uncommon,0.29,,0.29,1,33.695,9.77
2026-10-05,unl-106-219,normal,Repulse,UNL,Uncommon,0.4,,0.4,1,33.695,13.48
2026-10-05,unl-106-219,foil,Repulse,UNL,Uncommon,2.24,,2.24,1,33.695,75.48
2026-10-05,unl-107-219,normal,Stare Down,UNL,Uncommon,0.15,,0.15,1,33.695,5.05
2026-10-05,unl-107-219,foil,Stare Down,UNL,Uncommon,0.3,,0.3,1,33.695,10.11
2026-10-05,unl-108-219,normal,Wily Newtfish,UNL,Uncommon,0.06,,0.06,1,33.695,2.02
2026-10-05,unl-108-219,foil,Wily Newtfish,UNL,Uncommon,0.23,,0.23,1,33.695,7.75
2026-10-05,unl-109-219,foil,Blood Rose,UNL,Rare,0.15,,0.15,1,33.695,5.05
2026-10-05,unl-110-219,foil,Clash of Giants,UNL,Rare,0.13,,0.13,1,33.695,4.38
2026-10-05,unl-111-219,foil,Determined Sentry,UNL,Rare,0.24,,0.24,1,33.695,8.09
2026-10-05,unl-112-219,foil,Irresistible Faefolk,UNL,Rare,5.19,,5.19,1,33.695,174.88
2026-10-05,unl-113-219,foil,"Master Yi, Tempered",UNL,Rare,0.25,,0.25,1,33.695,8.42
2026-10-05,unl-113a-219,foil,"Master Yi, Tempered (Alternate Art)",UNL,Rare,3.17,,3.17,1,33.695,106.81
2026-10-05,unl-114-219,foil,"Nidalee, Cat Form",UNL,Rare,2.7,,2.7,1,33.695,90.98
2026-10-05,unl-115-219,foil,"Nilah, Joyful Ascetic",UNL,Rare,0.22,,0.22,1,33.695,7.41
2026-10-05,unl-116-219,foil,"Poppy, Paragon",UNL,Rare,0.27,,0.27,1,33.695,9.1
2026-10-05,unl-116a-219,foil,"Poppy, Paragon (Alternate Art)",UNL,Rare,1.4,,1.4,1,33.695,47.17
2026-10-05,unl-117-219,foil,Arachnoid Horror,UNL,Epic,1.79,,1.79,1,33.695,60.31
2026-10-05,unl-118-219,foil,Elder Dragon,UNL,Epic,20.69,,20.69,1,33.695,697.15
2026-10-05,unl-118a-219,foil,Elder Dragon (Alternate Art),UNL,Epic,27.88,,27.88,1,33.695,939.42
2026-10-05,unl-119-219,foil,"Kha'Zix, Evolving Hunter",UNL,Epic,0.5,,0.5,1,33.695,16.85
2026-10-05,unl-119a-219,foil,"Kha'Zix, Evolving Hunter (Alternate Art)",UNL,Epic,1.96,,1.96,1,33.695,66.04
2026-10-05,unl-120-219,foil,"Rengar, Trophy Hunter",UNL,Epic,30.07,,30.07,1,33.695,1013.21
2026-10-05,unl-120a-219,foil,"Rengar, Trophy Hunter (Alternate Art)",UNL,Epic,41.48,,41.48,1,33.695,1397.67
2026-10-05,unl-121-219,normal,Bewitching Spirit,UNL,Common,0.12,,0.12,1,33.695,4.04
2026-10-05,unl-121-219,foil,Bewitching Spirit,UNL,Common,0.41,,0.41,1,33.695,13.81
2026-10-05,unl-122-219,normal,Crescent Guardian,UNL,Common,0.05,,0.05,1,33.695,1.68
2026-10-05,unl-122-219,foil,Crescent Guardian,UNL,Common,0.09,,0.09,1,33.695,3.03
2026-10-05,unl-123-219,normal,Evershade Stalker,UNL,Common,0.07,,0.07,1,33.695,2.36
2026-10-05,unl-123-219,foil,Evershade Stalker,UNL,Common,0.19,,0.19,1,33.695,6.4
2026-10-05,unl-124-219,normal,Isolate,UNL,Common,0.09,,0.09,1,33.695,3.03
2026-10-05,unl-124-219,foil,Isolate,UNL,Common,0.18,,0.18,1,33.695,6.07
2026-10-05,unl-125-219,normal,Lunar Boon,UNL,Common,0.1,,0.1,1,33.695,3.37
2026-10-05,unl-125-219,foil,Lunar Boon,UNL,Common,0.23,,0.23,1,33.695,7.75
2026-10-05,unl-126-219,normal,Megatusk,UNL,Common,0.03,,0.03,1,33.695,1.01
2026-10-05,unl-126-219,foil,Megatusk,UNL,Common,0.09,,0.09,1,33.695,3.03
2026-10-05,unl-127-219,normal,Mister Root,UNL,Common,0.08,,0.08,1,33.695,2.7
2026-10-05,unl-127-219,foil,Mister Root,UNL,Common,0.34,,0.34,1,33.695,11.46
2026-10-05,unl-128-219,normal,Star-Crossed,UNL,Common,0.23,,0.23,1,33.695,7.75
2026-10-05,unl-128-219,foil,Star-Crossed,UNL,Common,0.91,,0.91,1,33.695,30.66
2026-10-05,unl-129-219,normal,Vicious Snapjaws,UNL,Common,0.04,,0.04,1,33.695,1.35
2026-10-05,unl-129-219,foil,Vicious Snapjaws,UNL,Common,0.18,,0.18,1,33.695,6.07
2026-10-05,unl-130-219,normal,Walking Roost,UNL,Common,0.03,,0.03,1,33.695,1.01
2026-10-05,unl-130-219,foil,Walking Roost,UNL,Common,0.16,,0.16,1,33.695,5.39
2026-10-05,unl-131-219,normal,Abandon,UNL,Uncommon,0.44,,0.44,1,33.695,14.83
2026-10-05,unl-131-219,foil,Abandon,UNL,Uncommon,3.85,,3.85,1,33.695,129.73
2026-10-05,unl-132-219,normal,Angler Beast,UNL,Uncommon,0.17,,0.17,1,33.695,5.73
2026-10-05,unl-132-219,foil,Angler Beast,UNL,Uncommon,0.55,,0.55,1,33.695,18.53
2026-10-05,unl-133-219,normal,Blast Cone,UNL,Uncommon,0.08,,0.08,1,33.695,2.7
2026-10-05,unl-133-219,foil,Blast Cone,UNL,Uncommon,0.17,,0.17,1,33.695,5.73
2026-10-05,unl-134-219,normal,Existential Dread,UNL,Uncommon,0.21,,0.21,1,33.695,7.08
2026-10-05,unl-134-219,foil,Existential Dread,UNL,Uncommon,1.48,,1.48,1,33.695,49.87
2026-10-05,unl-135-219,normal,Insightful Investigator,UNL,Uncommon,0.09,,0.09,1,33.695,3.03
2026-10-05,unl-135-219,foil,Insightful Investigator,UNL,Uncommon,0.29,,0.29,1,33.695,9.77
2026-10-05,unl-136-219,normal,Scryer's Bloom,UNL,Uncommon,0.13,,0.13,1,33.695,4.38
2026-10-05,unl-136-219,foil,Scryer's Bloom,UNL,Uncommon,0.33,,0.33,1,33.695,11.12
2026-10-05,unl-137-219,normal,Sinister Poro,UNL,Uncommon,0.15,,0.15,1,33.695,5.05
2026-10-05,unl-137-219,foil,Sinister Poro,UNL,Uncommon,0.35,,0.35,1,33.695,11.79
2026-10-05,unl-138-219,normal,The List,UNL,Uncommon,0.19,,0.19,1,33.695,6.4
2026-10-05,unl-138-219,foil,The List,UNL,Uncommon,0.8,,0.8,1,33.695,26.96
2026-10-05,unl-139-219,foil,Bone Skewer,UNL,Rare,0.38,,0.38,1,33.695,12.8
2026-10-05,unl-140-219,foil,Conscription,UNL,Rare,0.12,,0.12,1,33.695,4.04
2026-10-05,unl-141-219,foil,"Evelynn, Entrancing",UNL,Rare,1.31,,1.31,1,33.695,44.14
2026-10-05,unl-142-219,foil,Heedless Resurrection,UNL,Rare,0.3,,0.3,1,33.695,10.11
2026-10-05,unl-143-219,foil,"Kha'Zix, Mutating Horror",UNL,Rare,0.3,,0.3,1,33.695,10.11
2026-10-05,unl-143a-219,foil,"Kha'Zix, Mutating Horror (Alternate Art)",UNL,Rare,7.31,,7.31,1,33.695,246.31
2026-10-05,unl-144-219,foil,Maduli the Gatekeeper,UNL,Rare,0.11,,0.11,1,33.695,3.71
2026-10-05,unl-145-219,foil,"Pyke, Returned",UNL,Rare,0.9,,0.9,1,33.695,30.33
2026-10-05,unl-145a-219,foil,"Pyke, Returned (Alternate Art)",UNL,Rare,9.55,,9.55,1,33.695,321.79
2026-10-05,unl-146-219,foil,"Syndra, Transcendent",UNL,Rare,0.24,,0.24,1,33.695,8.09
2026-10-05,unl-147-219,foil,Baron Nashor,UNL,Epic,20.08,,20.08,1,33.695,676.6
2026-10-05,unl-147a-219,foil,Baron Nashor (Alternate Art),UNL,Epic,26.74,,26.74,1,33.695,901
2026-10-05,unl-148-219,foil,Cursed Sarcophagus,UNL,Epic,0.49,,0.49,1,33.695,16.51
2026-10-05,unl-149-219,foil,"Diana, No Longer Human",UNL,Epic,0.78,,0.78,1,33.695,26.28
2026-10-05,unl-149a-219,foil,"Diana, No Longer Human (Alternate Art)",UNL,Epic,5.84,,5.84,1,33.695,196.78
2026-10-05,unl-150-219,foil,"Vex, Apathetic",UNL,Epic,14.63,,14.63,1,33.695,492.96
2026-10-05,unl-150a-219,foil,"Vex, Apathetic (Alternate Art)",UNL,Epic,26.06,,26.06,1,33.695,878.09
2026-10-05,unl-151-219,normal,Bandle Soldier,UNL,Common,0.03,,0.03,1,33.695,1.01
2026-10-05,unl-151-219,foil,Bandle Soldier,UNL,Common,0.11,,0.11,1,33.695,3.71
2026-10-05,unl-152-219,normal,Black Rose Dignitary,UNL,Common,0.13,,0.13,1,33.695,4.38
2026-10-05,unl-152-219,foil,Black Rose Dignitary,UNL,Common,0.32,,0.32,1,33.695,10.78
2026-10-05,unl-153-219,normal,Carrion Dredger,UNL,Common,0.11,,0.11,1,33.695,3.71
2026-10-05,unl-153-219,foil,Carrion Dredger,UNL,Common,0.28,,0.28,1,33.695,9.43
2026-10-05,unl-154-219,normal,Crimson Pigeons,UNL,Common,0.05,,0.05,1,33.695,1.68
2026-10-05,unl-154-219,foil,Crimson Pigeons,UNL,Common,0.23,,0.23,1,33.695,7.75
2026-10-05,unl-155-219,normal,Heroic Charge,UNL,Common,0.09,,0.09,1,33.695,3.03
2026-10-05,unl-155-219,foil,Heroic Charge,UNL,Common,0.2,,0.2,1,33.695,6.74
2026-10-05,unl-156-219,normal,Loyal Poro,UNL,Common,0.06,,0.06,1,33.695,2.02
2026-10-05,unl-156-219,foil,Loyal Poro,UNL,Common,0.28,,0.28,1,33.695,9.43
2026-10-05,unl-157-219,normal,Scrutinizing Sergeant,UNL,Common,0.04,,0.04,1,33.695,1.35
2026-10-05,unl-157-219,foil,Scrutinizing Sergeant,UNL,Common,0.12,,0.12,1,33.695,4.04
2026-10-05,unl-158-219,normal,Shepherd's Heirloom,UNL,Common,0.09,,0.09,1,33.695,3.03
2026-10-05,unl-158-219,foil,Shepherd's Heirloom,UNL,Common,0.31,,0.31,1,33.695,10.45
2026-10-05,unl-159-219,normal,Soul Harvest,UNL,Common,0.06,,0.06,1,33.695,2.02
2026-10-05,unl-159-219,foil,Soul Harvest,UNL,Common,0.16,,0.16,1,33.695,5.39
2026-10-05,unl-160-219,normal,Ultrasoft Poro,UNL,Common,0.1,,0.1,1,33.695,3.37
2026-10-05,unl-160-219,foil,Ultrasoft Poro,UNL,Common,0.25,,0.25,1,33.695,8.42
2026-10-05,unl-161-219,normal,Divining Shells,UNL,Uncommon,0.12,,0.12,1,33.695,4.04
2026-10-05,unl-161-219,foil,Divining Shells,UNL,Uncommon,0.42,,0.42,1,33.695,14.15
2026-10-05,unl-162-219,normal,Enthralling Protector,UNL,Uncommon,0.06,,0.06,1,33.695,2.02
2026-10-05,unl-162-219,foil,Enthralling Protector,UNL,Uncommon,0.25,,0.25,1,33.695,8.42
2026-10-05,unl-163-219,normal,Mageseeker Investigator,UNL,Uncommon,0.11,,0.11,1,33.695,3.71
2026-10-05,unl-163-219,foil,Mageseeker Investigator,UNL,Uncommon,0.21,,0.21,1,33.695,7.08
2026-10-05,unl-164-219,normal,Safety Inspector,UNL,Uncommon,0.17,,0.17,1,33.695,5.73
2026-10-05,unl-164-219,foil,Safety Inspector,UNL,Uncommon,0.88,,0.88,1,33.695,29.65
2026-10-05,unl-165-219,normal,Shadow's Call,UNL,Uncommon,0.31,,0.31,1,33.695,10.45
2026-10-05,unl-165-219,foil,Shadow's Call,UNL,Uncommon,1.81,,1.81,1,33.695,60.99
2026-10-05,unl-166-219,normal,Stalking Wolf,UNL,Uncommon,0.07,,0.07,1,33.695,2.36
2026-10-05,unl-166-219,foil,Stalking Wolf,UNL,Uncommon,0.17,,0.17,1,33.695,5.73
2026-10-05,unl-167-219,normal,Starhound,UNL,Uncommon,0.11,,0.11,1,33.695,3.71
2026-10-05,unl-167-219,foil,Starhound,UNL,Uncommon,0.22,,0.22,1,33.695,7.41
2026-10-05,unl-168-219,normal,Undying Loyalty,UNL,Uncommon,0.13,,0.13,1,33.695,4.38
2026-10-05,unl-168-219,foil,Undying Loyalty,UNL,Uncommon,0.35,,0.35,1,33.695,11.79
2026-10-05,unl-169-219,foil,"Ashe, Focused",UNL,Rare,1.14,,1.14,1,33.695,38.41
2026-10-05,unl-170-219,foil,Atakhan,UNL,Rare,0.2,,0.2,1,33.695,6.74
2026-10-05,unl-171-219,foil,"Galio, Indefatigable",UNL,Rare,0.26,,0.26,1,33.695,8.76
2026-10-05,unl-172-219,foil,"LeBlanc, Fragmented",UNL,Rare,0.32,,0.32,1,33.695,10.78
2026-10-05,unl-172a-219,foil,"LeBlanc, Fragmented (Alternate Art)",UNL,Rare,4.57,,4.57,1,33.695,153.99
2026-10-05,unl-173-219,foil,Sacrifice,UNL,Rare,3.35,,3.35,1,33.695,112.88
2026-10-05,unl-174-219,foil,Shard of Undoing,UNL,Rare,0.2,,0.2,1,33.695,6.74
2026-10-05,unl-175-219,foil,Tactical Retreat,UNL,Rare,0.24,,0.24,1,33.695,8.09
2026-10-05,unl-176-219,foil,"Vi, Peacekeeper",UNL,Rare,3.7,,3.7,1,33.695,124.67
2026-10-05,unl-176a-219,foil,"Vi, Peacekeeper (Alternate Art)",UNL,Rare,14.41,,14.41,1,33.695,485.54
2026-10-05,unl-177-219,foil,"Ivern, Friend to All",UNL,Epic,1,,1,1,33.695,33.7
2026-10-05,unl-177a-219,foil,"Ivern, Friend to All (Alternate Art)",UNL,Epic,2.52,,2.52,1,33.695,84.91
2026-10-05,unl-178-219,foil,"Poppy, Defender of the Meek",UNL,Epic,0.49,,0.49,1,33.695,16.51
2026-10-05,unl-178a-219,foil,"Poppy, Defender of the Meek (Alternate Art)",UNL,Epic,2.14,,2.14,1,33.695,72.11
2026-10-05,unl-179-219,foil,Rift Herald,UNL,Epic,10.36,,10.36,1,33.695,349.08
2026-10-05,unl-179a-219,foil,Rift Herald (Alternate Art),UNL,Epic,16.15,,16.15,1,33.695,544.17
2026-10-05,unl-180-219,foil,The Ruination,UNL,Epic,7.42,,7.42,1,33.695,250.02
2026-10-05,unl-181-219,foil,"Jhin, Virtuoso",UNL,Rare,0.17,,0.17,1,33.695,5.73
2026-10-05,unl-182-219,foil,Curtain Call,UNL,Epic,1.19,,1.19,1,33.695,40.1
2026-10-05,unl-183-219,foil,"Rengar, Pridestalker",UNL,Rare,0.2,,0.2,1,33.695,6.74
2026-10-05,unl-184-219,foil,Thrill of the Hunt,UNL,Epic,9.46,,9.46,1,33.695,318.75
2026-10-05,unl-185-219,foil,"Pyke, Bloodharbor Ripper",UNL,Rare,0.15,,0.15,1,33.695,5.05
2026-10-05,unl-186-219,foil,Death from Below,UNL,Epic,0.97,,0.97,1,33.695,32.68
2026-10-05,unl-187-219,foil,"Vi, Piltover Enforcer",UNL,Rare,0.15,,0.15,1,33.695,5.05
2026-10-05,unl-188-219,foil,Hextech Gauntlets,UNL,Epic,0.46,,0.46,1,33.695,15.5
2026-10-05,unl-189-219,foil,"Lillia, Bashful Bloom",UNL,Rare,0.19,,0.19,1,33.695,6.4
2026-10-05,unl-190-219,foil,Lilting Lullaby,UNL,Epic,2.13,,2.13,1,33.695,71.77
2026-10-05,unl-191-219,foil,"Master Yi, Wuju Master",UNL,Rare,0.2,,0.2,1,33.695,6.74
2026-10-05,unl-192-219,foil,Alpha Strike,UNL,Epic,2.32,,2.32,1,33.695,78.17
2026-10-05,unl-193-219,foil,"Vex, Gloomist",UNL,Rare,0.17,,0.17,1,33.695,5.73
2026-10-05,unl-194-219,foil,Shadow,UNL,Epic,0.37,,0.37,1,33.695,12.47
2026-10-05,unl-195-219,foil,"Ivern, Green Father",UNL,Rare,0.14,,0.14,1,33.695,4.72
2026-10-05,unl-196-219,foil,Daisy!,UNL,Epic,1.29,,1.29,1,33.695,43.47
2026-10-05,unl-197-219,foil,"Diana, Scorn of the Moon",UNL,Rare,0.17,,0.17,1,33.695,5.73
2026-10-05,unl-198-219,foil,Moonfall,UNL,Epic,8.86,,8.86,1,33.695,298.54
2026-10-05,unl-199-219,foil,"LeBlanc, Deceiver",UNL,Rare,0.18,,0.18,1,33.695,6.07
2026-10-05,unl-200-219,foil,Mirror Image,UNL,Epic,14.14,,14.14,1,33.695,476.45
2026-10-05,unl-201-219,foil,"Kha'Zix, Voidreaver",UNL,Rare,0.13,,0.13,1,33.695,4.38
2026-10-05,unl-202-219,foil,Void Assault,UNL,Epic,5.66,,5.66,1,33.695,190.71
2026-10-05,unl-203-219,foil,"Poppy, Keeper of the Hammer",UNL,Rare,0.13,,0.13,1,33.695,4.38
2026-10-05,unl-204-219,foil,Keeper's Verdict,UNL,Epic,0.54,,0.54,1,33.695,18.2
2026-10-05,unl-205-219,normal,Abandoned Hall,UNL,Uncommon,0.13,,0.13,1,33.695,4.38
2026-10-05,unl-205-219,foil,Abandoned Hall,UNL,Uncommon,0.41,,0.41,1,33.695,13.81
2026-10-05,unl-206-219,normal,Altar of Blood,UNL,Uncommon,0.08,,0.08,1,33.695,2.7
2026-10-05,unl-206-219,foil,Altar of Blood,UNL,Uncommon,0.21,,0.21,1,33.695,7.08
2026-10-05,unl-207-219,normal,Amateur Recital,UNL,Uncommon,0.09,,0.09,1,33.695,3.03
2026-10-05,unl-207-219,foil,Amateur Recital,UNL,Uncommon,0.25,,0.25,1,33.695,8.42
2026-10-05,unl-208-219,normal,Black Flame Altar,UNL,Uncommon,0.12,,0.12,1,33.695,4.04
2026-10-05,unl-208-219,foil,Black Flame Altar,UNL,Uncommon,0.23,,0.23,1,33.695,7.75
2026-10-05,unl-209-219,normal,Dusk Rose Lab,UNL,Uncommon,0.11,,0.11,1,33.695,3.71
2026-10-05,unl-209-219,foil,Dusk Rose Lab,UNL,Uncommon,0.28,,0.28,1,33.695,9.43
2026-10-05,unl-210-219,normal,Forbidding Waste,UNL,Uncommon,0.15,,0.15,1,33.695,5.05
2026-10-05,unl-210-219,foil,Forbidding Waste,UNL,Uncommon,0.43,,0.43,1,33.695,14.49
2026-10-05,unl-211-219,normal,Forgotten Library,UNL,Uncommon,0.08,,0.08,1,33.695,2.7
2026-10-05,unl-211-219,foil,Forgotten Library,UNL,Uncommon,0.16,,0.16,1,33.695,5.39
2026-10-05,unl-212-219,normal,Frozen Fortress,UNL,Uncommon,0.08,,0.08,1,33.695,2.7
2026-10-05,unl-212-219,foil,Frozen Fortress,UNL,Uncommon,0.3,,0.3,1,33.695,10.11
2026-10-05,unl-213-219,normal,Gardens of Becoming,UNL,Uncommon,0.07,,0.07,1,33.695,2.36
2026-10-05,unl-213-219,foil,Gardens of Becoming,UNL,Uncommon,0.22,,0.22,1,33.695,7.41
2026-10-05,unl-214-219,normal,Ripper's Bay,UNL,Uncommon,0.08,,0.08,1,33.695,2.7
2026-10-05,unl-214-219,foil,Ripper's Bay,UNL,Uncommon,0.27,,0.27,1,33.695,9.1
2026-10-05,unl-215-219,normal,Star Spring,UNL,Uncommon,0.14,,0.14,1,33.695,4.72
2026-10-05,unl-215-219,foil,Star Spring,UNL,Uncommon,0.39,,0.39,1,33.695,13.14
2026-10-05,unl-216-219,normal,The Academy,UNL,Uncommon,0.06,,0.06,1,33.695,2.02
2026-10-05,unl-216-219,foil,The Academy,UNL,Uncommon,0.23,,0.23,1,33.695,7.75
2026-10-05,unl-217-219,normal,Trapping Grounds,UNL,Uncommon,0.06,,0.06,1,33.695,2.02
2026-10-05,unl-217-219,foil,Trapping Grounds,UNL,Uncommon,0.17,,0.17,1,33.695,5.73
2026-10-05,unl-218-219,normal,Valley of Idols,UNL,Uncommon,0.1,,0.1,1,33.695,3.37
2026-10-05,unl-218-219,foil,Valley of Idols,UNL,Uncommon,0.23,,0.23,1,33.695,7.75
2026-10-05,unl-219-219,normal,Vaults of Helia,UNL,Uncommon,0.07,,0.07,1,33.695,2.36
2026-10-05,unl-219-219,foil,Vaults of Helia,UNL,Uncommon,0.25,,0.25,1,33.695,8.42
2026-10-05,unl-220-219,foil,Pouty Poro (Overnumbered),UNL,Common,207.45,,207.45,1,33.695,6990.03
2026-10-05,unl-221-219,foil,Lonely Poro (Overnumbered),UNL,Common,369.45,,369.45,1,33.695,12448.62
2026-10-05,unl-222-219,foil,Plundering Poro (Overnumbered),UNL,Common,197.33,,197.33,1,33.695,6649.03
2026-10-05,unl-223-219,foil,Veteran Poro (Overnumbered),UNL,Common,176.95,,176.95,1,33.695,5962.33
2026-10-05,unl-224-219,foil,Mystic Poro (Overnumbered),UNL,Common,189.39,,189.39,1,33.695,6381.5
2026-10-05,unl-225-219,foil,Daring Poro (Overnumbered),UNL,Common,172.68,,172.68,1,33.695,5818.45
2026-10-05,unl-226-219,foil,"Jhin, Virtuoso (Overnumbered)",UNL,Rare,70.31,,70.31,1,33.695,2369.1
2026-10-05,unl-226*-219,foil,"Jhin, Virtuoso (Signature)",UNL,Rare,603.8,,603.8,1,33.695,20345.04
2026-10-05,unl-227-219,foil,"Rengar, Pridestalker (Overnumbered)",UNL,Rare,107.05,,107.05,1,33.695,3607.05
2026-10-05,unl-227*-219,foil,"Rengar, Pridestalker (Signature)",UNL,Rare,551.94,,551.94,1,33.695,18597.62
2026-10-05,unl-228-219,foil,"Pyke, Bloodharbor Ripper (Overnumbered)",UNL,Rare,92.39,,92.39,1,33.695,3113.08
2026-10-05,unl-228*-219,foil,"Pyke, Bloodharbor Ripper (Signature)",UNL,Rare,567.33,,567.33,1,33.695,19116.18
2026-10-05,unl-229-219,foil,"Vi, Piltover Enforcer (Overnumbered)",UNL,Rare,92.43,,92.43,1,33.695,3114.43
2026-10-05,unl-229*-219,foil,"Vi, Piltover Enforcer (Signature)",UNL,Rare,629.15,,629.15,1,33.695,21199.21
2026-10-05,unl-230-219,foil,"Lillia, Bashful Bloom (Overnumbered)",UNL,Rare,77.01,,77.01,1,33.695,2594.85
2026-10-05,unl-230*-219,foil,"Lillia, Bashful Bloom (Signature)",UNL,Rare,504.48,,504.48,1,33.695,16998.45
2026-10-05,unl-231-219,foil,"Master Yi, Wuju Master (Overnumbered)",UNL,Rare,49.29,,49.29,1,33.695,1660.83
2026-10-05,unl-231*-219,foil,"Master Yi, Wuju Master (Signature)",UNL,Rare,445.29,,445.29,1,33.695,15004.05
2026-10-05,unl-232-219,foil,"Vex, Gloomist (Overnumbered)",UNL,Rare,139.7,,139.7,1,33.695,4707.19
2026-10-05,unl-232*-219,foil,"Vex, Gloomist (Signature)",UNL,Rare,637.03,,637.03,1,33.695,21464.73
2026-10-05,unl-233-219,foil,"Ivern, Green Father (Overnumbered)",UNL,Rare,65.15,,65.15,1,33.695,2195.23
2026-10-05,unl-233*-219,foil,"Ivern, Green Father (Signature)",UNL,Rare,399.52,,399.52,1,33.695,13461.83
2026-10-05,unl-234-219,foil,"Diana, Scorn of the Moon (Overnumbered)",UNL,Rare,236.77,,236.77,1,33.695,7977.97
2026-10-05,unl-234*-219,foil,"Diana, Scorn of the Moon (Signature)",UNL,Rare,1529.86,,1529.86,1,33.695,51548.63
2026-10-05,unl-235-219,foil,"LeBlanc, Deceiver (Overnumbered)",UNL,Rare,246.63,,246.63,1,33.695,8310.2
2026-10-05,unl-235*-219,foil,"LeBlanc, Deceiver (Signature)",UNL,Rare,989.24,,989.24,1,33.695,33332.44
2026-10-05,unl-236-219,foil,"Kha'Zix, Voidreaver (Overnumbered)",UNL,Rare,108.1,,108.1,1,33.695,3642.43
2026-10-05,unl-236*-219,foil,"Kha'Zix, Voidreaver (Signature)",UNL,Rare,403.27,,403.27,1,33.695,13588.18
2026-10-05,unl-237-219,foil,"Poppy, Keeper of the Hammer (Overnumbered)",UNL,Rare,45.1,,45.1,1,33.695,1519.64
2026-10-05,unl-237*-219,foil,"Poppy, Keeper of the Hammer (Signature)",UNL,Rare,427.53,,427.53,1,33.695,14405.62
2026-10-05,unl-238-219,foil,Baron Nashor (Ultimate),UNL,Epic,1828.46,,1828.46,1,33.695,61609.96
2026-10-05,unl-r01,normal,Fury Rune,UNL,Common,0.09,,0.09,1,33.695,3.03
2026-10-05,unl-r01,foil,Fury Rune,UNL,Common,0.99,,0.99,1,33.695,33.36
2026-10-05,unl-r01a,foil,Fury Rune (Alternate Art),UNL,Showcase,4.36,,4.36,1,33.695,146.91
2026-10-05,unl-r01b,foil,Fury Rune,UNL,Promo,6.21,,6.21,1,33.695,209.25
2026-10-05,unl-r02,normal,Calm Rune,UNL,Common,0.13,,0.13,1,33.695,4.38
2026-10-05,unl-r02,foil,Calm Rune,UNL,Common,0.24,,0.24,1,33.695,8.09
2026-10-05,unl-r02a,foil,Calm Rune (Alternate Art),UNL,Showcase,10.22,,10.22,1,33.695,344.36
2026-10-05,unl-r02b,foil,Calm Rune,UNL,Promo,8,,8,1,33.695,269.56
2026-10-05,unl-r03,normal,Mind Rune,UNL,Common,0.11,,0.11,1,33.695,3.71
2026-10-05,unl-r03a,foil,Mind Rune (Alternate Art),UNL,Showcase,5.01,,5.01,1,33.695,168.81
2026-10-05,unl-r03b,foil,Mind Rune,UNL,Promo,6.73,,6.73,1,33.695,226.77
2026-10-05,unl-r04,normal,Body Rune,UNL,Common,0.12,,0.12,1,33.695,4.04
2026-10-05,unl-r04a,foil,Body Rune (Alternate Art),UNL,Showcase,6.33,,6.33,1,33.695,213.29
2026-10-05,unl-r04b,foil,Body Rune,UNL,Promo,3.36,,3.36,1,33.695,113.22
2026-10-05,unl-r05,normal,Chaos Rune,UNL,Common,0.09,,0.09,1,33.695,3.03
2026-10-05,unl-r05,foil,Chaos Rune,UNL,Common,0.22,,0.22,1,33.695,7.41
2026-10-05,unl-r05a,foil,Chaos Rune (Alternate Art),UNL,Showcase,10.65,,10.65,1,33.695,358.85
2026-10-05,unl-r05b,foil,Chaos Rune,UNL,Promo,9.26,,9.26,1,33.695,312.02
2026-10-05,unl-r06,normal,Order Rune,UNL,Common,0.1,,0.1,1,33.695,3.37
2026-10-05,unl-r06a,foil,Order Rune (Alternate Art),UNL,Showcase,4.63,,4.63,1,33.695,156.01
2026-10-05,unl-r06b,foil,Order Rune,UNL,Promo,3.91,,3.91,1,33.695,131.75
2026-10-05,ven-001-166,normal,Baccai Sandspinner,VEN,Common,0.05,,0.05,1,33.695,1.68
2026-10-05,ven-001-166,foil,Baccai Sandspinner,VEN,Common,0.14,,0.14,1,33.695,4.72
2026-10-05,ven-002-166,normal,Blade Twirler,VEN,Common,0.06,,0.06,1,33.695,2.02
2026-10-05,ven-002-166,foil,Blade Twirler,VEN,Common,0.15,,0.15,1,33.695,5.05
2026-10-05,ven-003-166,normal,Brittle Steel,VEN,Common,0.1,,0.1,1,33.695,3.37
2026-10-05,ven-003-166,foil,Brittle Steel,VEN,Common,0.35,,0.35,1,33.695,11.79
2026-10-05,ven-004-166,normal,Dune Surfer,VEN,Common,0.08,,0.08,1,33.695,2.7
2026-10-05,ven-004-166,foil,Dune Surfer,VEN,Common,0.24,,0.24,1,33.695,8.09
2026-10-05,ven-005-166,normal,Forsaken Baccai,VEN,Common,0.07,,0.07,1,33.695,2.36
2026-10-05,ven-005-166,foil,Forsaken Baccai,VEN,Common,0.19,,0.19,1,33.695,6.4
2026-10-05,ven-006-166,normal,Oasis Raider,VEN,Common,0.07,,0.07,1,33.695,2.36
2026-10-05,ven-006-166,foil,Oasis Raider,VEN,Common,0.13,,0.13,1,33.695,4.38
2026-10-05,ven-007-166,normal,Punching Poro,VEN,Common,0.07,,0.07,1,33.695,2.36
2026-10-05,ven-007-166,foil,Punching Poro,VEN,Common,0.19,,0.19,1,33.695,6.4
2026-10-05,ven-008-166,normal,Ruthless Strike,VEN,Common,0.08,,0.08,1,33.695,2.7
2026-10-05,ven-008-166,foil,Ruthless Strike,VEN,Common,0.2,,0.2,1,33.695,6.74
2026-10-05,ven-009-166,normal,Baccai Reaper,VEN,Uncommon,0.04,,0.04,1,33.695,1.35
2026-10-05,ven-009-166,foil,Baccai Reaper,VEN,Uncommon,0.24,,0.24,1,33.695,8.09
2026-10-05,ven-010-166,normal,Consuming Curse,VEN,Uncommon,0.1,,0.1,1,33.695,3.37
2026-10-05,ven-010-166,foil,Consuming Curse,VEN,Uncommon,0.21,,0.21,1,33.695,7.08
2026-10-05,ven-011-166,normal,Pendulum Blade,VEN,Uncommon,0.09,,0.09,1,33.695,3.03
2026-10-05,ven-011-166,foil,Pendulum Blade,VEN,Uncommon,0.34,,0.34,1,33.695,11.46
2026-10-05,ven-012-166,normal,Perfect Execution,VEN,Uncommon,0.11,,0.11,1,33.695,3.71
2026-10-05,ven-012-166,foil,Perfect Execution,VEN,Uncommon,0.46,,0.46,1,33.695,15.5
2026-10-05,ven-013-166,normal,Shadow Assassin,VEN,Uncommon,0.06,,0.06,1,33.695,2.02
2026-10-05,ven-013-166,foil,Shadow Assassin,VEN,Uncommon,0.24,,0.24,1,33.695,8.09
2026-10-05,ven-014-166,normal,Shadow Fiend,VEN,Uncommon,0.06,,0.06,1,33.695,2.02
2026-10-05,ven-014-166,foil,Shadow Fiend,VEN,Uncommon,0.26,,0.26,1,33.695,8.76
2026-10-05,ven-015-166,foil,Decree of Rage,VEN,Rare,0.2,,0.2,1,33.695,6.74
2026-10-05,ven-016-166,foil,Eclipse Dragon,VEN,Rare,0.15,,0.15,1,33.695,5.05
2026-10-05,ven-017-166,foil,"Morgana, Vindictive",VEN,Rare,0.16,,0.16,1,33.695,5.39
2026-10-05,ven-018-166,foil,Rage Amplifier,VEN,Rare,0.16,,0.16,1,33.695,5.39
2026-10-05,ven-019-166,foil,"Renekton, Rage Fueled",VEN,Rare,0.14,,0.14,1,33.695,4.72
2026-10-05,ven-019a-166,foil,"Renekton, Rage Fueled (Alternate Art)",VEN,Rare,1.08,,1.08,1,33.695,36.39
2026-10-05,ven-020-166,foil,Twilight Reveler,VEN,Rare,0.17,,0.17,1,33.695,5.73
2026-10-05,ven-021-166,foil,"Akali, Deadly Weapon",VEN,Epic,0.83,,0.83,1,33.695,27.97
2026-10-05,ven-021a-166,foil,"Akali, Deadly Weapon (Alternate Art)",VEN,Epic,11.1,,11.1,1,33.695,374.01
2026-10-05,ven-022-166,foil,Endless Riches,VEN,Epic,0.74,,0.74,1,33.695,24.93
2026-10-05,ven-023-166,foil,"Zed, From the Shadows",VEN,Epic,0.31,,0.31,1,33.695,10.45
2026-10-05,ven-023a-166,foil,"Zed, From the Shadows (Alternate Art)",VEN,Epic,1.61,,1.61,1,33.695,54.25
2026-10-05,ven-024-166,normal,Affectionate Poro,VEN,Common,0.09,,0.09,1,33.695,3.03
2026-10-05,ven-024-166,foil,Affectionate Poro,VEN,Common,0.19,,0.19,1,33.695,6.4
2026-10-05,ven-025-166,normal,Esteemed Hierophant,VEN,Common,0.04,,0.04,1,33.695,1.35
2026-10-05,ven-025-166,foil,Esteemed Hierophant,VEN,Common,0.12,,0.12,1,33.695,4.04
2026-10-05,ven-026-166,normal,Field Musicians,VEN,Common,0.05,,0.05,1,33.695,1.68
2026-10-05,ven-026-166,foil,Field Musicians,VEN,Common,0.1,,0.1,1,33.695,3.37
2026-10-05,ven-027-166,normal,Hand Hammer,VEN,Common,0.12,,0.12,1,33.695,4.04
2026-10-05,ven-027-166,foil,Hand Hammer,VEN,Common,0.27,,0.27,1,33.695,9.1
2026-10-05,ven-028-166,normal,Mournful Witness,VEN,Common,0.08,,0.08,1,33.695,2.7
2026-10-05,ven-028-166,foil,Mournful Witness,VEN,Common,0.34,,0.34,1,33.695,11.46
2026-10-05,ven-029-166,normal,Ol' Poro,VEN,Common,0.06,,0.06,1,33.695,2.02
2026-10-05,ven-029-166,foil,Ol' Poro,VEN,Common,0.3,,0.3,1,33.695,10.11
2026-10-05,ven-030-166,normal,Serene Ascetic,VEN,Common,0.04,,0.04,1,33.695,1.35
2026-10-05,ven-030-166,foil,Serene Ascetic,VEN,Common,0.17,,0.17,1,33.695,5.73
2026-10-05,ven-031-166,normal,Twilight Shroud,VEN,Common,0.16,,0.16,1,33.695,5.39
2026-10-05,ven-031-166,foil,Twilight Shroud,VEN,Common,0.31,,0.31,1,33.695,10.45
2026-10-05,ven-032-166,normal,Frostcoat Mother,VEN,Uncommon,0.06,,0.06,1,33.695,2.02
2026-10-05,ven-032-166,foil,Frostcoat Mother,VEN,Uncommon,0.24,,0.24,1,33.695,8.09
2026-10-05,ven-033-166,normal,Pakaa Protector,VEN,Uncommon,0.05,,0.05,1,33.695,1.68
2026-10-05,ven-033-166,foil,Pakaa Protector,VEN,Uncommon,0.25,,0.25,1,33.695,8.42
2026-10-05,ven-034-166,normal,Resonating Strike,VEN,Uncommon,0.13,,0.13,1,33.695,4.38
2026-10-05,ven-034-166,foil,Resonating Strike,VEN,Uncommon,0.23,,0.23,1,33.695,7.75
2026-10-05,ven-035-166,normal,Sanction,VEN,Uncommon,0.08,,0.08,1,33.695,2.7
2026-10-05,ven-035-166,foil,Sanction,VEN,Uncommon,0.25,,0.25,1,33.695,8.42
2026-10-05,ven-036-166,normal,Sandstone Chimera,VEN,Uncommon,0.05,,0.05,1,33.695,1.68
2026-10-05,ven-036-166,foil,Sandstone Chimera,VEN,Uncommon,0.18,,0.18,1,33.695,6.07
2026-10-05,ven-037-166,normal,Tomb-Raider Barbara,VEN,Uncommon,0.12,,0.12,1,33.695,4.04
2026-10-05,ven-037-166,foil,Tomb-Raider Barbara,VEN,Uncommon,0.37,,0.37,1,33.695,12.47
2026-10-05,ven-038-166,foil,"Akali, Silent",VEN,Rare,0.27,,0.27,1,33.695,9.1
2026-10-05,ven-038a-166,foil,"Akali, Silent (Alternate Art)",VEN,Rare,9.11,,9.11,1,33.695,306.96
2026-10-05,ven-039-166,foil,Crumbling Sands,VEN,Rare,0.19,,0.19,1,33.695,6.4
2026-10-05,ven-040-166,foil,Decree of Focus,VEN,Rare,0.37,,0.37,1,33.695,12.47
2026-10-05,ven-041-166,foil,"Riven, Shattered",VEN,Rare,0.18,,0.18,1,33.695,6.07
2026-10-05,ven-042-166,foil,"Shen, Scourge of Shadows",VEN,Rare,0.09,,0.09,1,33.695,3.03
2026-10-05,ven-042a-166,foil,"Shen, Scourge of Shadows (Alternate Art)",VEN,Rare,0.86,,0.86,1,33.695,28.98
2026-10-05,ven-043-166,foil,Steel Paws,VEN,Rare,0.27,,0.27,1,33.695,9.1
2026-10-05,ven-044-166,foil,Astral Heron,VEN,Epic,38.75,,38.75,1,33.695,1305.68
2026-10-05,ven-045-166,foil,Helm of Suppression,VEN,Epic,3.49,,3.49,1,33.695,117.6
2026-10-05,ven-046-166,foil,"Nasus, Ascended",VEN,Epic,0.43,,0.43,1,33.695,14.49
2026-10-05,ven-046a-166,foil,"Nasus, Ascended (Alternate Art)",VEN,Epic,1.91,,1.91,1,33.695,64.36
2026-10-05,ven-047-166,normal,Apprentice Mage,VEN,Common,0.03,,0.03,1,33.695,1.01
2026-10-05,ven-047-166,foil,Apprentice Mage,VEN,Common,0.21,,0.21,1,33.695,7.08
2026-10-05,ven-048-166,normal,Cloud Drake,VEN,Common,0.04,,0.04,1,33.695,1.35
2026-10-05,ven-048-166,foil,Cloud Drake,VEN,Common,0.17,,0.17,1,33.695,5.73
2026-10-05,ven-049-166,normal,Dredge Up,VEN,Common,0.08,,0.08,1,33.695,2.7
2026-10-05,ven-049-166,foil,Dredge Up,VEN,Common,0.37,,0.37,1,33.695,12.47
2026-10-05,ven-050-166,normal,Grumpy Rockbear,VEN,Common,0.04,,0.04,1,33.695,1.35
2026-10-05,ven-050-166,foil,Grumpy Rockbear,VEN,Common,0.13,,0.13,1,33.695,4.38
2026-10-05,ven-051-166,normal,Iterative Design,VEN,Common,0.05,,0.05,1,33.695,1.68
2026-10-05,ven-051-166,foil,Iterative Design,VEN,Common,0.25,,0.25,1,33.695,8.42
2026-10-05,ven-052-166,normal,Mesmerize,VEN,Common,0.08,,0.08,1,33.695,2.7
2026-10-05,ven-052-166,foil,Mesmerize,VEN,Common,0.27,,0.27,1,33.695,9.1
2026-10-05,ven-053-166,normal,Otterpus,VEN,Uncommon,0.08,,0.08,1,33.695,2.7
2026-10-05,ven-053-166,foil,Otterpus,VEN,Uncommon,0.17,,0.17,1,33.695,5.73
2026-10-05,ven-054-166,normal,Questionable Tome,VEN,Common,0.08,,0.08,1,33.695,2.7
2026-10-05,ven-054-166,foil,Questionable Tome,VEN,Common,0.32,,0.32,1,33.695,10.78
2026-10-05,ven-055-166,normal,Applied Researchers,VEN,Uncommon,0.12,,0.12,1,33.695,4.04
2026-10-05,ven-055-166,foil,Applied Researchers,VEN,Uncommon,0.65,,0.65,1,33.695,21.9
2026-10-05,ven-056-166,normal,Clairvoyance,VEN,Uncommon,0.1,,0.1,1,33.695,3.37
2026-10-05,ven-056-166,foil,Clairvoyance,VEN,Uncommon,0.26,,0.26,1,33.695,8.76
2026-10-05,ven-057-166,normal,Covert Informant,VEN,Uncommon,0.06,,0.06,1,33.695,2.02
2026-10-05,ven-057-166,foil,Covert Informant,VEN,Uncommon,0.27,,0.27,1,33.695,9.1
2026-10-05,ven-058-166,normal,Patched Porobot,VEN,Common,0.15,,0.15,1,33.695,5.05
2026-10-05,ven-058-166,foil,Patched Porobot,VEN,Common,0.59,,0.59,1,33.695,19.88
2026-10-05,ven-059-166,normal,Shock Blast,VEN,Uncommon,0.13,,0.13,1,33.695,4.38
2026-10-05,ven-059-166,foil,Shock Blast,VEN,Uncommon,0.41,,0.41,1,33.695,13.81
2026-10-05,ven-060-166,normal,Sky Cruiser,VEN,Uncommon,0.06,,0.06,1,33.695,2.02
2026-10-05,ven-060-166,foil,Sky Cruiser,VEN,Uncommon,0.15,,0.15,1,33.695,5.05
2026-10-05,ven-061-166,foil,Decree of Insight,VEN,Rare,0.28,,0.28,1,33.695,9.43
2026-10-05,ven-062-166,foil,Hextech Formula,VEN,Rare,0.23,,0.23,1,33.695,7.75
2026-10-05,ven-063-166,foil,"Nasus, Guardian of Knowledge",VEN,Rare,0.16,,0.16,1,33.695,5.39
2026-10-05,ven-063a-166,foil,"Nasus, Guardian of Knowledge (Alternate Art)",VEN,Rare,1.18,,1.18,1,33.695,39.76
2026-10-05,ven-064-166,foil,Plaza Guardian,VEN,Rare,0.18,,0.18,1,33.695,6.07
2026-10-05,ven-065-166,foil,"Swain, Visionary",VEN,Rare,0.21,,0.21,1,33.695,7.08
2026-10-05,ven-066-166,foil,Temporal Breach,VEN,Rare,0.36,,0.36,1,33.695,12.13
2026-10-05,ven-067-166,foil,Bottled Constellation,VEN,Epic,2.48,,2.48,1,33.695,83.56
2026-10-05,ven-068-166,foil,"Jayce, Brilliant Inventor",VEN,Epic,0.43,,0.43,1,33.695,14.49
2026-10-05,ven-068a-166,foil,"Jayce, Brilliant Inventor (Alternate Art)",VEN,Epic,1.74,,1.74,1,33.695,58.63
2026-10-05,ven-069-166,foil,"Mel, Newly Awakened",VEN,Epic,0.69,,0.69,1,33.695,23.25
2026-10-05,ven-069a-166,foil,"Mel, Newly Awakened (Alternate Art)",VEN,Epic,2.5,,2.5,1,33.695,84.24
2026-10-05,ven-070-166,normal,Brutal Hunter,VEN,Common,0.06,,0.06,1,33.695,2.02
2026-10-05,ven-070-166,foil,Brutal Hunter,VEN,Common,0.16,,0.16,1,33.695,5.39
2026-10-05,ven-071-166,normal,Fretful Feline,VEN,Common,0.03,,0.03,1,33.695,1.01
2026-10-05,ven-071-166,foil,Fretful Feline,VEN,Common,0.13,,0.13,1,33.695,4.38
2026-10-05,ven-072-166,normal,Guttural Roar,VEN,Common,0.08,,0.08,1,33.695,2.7
2026-10-05,ven-072-166,foil,Guttural Roar,VEN,Common,0.24,,0.24,1,33.695,8.09
2026-10-05,ven-073-166,normal,Jagged Cutlass,VEN,Common,0.09,,0.09,1,33.695,3.03
2026-10-05,ven-073-166,foil,Jagged Cutlass,VEN,Common,0.2,,0.2,1,33.695,6.74
2026-10-05,ven-074-166,normal,Legion Marauder,VEN,Common,0.08,,0.08,1,33.695,2.7
2026-10-05,ven-074-166,foil,Legion Marauder,VEN,Common,0.22,,0.22,1,33.695,7.41
2026-10-05,ven-075-166,normal,Platewyrm Egg,VEN,Common,0.09,,0.09,1,33.695,3.03
2026-10-05,ven-075-166,foil,Platewyrm Egg,VEN,Common,0.25,,0.25,1,33.695,8.42
2026-10-05,ven-076-166,normal,Repair Specialist,VEN,Common,0.06,,0.06,1,33.695,2.02
2026-10-05,ven-076-166,foil,Repair Specialist,VEN,Common,0.25,,0.25,1,33.695,8.42
2026-10-05,ven-077-166,normal,Tools of Empire,VEN,Common,0.06,,0.06,1,33.695,2.02
2026-10-05,ven-077-166,foil,Tools of Empire,VEN,Common,0.23,,0.23,1,33.695,7.75
2026-10-05,ven-078-166,normal,Baccai Witherclaw,VEN,Uncommon,0.05,,0.05,1,33.695,1.68
2026-10-05,ven-078-166,foil,Baccai Witherclaw,VEN,Uncommon,0.3,,0.3,1,33.695,10.11
2026-10-05,ven-079-166,normal,Dame the Despoiler,VEN,Uncommon,0.07,,0.07,1,33.695,2.36
2026-10-05,ven-079-166,foil,Dame the Despoiler,VEN,Uncommon,0.21,,0.21,1,33.695,7.08
2026-10-05,ven-080-166,normal,Noxian Demolitionist,VEN,Uncommon,0.06,,0.06,1,33.695,2.02
2026-10-05,ven-080-166,foil,Noxian Demolitionist,VEN,Uncommon,0.26,,0.26,1,33.695,8.76
2026-10-05,ven-081-166,normal,Onslaught,VEN,Uncommon,0.12,,0.12,1,33.695,4.04
2026-10-05,ven-081-166,foil,Onslaught,VEN,Uncommon,0.31,,0.31,1,33.695,10.45
2026-10-05,ven-082-166,normal,Profiteer,VEN,Uncommon,0.1,,0.1,1,33.695,3.37
2026-10-05,ven-082-166,foil,Profiteer,VEN,Uncommon,0.29,,0.29,1,33.695,9.77
2026-10-05,ven-083-166,normal,Rampage,VEN,Uncommon,0.19,,0.19,1,33.695,6.4
2026-10-05,ven-083-166,foil,Rampage,VEN,Uncommon,1.36,,1.36,1,33.695,45.83
2026-10-05,ven-084-166,foil,"Ambessa, The Wolf",VEN,Rare,0.13,,0.13,1,33.695,4.38
2026-10-05,ven-084a-166,foil,"Ambessa, The Wolf",VEN,Rare,1.87,,1.87,1,33.695,63.01
2026-10-05,ven-085-166,foil,Decree of Strength,VEN,Rare,0.22,,0.22,1,33.695,7.41
2026-10-05,ven-086-166,foil,"Gangplank, Naval",VEN,Rare,0.18,,0.18,1,33.695,6.07
2026-10-05,ven-087-166,foil,Hextech Disc,VEN,Rare,0.13,,0.13,1,33.695,4.38
2026-10-05,ven-088-166,foil,"Jayce, Hammer in Hand",VEN,Rare,0.13,,0.13,1,33.695,4.38
2026-10-05,ven-088a-166,foil,"Jayce, Hammer in Hand (Alternate Art)",VEN,Rare,1.07,,1.07,1,33.695,36.05
2026-10-05,ven-089-166,foil,Wild Claw,VEN,Rare,0.14,,0.14,1,33.695,4.72
2026-10-05,ven-090-166,foil,Cataclysmic Duel,VEN,Epic,0.34,,0.34,1,33.695,11.46
2026-10-05,ven-091-166,foil,Corrupted Dragon,VEN,Epic,0.48,,0.48,1,33.695,16.17
2026-10-05,ven-092-166,foil,"Renekton, Brute",VEN,Epic,0.25,,0.25,1,33.695,8.42
2026-10-05,ven-092a-166,foil,"Renekton, Brute",VEN,Epic,1.53,,1.53,1,33.695,51.55
2026-10-05,ven-093-166,normal,Kinkou Lifeblade,VEN,Common,0.05,,0.05,1,33.695,1.68
2026-10-05,ven-093-166,foil,Kinkou Lifeblade,VEN,Common,0.14,,0.14,1,33.695,4.72
2026-10-05,ven-094-166,normal,Mask Mother,VEN,Uncommon,0.08,,0.08,1,33.695,2.7
2026-10-05,ven-094-166,foil,Mask Mother,VEN,Uncommon,0.21,,0.21,1,33.695,7.08
2026-10-05,ven-095-166,normal,Shadow Order Disciple,VEN,Common,0.1,,0.1,1,33.695,3.37
2026-10-05,ven-095-166,foil,Shadow Order Disciple,VEN,Common,0.33,,0.33,1,33.695,11.12
2026-10-05,ven-096-166,normal,Shadowblade Lurker,VEN,Common,0.05,,0.05,1,33.695,1.68
2026-10-05,ven-096-166,foil,Shadowblade Lurker,VEN,Common,0.23,,0.23,1,33.695,7.75
2026-10-05,ven-097-166,normal,Spiderling,VEN,Common,0.23,,0.23,1,33.695,7.75
2026-10-05,ven-097-166,foil,Spiderling,VEN,Common,0.5,,0.5,1,33.695,16.85
2026-10-05,ven-098-166,normal,Stargazer,VEN,Common,0.05,,0.05,1,33.695,1.68
2026-10-05,ven-098-166,foil,Stargazer,VEN,Common,0.15,,0.15,1,33.695,5.05
2026-10-05,ven-099-166,normal,Tornado Warrior,VEN,Common,0.1,,0.1,1,33.695,3.37
2026-10-05,ven-099-166,foil,Tornado Warrior,VEN,Common,0.29,,0.29,1,33.695,9.77
2026-10-05,ven-100-166,normal,Up from the Deep,VEN,Common,0.14,,0.14,1,33.695,4.72
2026-10-05,ven-100-166,foil,Up from the Deep,VEN,Common,0.52,,0.52,1,33.695,17.52
2026-10-05,ven-101-166,normal,Gust Monk,VEN,Uncommon,0.12,,0.12,1,33.695,4.04
2026-10-05,ven-101-166,foil,Gust Monk,VEN,Uncommon,0.33,,0.33,1,33.695,11.12
2026-10-05,ven-102-166,normal,Ravenbloom Prefect,VEN,Common,0.17,,0.17,1,33.695,5.73
2026-10-05,ven-102-166,foil,Ravenbloom Prefect,VEN,Common,1.33,,1.33,1,33.695,44.81
2026-10-05,ven-103-166,normal,Shadows of the Past,VEN,Uncommon,0.14,,0.14,1,33.695,4.72
2026-10-05,ven-103-166,foil,Shadows of the Past,VEN,Uncommon,0.32,,0.32,1,33.695,10.78
2026-10-05,ven-104-166,normal,Tail-Cloaked Matriarch,VEN,Uncommon,0.15,,0.15,1,33.695,5.05
2026-10-05,ven-104-166,foil,Tail-Cloaked Matriarch,VEN,Uncommon,0.46,,0.46,1,33.695,15.5
2026-10-05,ven-105-166,normal,Twilight Step,VEN,Uncommon,0.1,,0.1,1,33.695,3.37
2026-10-05,ven-105-166,foil,Twilight Step,VEN,Uncommon,0.31,,0.31,1,33.695,10.45
2026-10-05,ven-106-166,normal,Wind and Ghosts,VEN,Uncommon,0.13,,0.13,1,33.695,4.38
2026-10-05,ven-106-166,foil,Wind and Ghosts,VEN,Uncommon,0.51,,0.51,1,33.695,17.18
2026-10-05,ven-107-166,foil,Decree of Discord,VEN,Rare,0.16,,0.16,1,33.695,5.39
2026-10-05,ven-108-166,foil,Forgotten Relic,VEN,Rare,0.11,,0.11,1,33.695,3.71
2026-10-05,ven-109-166,foil,"Illaoi, Prophet of the Great Kraken",VEN,Rare,0.21,,0.21,1,33.695,7.08
2026-10-05,ven-110-166,foil,"Mel, Defiant Soul",VEN,Rare,0.16,,0.16,1,33.695,5.39
2026-10-05,ven-110a-166,foil,"Mel, Defiant Soul (Alternate Art)",VEN,Rare,1.24,,1.24,1,33.695,41.78
2026-10-05,ven-111-166,foil,Minah Swiftfoot,VEN,Rare,0.13,,0.13,1,33.695,4.38
2026-10-05,ven-112-166,foil,"Zed, Without a Sound",VEN,Rare,0.27,,0.27,1,33.695,9.1
2026-10-05,ven-112a-166,foil,"Zed, Without a Sound (Alternate Art)",VEN,Rare,3.16,,3.16,1,33.695,106.48
2026-10-05,ven-113-166,foil,"Kennen, Storm of Shuriken",VEN,Epic,1.06,,1.06,1,33.695,35.72
2026-10-05,ven-113a-166,foil,"Kennen, Storm of Shuriken",VEN,Epic,2.82,,2.82,1,33.695,95.02
2026-10-05,ven-114-166,foil,Kharox,VEN,Epic,5.02,,5.02,1,33.695,169.15
2026-10-05,ven-115-166,foil,Ocean Drake,VEN,Epic,0.93,,0.93,1,33.695,31.34
2026-10-05,ven-116-166,normal,Dragon Form,VEN,Uncommon,0.08,,0.08,1,33.695,2.7
2026-10-05,ven-116-166,foil,Dragon Form,VEN,Uncommon,0.26,,0.26,1,33.695,8.76
2026-10-05,ven-117-166,normal,Disciple of Shen,VEN,Common,0.06,,0.06,1,33.695,2.02
2026-10-05,ven-117-166,foil,Disciple of Shen,VEN,Common,0.23,,0.23,1,33.695,7.75
2026-10-05,ven-118-166,normal,Horns of the Dragon,VEN,Common,0.03,,0.03,1,33.695,1.01
2026-10-05,ven-118-166,foil,Horns of the Dragon,VEN,Common,0.14,,0.14,1,33.695,4.72
2026-10-05,ven-119-166,normal,Keeper of Law,VEN,Common,0.06,,0.06,1,33.695,2.02
2026-10-05,ven-119-166,foil,Keeper of Law,VEN,Common,0.16,,0.16,1,33.695,5.39
2026-10-05,ven-120-166,normal,"Masa, Crashing Thunder",VEN,Common,0.07,,0.07,1,33.695,2.36
2026-10-05,ven-120-166,foil,"Masa, Crashing Thunder",VEN,Common,0.19,,0.19,1,33.695,6.4
2026-10-05,ven-121-166,normal,Reluctant Leader,VEN,Common,0.05,,0.05,1,33.695,1.68
2026-10-05,ven-121-166,foil,Reluctant Leader,VEN,Common,0.12,,0.12,1,33.695,4.04
2026-10-05,ven-122-166,normal,Solari Sunhawk,VEN,Common,0.13,,0.13,1,33.695,4.38
2026-10-05,ven-122-166,foil,Solari Sunhawk,VEN,Common,0.29,,0.29,1,33.695,9.77
2026-10-05,ven-123-166,normal,Soulspinner,VEN,Common,0.05,,0.05,1,33.695,1.68
2026-10-05,ven-123-166,foil,Soulspinner,VEN,Common,0.18,,0.18,1,33.695,6.07
2026-10-05,ven-124-166,normal,Escaped Grayback,VEN,Uncommon,0.14,,0.14,1,33.695,4.72
2026-10-05,ven-124-166,foil,Escaped Grayback,VEN,Uncommon,0.34,,0.34,1,33.695,11.46
2026-10-05,ven-125-166,normal,Hungry Wolf,VEN,Uncommon,0.05,,0.05,1,33.695,1.68
2026-10-05,ven-125-166,foil,Hungry Wolf,VEN,Uncommon,0.19,,0.19,1,33.695,6.4
2026-10-05,ven-126-166,normal,Ki Barrier,VEN,Uncommon,0.12,,0.12,1,33.695,4.04
2026-10-05,ven-126-166,foil,Ki Barrier,VEN,Uncommon,0.38,,0.38,1,33.695,12.8
2026-10-05,ven-127-166,normal,Lacerate,VEN,Common,0.12,,0.12,1,33.695,4.04
2026-10-05,ven-127-166,foil,Lacerate,VEN,Common,0.38,,0.38,1,33.695,12.8
2026-10-05,ven-128-166,normal,Noxian Emissary,VEN,Uncommon,0.12,,0.12,1,33.695,4.04
2026-10-05,ven-128-166,foil,Noxian Emissary,VEN,Uncommon,0.38,,0.38,1,33.695,12.8
2026-10-05,ven-129-166,normal,Sacred Protector,VEN,Uncommon,0.08,,0.08,1,33.695,2.7
2026-10-05,ven-129-166,foil,Sacred Protector,VEN,Uncommon,0.34,,0.34,1,33.695,11.46
2026-10-05,ven-130-166,foil,Aurok General,VEN,Rare,0.11,,0.11,1,33.695,3.71
2026-10-05,ven-131-166,foil,Decree of Unity,VEN,Rare,0.31,,0.31,1,33.695,10.45
2026-10-05,ven-132-166,foil,Fallen Feline,VEN,Rare,0.16,,0.16,1,33.695,5.39
2026-10-05,ven-133-166,foil,Glowstone,VEN,Rare,0.15,,0.15,1,33.695,5.05
2026-10-05,ven-134-166,foil,"Kayle, Justified",VEN,Rare,0.28,,0.28,1,33.695,9.43
2026-10-05,ven-135-166,foil,"Kennen, Keeper of Balance",VEN,Rare,0.28,,0.28,1,33.695,9.43
2026-10-05,ven-135a-166,foil,"Kennen, Keeper of Balance (Alternate Art)",VEN,Rare,4.46,,4.46,1,33.695,150.28
2026-10-05,ven-136-166,foil,"Ambessa, Respected and Feared",VEN,Epic,0.4,,0.4,1,33.695,13.48
2026-10-05,ven-136a-166,foil,"Ambessa, Respected and Feared (Alternate Art)",VEN,Epic,2.27,,2.27,1,33.695,76.49
2026-10-05,ven-137-166,foil,Shady Spectacles,VEN,Epic,0.86,,0.86,1,33.695,28.98
2026-10-05,ven-138-166,foil,"Shen, Leader of the Kinkou Order",VEN,Epic,0.23,,0.23,1,33.695,7.75
2026-10-05,ven-138a-166,foil,"Shen, Leader of the Kinkou Order (Alternate Art)",VEN,Epic,1.5,,1.5,1,33.695,50.54
2026-10-05,ven-139-166,foil,"Akali, Rogue Assassin",VEN,Rare,0.14,,0.14,1,33.695,4.72
2026-10-05,ven-140-166,foil,Shuriken Flip,VEN,Epic,6.93,,6.93,1,33.695,233.51
2026-10-05,ven-141-166,foil,"Renekton, Butcher of the Sands",VEN,Rare,0.2,,0.2,1,33.695,6.74
2026-10-05,ven-142-166,foil,Dominus,VEN,Epic,0.59,,0.59,1,33.695,19.88
2026-10-05,ven-143-166,foil,"Zed, Master of Shadows",VEN,Rare,0.15,,0.15,1,33.695,5.05
2026-10-05,ven-144-166,foil,Death Mark,VEN,Epic,0.61,,0.61,1,33.695,20.55
2026-10-05,ven-145-166,foil,"Nasus, Curator of the Sands",VEN,Rare,0.13,,0.13,1,33.695,4.38
2026-10-05,ven-146-166,foil,Siphoning Strike,VEN,Epic,0.73,,0.73,1,33.695,24.6
2026-10-05,ven-147-166,foil,"Shen, Eye of Twilight",VEN,Rare,0.11,,0.11,1,33.695,3.71
2026-10-05,ven-148-166,foil,Shadow Dash,VEN,Epic,0.29,,0.29,1,33.695,9.77
2026-10-05,ven-149-166,foil,"Jayce, Defender of Tomorrow",VEN,Rare,0.14,,0.14,1,33.695,4.72
2026-10-05,ven-150-166,foil,Acceleration Gate,VEN,Epic,0.66,,0.66,1,33.695,22.24
2026-10-05,ven-151-166,foil,"Mel, Soul's Reflection",VEN,Rare,0.18,,0.18,1,33.695,6.07
2026-10-05,ven-152-166,foil,Rebuttal,VEN,Epic,2.01,,2.01,1,33.695,67.73
2026-10-05,ven-153-166,foil,"Ambessa, Matriarch of War",VEN,Rare,0.1,,0.1,1,33.695,3.37
2026-10-05,ven-154-166,foil,Public Execution,VEN,Epic,0.93,,0.93,1,33.695,31.34
2026-10-05,ven-155-166,foil,"Kennen, Heart of the Tempest",VEN,Rare,0.18,,0.18,1,33.695,6.07
2026-10-05,ven-156-166,foil,Lightning Rush,VEN,Epic,5.45,,5.45,1,33.695,183.64
2026-10-05,ven-157-166,normal,Dragon Roost,VEN,Uncommon,0.1,,0.1,1,33.695,3.37
2026-10-05,ven-157-166,foil,Dragon Roost,VEN,Uncommon,0.58,,0.58,1,33.695,19.54
2026-10-05,ven-158-166,normal,"Heisho, Shell of the World",VEN,Uncommon,0.11,,0.11,1,33.695,3.71
2026-10-05,ven-158-166,foil,"Heisho, Shell of the World",VEN,Uncommon,0.98,,0.98,1,33.695,33.02
2026-10-05,ven-159-166,normal,Kinkou Temple,VEN,Uncommon,0.06,,0.06,1,33.695,2.02
2026-10-05,ven-159-166,foil,Kinkou Temple,VEN,Uncommon,0.26,,0.26,1,33.695,8.76
2026-10-05,ven-160-166,normal,Mystic Vortex,VEN,Uncommon,0.07,,0.07,1,33.695,2.36
2026-10-05,ven-160-166,foil,Mystic Vortex,VEN,Uncommon,0.26,,0.26,1,33.695,8.76
2026-10-05,ven-161-166,normal,Piltovan Forge,VEN,Uncommon,0.08,,0.08,1,33.695,2.7
2026-10-05,ven-161-166,foil,Piltovan Forge,VEN,Uncommon,0.21,,0.21,1,33.695,7.08
2026-10-05,ven-162-166,normal,Protective Sands,VEN,Uncommon,0.09,,0.09,1,33.695,3.03
2026-10-05,ven-162-166,foil,Protective Sands,VEN,Uncommon,0.27,,0.27,1,33.695,9.1
2026-10-05,ven-163-166,normal,Risen Altar,VEN,Uncommon,0.1,,0.1,1,33.695,3.37
2026-10-05,ven-163-166,foil,Risen Altar,VEN,Uncommon,0.32,,0.32,1,33.695,10.78
2026-10-05,ven-164-166,normal,Sandswept Tomb,VEN,Uncommon,0.14,,0.14,1,33.695,4.72
2026-10-05,ven-164-166,foil,Sandswept Tomb,VEN,Uncommon,0.36,,0.36,1,33.695,12.13
2026-10-05,ven-165-166,normal,Shadow Temple,VEN,Uncommon,0.1,,0.1,1,33.695,3.37
2026-10-05,ven-165-166,foil,Shadow Temple,VEN,Uncommon,0.34,,0.34,1,33.695,11.46
2026-10-05,ven-166-166,normal,Threshold of the Gray,VEN,Uncommon,0.07,,0.07,1,33.695,2.36
2026-10-05,ven-166-166,foil,Threshold of the Gray,VEN,Uncommon,0.29,,0.29,1,33.695,9.77
2026-10-05,ven-167-166,foil,"Vi, Destructive (Overnumbered)",VEN,Rare,101.34,,101.34,1,33.695,3414.65
2026-10-05,ven-168-166,foil,"Jinx, Demolitionist (Overnumbered)",VEN,Rare,105.55,,105.55,1,33.695,3556.51
2026-10-05,ven-169-166,foil,"Zed, From the Shadows (Overnumbered)",VEN,Epic,62.61,,62.61,1,33.695,2109.64
2026-10-05,ven-170-166,foil,"Shen, Scourge of Shadows (Overnumbered)",VEN,Rare,50.09,,50.09,1,33.695,1687.78
2026-10-05,ven-171-166,foil,"Riven, Shattered (Overnumbered)",VEN,Rare,84.61,,84.61,1,33.695,2850.93
2026-10-05,ven-172-166,foil,"Draven, Showboat (Overnumbered)",VEN,Rare,79.84,,79.84,1,33.695,2690.21
2026-10-05,ven-173-166,foil,"Swain, Visionary (Overnumbered)",VEN,Rare,75.4,,75.4,1,33.695,2540.6
2026-10-05,ven-174-166,foil,"Irelia, Fervent (Overnumbered)",VEN,Epic,209.05,,209.05,1,33.695,7043.94
2026-10-05,ven-175-166,foil,"Jayce, Man of Progress (Overnumbered)",VEN,Rare,89.67,,89.67,1,33.695,3021.43
2026-10-05,ven-176-166,foil,"Viktor, Innovator (Overnumbered)",VEN,Rare,78.86,,78.86,1,33.695,2657.19
2026-10-05,ven-177-166,foil,"Renekton, Brute (Overnumbered)",VEN,Epic,62.53,,62.53,1,33.695,2106.95
2026-10-05,ven-178-166,foil,"Nasus, Guardian of Knowledge (Overnumbered)",VEN,Rare,62.39,,62.39,1,33.695,2102.23
2026-10-05,ven-179-166,foil,"Rengar, Trophy Hunter (Overnumbered)",VEN,Epic,165.24,,165.24,1,33.695,5567.76
2026-10-05,ven-180-166,foil,"Kha'Zix, Evolving Hunter (Overnumbered)",VEN,Epic,68.53,,68.53,1,33.695,2309.12
2026-10-05,ven-181-166,foil,"Gangplank, Naval (Overnumbered)",VEN,Rare,91.8,,91.8,1,33.695,3093.2
2026-10-05,ven-182-166,foil,"Illaoi, Prophet of the Great Kraken (Overnumbered)",VEN,Rare,93.85,,93.85,1,33.695,3162.28
2026-10-05,ven-183-166,foil,"Diana, No Longer Human (Overnumbered)",VEN,Epic,114.03,,114.03,1,33.695,3842.24
2026-10-05,ven-184-166,foil,"Leona, Determined (Overnumbered)",VEN,Rare,85.62,,85.62,1,33.695,2884.97
2026-10-05,ven-185-166,foil,"Kayle, Justified (Overnumbered)",VEN,Rare,158.23,,158.23,1,33.695,5331.56
2026-10-05,ven-186-166,foil,"Morgana, Vindictive (Overnumbered)",VEN,Rare,114.79,,114.79,1,33.695,3867.85
2026-10-05,ven-187-166,foil,"Ambessa, Respected and Feared (Overnumbered)",VEN,Epic,46.2,,46.2,1,33.695,1556.71
2026-10-05,ven-188-166,foil,"Mel, Defiant Soul (Overnumbered)",VEN,Rare,76.71,,76.71,1,33.695,2584.74
2026-10-05,ven-189-166,foil,"Akali, Rogue Assassin (Overnumbered)",VEN,Rare,539.97,,539.97,1,33.695,18194.29
2026-10-05,ven-189*-166,foil,"Akali, Rogue Assassin (Signature)",VEN,Rare,3229.71,,3229.71,1,33.695,108825.08
2026-10-05,ven-190-166,foil,"Renekton, Butcher of the Sands (Overnumbered)",VEN,Rare,52.47,,52.47,1,33.695,1767.98
2026-10-05,ven-190*-166,foil,"Renekton, Butcher of the Sands (Signature)",VEN,Rare,432,,432,1,33.695,14556.24
2026-10-05,ven-191-166,foil,"Zed, Master of Shadows (Overnumbered)",VEN,Rare,174.08,,174.08,1,33.695,5865.63
2026-10-05,ven-191*-166,foil,"Zed, Master of Shadows (Signature)",VEN,Rare,1352.67,,1352.67,1,33.695,45578.22
2026-10-05,ven-192-166,foil,"Nasus, Curator of the Sands (Overnumbered)",VEN,Rare,156.05,,156.05,1,33.695,5258.1
2026-10-05,ven-192*-166,foil,"Nasus, Curator of the Sands (Signature)",VEN,Rare,594.27,,594.27,1,33.695,20023.93
2026-10-05,ven-193-166,foil,"Shen, Eye of Twilight (Overnumbered)",VEN,Rare,74.42,,74.42,1,33.695,2507.58
2026-10-05,ven-193*-166,foil,"Shen, Eye of Twilight (Signature)",VEN,Rare,529.63,,529.63,1,33.695,17845.88
2026-10-05,ven-194-166,foil,"Jayce, Defender of Tomorrow (Overnumbered)",VEN,Rare,200.35,,200.35,1,33.695,6750.79
2026-10-05,ven-194*-166,foil,"Jayce, Defender of Tomorrow (Signature)",VEN,Rare,1218.96,,1218.96,1,33.695,41072.86
2026-10-05,ven-195-166,foil,"Mel, Soul's Reflection (Overnumbered)",VEN,Rare,159.97,,159.97,1,33.695,5390.19
2026-10-05,ven-195*-166,foil,"Mel, Soul's Reflection (Signature)",VEN,Rare,1113.65,,1113.65,1,33.695,37524.44
2026-10-05,ven-196-166,foil,"Ambessa, Matriarch of War (Overnumbered)",VEN,Rare,112.05,,112.05,1,33.695,3775.52
2026-10-05,ven-196*-166,foil,"Ambessa, Matriarch of War (Signature)",VEN,Rare,482.56,,482.56,1,33.695,16259.86
2026-10-05,ven-197-166,foil,"Kennen, Heart of the Tempest (Overnumbered)",VEN,Rare,210.84,,210.84,1,33.695,7104.25
2026-10-05,ven-197*-166,foil,"Kennen, Heart of the Tempest (Signature)",VEN,Rare,1152.22,,1152.22,1,33.695,38824.05
2026-10-05,ven-r01,normal,Fury Rune,VEN,Common,0.07,,0.07,1,33.695,2.36
2026-10-05,ven-r01,foil,Fury Rune,VEN,Common,6.34,,6.34,1,33.695,213.63
2026-10-05,ven-r01a,foil,Fury Rune (Alternate Art),VEN,Showcase,7.3,,7.3,1,33.695,245.97
2026-10-05,ven-r02,normal,Calm Rune,VEN,Common,0.12,,0.12,1,33.695,4.04
2026-10-05,ven-r02a,foil,Calm Rune (Alternate Art),VEN,Showcase,7.12,,7.12,1,33.695,239.91
2026-10-05,ven-r03,normal,Mind Rune,VEN,Common,0.11,,0.11,1,33.695,3.71
2026-10-05,ven-r03,foil,Mind Rune,VEN,Common,6.36,,6.36,1,33.695,214.3
2026-10-05,ven-r03a,foil,Mind Rune (Alternate Art),VEN,Showcase,5.37,,5.37,1,33.695,180.94
2026-10-05,ven-r04,normal,Body Rune,VEN,Common,0.1,,0.1,1,33.695,3.37
2026-10-05,ven-r04,foil,Body Rune,VEN,Common,10,,10,1,33.695,336.95
2026-10-05,ven-r04a,foil,Body Rune (Alternate Art),VEN,Showcase,6.01,,6.01,1,33.695,202.51
2026-10-05,ven-r05,normal,Chaos Rune,VEN,Common,0.09,,0.09,1,33.695,3.03
2026-10-05,ven-r05,foil,Chaos Rune,VEN,Common,10.19,,10.19,1,33.695,343.35
2026-10-05,ven-r05a,foil,Chaos Rune (Alternate Art),VEN,Showcase,7.75,,7.75,1,33.695,261.14
2026-10-05,ven-r06,normal,Order Rune,VEN,Common,0.1,,0.1,1,33.695,3.37
2026-10-05,ven-r06,foil,Order Rune,VEN,Common,9.51,,9.51,1,33.695,320.44
2026-10-05,ven-r06a,foil,Order Rune (Alternate Art),VEN,Showcase,5.53,,5.53,1,33.695,186.33
2026-10-05,ven-sp1-006,foil,"Kai'Sa, Survivor",VEN,Epic,85.87,,85.87,1,33.695,2893.39
2026-10-05,ven-sp2-006,foil,"Sona, Harmonious",VEN,Epic,26.4,,26.4,1,33.695,889.55
2026-10-05,ven-sp3-006,foil,"Ahri, Inquisitive",VEN,Epic,70.57,,70.57,1,33.695,2377.86
2026-10-05,ven-sp4-006,foil,"Sett, Brawler",VEN,Epic,11.53,,11.53,1,33.695,388.5
2026-10-05,ven-sp5-006,foil,"Ezreal, Prodigy",VEN,Epic,15.6,,15.6,1,33.695,525.64
2026-10-05,ven-sp6-006,foil,"Lux, Crownguard",VEN,Epic,24,,24,1,33.695,808.68
