date,id,finish,name,set,rarity,rifthunt_usd,justtcg_usd,avg_usd,sources,usd_thb,avg_thb,label,prev_date,prev_avg_usd,change_pct
2026-10-05,unl-131-219,foil,Abandon,UNL,Uncommon,3.85,,3.85,1,33.695,129.73,Abandon [unl-131-219] Foil,,,
2026-10-05,unl-131-219,normal,Abandon,UNL,Uncommon,0.44,,0.44,1,33.695,14.83,Abandon [unl-131-219] Normal,,,
2026-10-05,unl-205-219,foil,Abandoned Hall,UNL,Uncommon,0.41,,0.41,1,33.695,13.81,Abandoned Hall [unl-205-219] Foil,,,
2026-10-05,unl-205-219,normal,Abandoned Hall,UNL,Uncommon,0.13,,0.13,1,33.695,4.38,Abandoned Hall [unl-205-219] Normal,,,
2026-10-05,ven-150-166,foil,Acceleration Gate,VEN,Epic,0.66,,0.66,1,33.695,22.24,Acceleration Gate [ven-150-166] Foil,,,
2026-10-05,ogn-179-298,foil,Acceptable Losses,OGN,Uncommon,3.42,,3.42,1,33.695,115.24,Acceptable Losses [ogn-179-298] Foil,,,
2026-10-05,ogn-179-298,normal,Acceptable Losses,OGN,Uncommon,0.59,,0.59,1,33.695,19.88,Acceptable Losses [ogn-179-298] Normal,,,
2026-10-05,ogn-056-298,foil,Adaptatron,OGN,Uncommon,2.19,,2.19,1,33.695,73.79,Adaptatron [ogn-056-298] Foil,,,
2026-10-05,ogn-056-298,normal,Adaptatron,OGN,Uncommon,0.32,,0.32,1,33.695,10.78,Adaptatron [ogn-056-298] Normal,,,
2026-10-05,ven-024-166,foil,Affectionate Poro,VEN,Common,0.19,,0.19,1,33.695,6.4,Affectionate Poro [ven-024-166] Foil,,,
2026-10-05,ven-024-166,normal,Affectionate Poro,VEN,Common,0.09,,0.09,1,33.695,3.03,Affectionate Poro [ven-024-166] Normal,,,
2026-10-05,sfd-001-221,foil,Against the Odds,SFD,Common,0.26,,0.26,1,33.695,8.76,Against the Odds [sfd-001-221] Foil,,,
2026-10-05,sfd-001-221,normal,Against the Odds,SFD,Common,0.09,,0.09,1,33.695,3.03,Against the Odds [sfd-001-221] Normal,,,
2026-10-05,ogn-066a-298,foil,"Ahri, Alluring (Alternate Art)",OGN,Showcase,6.24,,6.24,1,33.695,210.26,"Ahri, Alluring (Alternate Art) [ogn-066a-298] Foil",,,
2026-10-05,pr-066-298,foil,"Ahri, Alluring (Launch Exclusive)",PR,Promo,161.47,,161.47,1,33.695,5440.73,"Ahri, Alluring (Launch Exclusive) [pr-066-298] Foil",,,
2026-10-05,ogn-066-298,foil,"Ahri, Alluring",OGN,Rare,0.92,,0.92,1,33.695,31,"Ahri, Alluring [ogn-066-298] Foil",,,
2026-10-05,ogn-119a-298,foil,"Ahri, Inquisitive (Alternate Art)",OGN,Showcase,13.48,,13.48,1,33.695,454.21,"Ahri, Inquisitive (Alternate Art) [ogn-119a-298] Foil",,,
2026-10-05,sfd-227-221,foil,"Ahri, Inquisitive (Overnumbered)",SFD,Showcase,663.31,,663.31,1,33.695,22350.23,"Ahri, Inquisitive (Overnumbered) [sfd-227-221] Foil",,,
2026-10-05,sfd-227*-221,foil,"Ahri, Inquisitive (Signature)",SFD,Showcase,3334.49,,3334.49,1,33.695,112355.64,"Ahri, Inquisitive (Signature) [sfd-227*-221] Foil",,,
2026-10-05,ogn-119-298,foil,"Ahri, Inquisitive",OGN,Epic,6.97,,6.97,1,33.695,234.85,"Ahri, Inquisitive [ogn-119-298] Foil",,,
2026-10-05,ven-sp3-006,foil,"Ahri, Inquisitive",VEN,Epic,70.57,,70.57,1,33.695,2377.86,"Ahri, Inquisitive [ven-sp3-006] Foil",,,
2026-10-05,ogn-303-298,foil,"Ahri, Nine-Tailed Fox (Overnumbered)",OGN,Showcase,366.08,,366.08,1,33.695,12335.07,"Ahri, Nine-Tailed Fox (Overnumbered) [ogn-303-298] Foil",,,
2026-10-05,ogn-303*-298,foil,"Ahri, Nine-Tailed Fox (Signature)",OGN,Showcase,3711.35,,3711.35,1,33.695,125053.94,"Ahri, Nine-Tailed Fox (Signature) [ogn-303*-298] Foil",,,
2026-10-05,ogn-255-298,foil,"Ahri, Nine-Tailed Fox",OGN,Rare,2.03,,2.03,1,33.695,68.4,"Ahri, Nine-Tailed Fox [ogn-255-298] Foil",,,
2026-10-05,opp-255-298,foil,"Ahri, Nine-Tailed Fox",OPP,Promo,307.71,,307.71,1,33.695,10368.29,"Ahri, Nine-Tailed Fox [opp-255-298] Foil",,,
2026-10-05,opp-255-298,foil,"Ahri, Nine-Tailed Fox",OPP,Promo,4232.98,,4232.98,1,33.695,142630.26,"Ahri, Nine-Tailed Fox [opp-255-298] Foil",,,
2026-10-05,ven-021a-166,foil,"Akali, Deadly Weapon (Alternate Art)",VEN,Epic,11.1,,11.1,1,33.695,374.01,"Akali, Deadly Weapon (Alternate Art) [ven-021a-166] Foil",,,
2026-10-05,ven-021-166,foil,"Akali, Deadly Weapon",VEN,Epic,0.83,,0.83,1,33.695,27.97,"Akali, Deadly Weapon [ven-021-166] Foil",,,
2026-10-05,ven-189-166,foil,"Akali, Rogue Assassin (Overnumbered)",VEN,Rare,539.97,,539.97,1,33.695,18194.29,"Akali, Rogue Assassin (Overnumbered) [ven-189-166] Foil",,,
2026-10-05,ven-189*-166,foil,"Akali, Rogue Assassin (Signature)",VEN,Rare,3229.71,,3229.71,1,33.695,108825.08,"Akali, Rogue Assassin (Signature) [ven-189*-166] Foil",,,
2026-10-05,ven-139-166,foil,"Akali, Rogue Assassin",VEN,Rare,0.14,,0.14,1,33.695,4.72,"Akali, Rogue Assassin [ven-139-166] Foil",,,
2026-10-05,ven-038a-166,foil,"Akali, Silent (Alternate Art)",VEN,Rare,9.11,,9.11,1,33.695,306.96,"Akali, Silent (Alternate Art) [ven-038a-166] Foil",,,
2026-10-05,ven-038-166,foil,"Akali, Silent",VEN,Rare,0.27,,0.27,1,33.695,9.1,"Akali, Silent [ven-038-166] Foil",,,
2026-10-05,sfd-109-221,foil,"Akshan, Mischievous",SFD,Rare,0.71,,0.71,1,33.695,23.92,"Akshan, Mischievous [sfd-109-221] Foil",,,
2026-10-05,ogn-230-298,foil,Albus Ferros,OGN,Rare,0.14,,0.14,1,33.695,4.72,Albus Ferros [ogn-230-298] Foil,,,
2026-10-05,unl-041-219,foil,"Allay, Eager Admirer",UNL,Uncommon,0.44,,0.44,1,33.695,14.83,"Allay, Eager Admirer [unl-041-219] Foil",,,
2026-10-05,unl-041-219,normal,"Allay, Eager Admirer",UNL,Uncommon,0.13,,0.13,1,33.695,4.38,"Allay, Eager Admirer [unl-041-219] Normal",,,
2026-10-05,unl-192-219,foil,Alpha Strike,UNL,Epic,2.32,,2.32,1,33.695,78.17,Alpha Strike [unl-192-219] Foil,,,
2026-10-05,unl-057-219,foil,Alpha Wildclaw,UNL,Epic,0.9,,0.9,1,33.695,30.33,Alpha Wildclaw [unl-057-219] Foil,,,
2026-10-05,unl-206-219,foil,Altar of Blood,UNL,Uncommon,0.21,,0.21,1,33.695,7.08,Altar of Blood [unl-206-219] Foil,,,
2026-10-05,unl-206-219,normal,Altar of Blood,UNL,Uncommon,0.08,,0.08,1,33.695,2.7,Altar of Blood [unl-206-219] Normal,,,
2026-10-05,sfd-169-221,foil,Altar of Memories,SFD,Rare,0.16,,0.16,1,33.695,5.39,Altar of Memories [sfd-169-221] Foil,,,
2026-10-05,ogn-275-298,foil,Altar to Unity,OGN,Uncommon,0.42,,0.42,1,33.695,14.15,Altar to Unity [ogn-275-298] Foil,,,
2026-10-05,ogn-275-298,normal,Altar to Unity,OGN,Uncommon,0.12,,0.12,1,33.695,4.04,Altar to Unity [ogn-275-298] Normal,,,
2026-10-05,unl-207-219,foil,Amateur Recital,UNL,Uncommon,0.25,,0.25,1,33.695,8.42,Amateur Recital [unl-207-219] Foil,,,
2026-10-05,unl-207-219,normal,Amateur Recital,UNL,Uncommon,0.09,,0.09,1,33.695,3.03,Amateur Recital [unl-207-219] Normal,,,
2026-10-05,ven-196-166,foil,"Ambessa, Matriarch of War (Overnumbered)",VEN,Rare,112.05,,112.05,1,33.695,3775.52,"Ambessa, Matriarch of War (Overnumbered) [ven-196-166] Foil",,,
2026-10-05,ven-196*-166,foil,"Ambessa, Matriarch of War (Signature)",VEN,Rare,482.56,,482.56,1,33.695,16259.86,"Ambessa, Matriarch of War (Signature) [ven-196*-166] Foil",,,
2026-10-05,ven-153-166,foil,"Ambessa, Matriarch of War",VEN,Rare,0.1,,0.1,1,33.695,3.37,"Ambessa, Matriarch of War [ven-153-166] Foil",,,
2026-10-05,ven-136a-166,foil,"Ambessa, Respected and Feared (Alternate Art)",VEN,Epic,2.27,,2.27,1,33.695,76.49,"Ambessa, Respected and Feared (Alternate Art) [ven-136a-166] Foil",,,
2026-10-05,ven-187-166,foil,"Ambessa, Respected and Feared (Overnumbered)",VEN,Epic,46.2,,46.2,1,33.695,1556.71,"Ambessa, Respected and Feared (Overnumbered) [ven-187-166] Foil",,,
2026-10-05,ven-136-166,foil,"Ambessa, Respected and Feared",VEN,Epic,0.4,,0.4,1,33.695,13.48,"Ambessa, Respected and Feared [ven-136-166] Foil",,,
2026-10-05,ven-084-166,foil,"Ambessa, The Wolf",VEN,Rare,0.13,,0.13,1,33.695,4.38,"Ambessa, The Wolf [ven-084-166] Foil",,,
2026-10-05,ven-084a-166,foil,"Ambessa, The Wolf",VEN,Rare,1.87,,1.87,1,33.695,63.01,"Ambessa, The Wolf [ven-084a-166] Foil",,,
2026-10-05,sfd-117-221,foil,Ancient Henge,SFD,Epic,1.15,,1.15,1,33.695,38.75,Ancient Henge [sfd-117-221] Foil,,,
2026-10-05,sfd-131-221,foil,Ancient Warmonger,SFD,Uncommon,0.22,,0.22,1,33.695,7.41,Ancient Warmonger [sfd-131-221] Foil,,,
2026-10-05,sfd-131-221,normal,Ancient Warmonger,SFD,Uncommon,0.1,,0.1,1,33.695,3.37,Ancient Warmonger [sfd-131-221] Normal,,,
2026-10-05,sfd-011-221,foil,Angle Shot,SFD,Uncommon,0.25,,0.25,1,33.695,8.42,Angle Shot [sfd-011-221] Foil,,,
2026-10-05,sfd-011-221,normal,Angle Shot,SFD,Uncommon,0.08,,0.08,1,33.695,2.7,Angle Shot [sfd-011-221] Normal,,,
2026-10-05,unl-132-219,foil,Angler Beast,UNL,Uncommon,0.55,,0.55,1,33.695,18.53,Angler Beast [unl-132-219] Foil,,,
2026-10-05,unl-132-219,normal,Angler Beast,UNL,Uncommon,0.17,,0.17,1,33.695,5.73,Angler Beast [unl-132-219] Normal,,,
2026-10-05,ogn-148-298,foil,"Anivia, Primal",OGN,Rare,0.26,,0.26,1,33.695,8.76,"Anivia, Primal [ogn-148-298] Foil",,,
2026-10-05,opp-017-024,foil,"Annie, Dark Child (Metal)",OPP,Promo,2210.34,,2210.34,1,33.695,74477.41,"Annie, Dark Child (Metal) [opp-017-024] Foil",,,
2026-10-05,opp-017-024,foil,"Annie, Dark Child (Metal)",OPP,Promo,37.71,,37.71,1,33.695,1270.64,"Annie, Dark Child (Metal) [opp-017-024] Foil",,,
2026-10-05,ogs-017-024,normal,"Annie, Dark Child (Starter)",OGS,Rare,3.58,,3.58,1,33.695,120.63,"Annie, Dark Child (Starter) [ogs-017-024] Normal",,,
2026-10-05,ogs-001-024,normal,"Annie, Fiery",OGS,Epic,2.72,,2.72,1,33.695,91.65,"Annie, Fiery [ogs-001-024] Normal",,,
2026-10-05,opp-001-024,foil,"Annie, Fiery",OPP,Promo,26.75,,26.75,1,33.695,901.34,"Annie, Fiery [opp-001-024] Foil",,,
2026-10-05,ogs-010-024,normal,"Annie, Stubborn",OGS,Rare,2.87,,2.87,1,33.695,96.7,"Annie, Stubborn [ogs-010-024] Normal",,,
2026-10-05,opp-010-024,foil,"Annie, Stubborn",OPP,Promo,13.56,,13.56,1,33.695,456.9,"Annie, Stubborn [opp-010-024] Foil",,,
2026-10-05,sfd-224-221,foil,"Aphelios, Exalted (Overnumbered)",SFD,Showcase,77.67,,77.67,1,33.695,2617.09,"Aphelios, Exalted (Overnumbered) [sfd-224-221] Foil",,,
2026-10-05,sfd-224*-221,foil,"Aphelios, Exalted (Signature)",SFD,Showcase,567.87,,567.87,1,33.695,19134.38,"Aphelios, Exalted (Signature) [sfd-224*-221] Foil",,,
2026-10-05,sfd-049-221,foil,"Aphelios, Exalted",SFD,Rare,0.26,,0.26,1,33.695,8.76,"Aphelios, Exalted [sfd-049-221] Foil",,,
2026-10-05,ven-055-166,foil,Applied Researchers,VEN,Uncommon,0.65,,0.65,1,33.695,21.9,Applied Researchers [ven-055-166] Foil,,,
2026-10-05,ven-055-166,normal,Applied Researchers,VEN,Uncommon,0.12,,0.12,1,33.695,4.04,Applied Researchers [ven-055-166] Normal,,,
2026-10-05,ven-047-166,foil,Apprentice Mage,VEN,Common,0.21,,0.21,1,33.695,7.08,Apprentice Mage [ven-047-166] Foil,,,
2026-10-05,ven-047-166,normal,Apprentice Mage,VEN,Common,0.03,,0.03,1,33.695,1.01,Apprentice Mage [ven-047-166] Normal,,,
2026-10-05,sfd-041-221,foil,Apprentice Smith,SFD,Uncommon,0.3,,0.3,1,33.695,10.11,Apprentice Smith [sfd-041-221] Foil,,,
2026-10-05,sfd-041-221,normal,Apprentice Smith,SFD,Uncommon,0.11,,0.11,1,33.695,3.71,Apprentice Smith [sfd-041-221] Normal,,,
2026-10-05,unl-117-219,foil,Arachnoid Horror,UNL,Epic,1.79,,1.79,1,33.695,60.31,Arachnoid Horror [unl-117-219] Foil,,,
2026-10-05,sfd-200-221,foil,Arcane Shift,SFD,Epic,0.79,,0.79,1,33.695,26.62,Arcane Shift [sfd-200-221] Foil,,,
2026-10-05,ogn-124-298,foil,Arena Bar,OGN,Common,0.27,,0.27,1,33.695,9.1,Arena Bar [ogn-124-298] Foil,,,
2026-10-05,ogn-124-298,normal,Arena Bar,OGN,Common,0.15,,0.15,1,33.695,5.05,Arena Bar [ogn-124-298] Normal,,,
2026-10-05,opp-001-219,foil,Arena Kingpin,OPP,Promo,0.4,,0.4,1,33.695,13.48,Arena Kingpin [opp-001-219] Foil,,,
2026-10-05,unl-001-219,foil,Arena Kingpin,UNL,Common,0.15,,0.15,1,33.695,5.05,Arena Kingpin [unl-001-219] Foil,,,
2026-10-05,unl-001-219,normal,Arena Kingpin,UNL,Common,0.07,,0.07,1,33.695,2.36,Arena Kingpin [unl-001-219] Normal,,,
2026-10-05,sfd-198-221,foil,Arise!,SFD,Epic,26.47,,26.47,1,33.695,891.91,Arise! [sfd-198-221] Foil,,,
2026-10-05,sfd-002-221,foil,Armed Assailant,SFD,Common,0.14,,0.14,1,33.695,4.72,Armed Assailant [sfd-002-221] Foil,,,
2026-10-05,sfd-002-221,normal,Armed Assailant,SFD,Common,0.04,,0.04,1,33.695,1.35,Armed Assailant [sfd-002-221] Normal,,,
2026-10-05,opp-169-219,foil,"Ashe, Focused",OPP,Promo,1.57,,1.57,1,33.695,52.9,"Ashe, Focused [opp-169-219] Foil",,,
2026-10-05,unl-169-219,foil,"Ashe, Focused",UNL,Rare,1.14,,1.14,1,33.695,38.41,"Ashe, Focused [unl-169-219] Foil",,,
2026-10-05,ogn-276-298,foil,Aspirant's Climb,OGN,Uncommon,1.26,,1.26,1,33.695,42.46,Aspirant's Climb [ogn-276-298] Foil,,,
2026-10-05,ogn-276-298,normal,Aspirant's Climb,OGN,Uncommon,0.22,,0.22,1,33.695,7.41,Aspirant's Climb [ogn-276-298] Normal,,,
2026-10-05,pr-276a-298,foil,Aspirant's Climb,PR,Promo,43.57,,43.57,1,33.695,1468.09,Aspirant's Climb [pr-276a-298] Foil,,,
2026-10-05,sfd-061-221,foil,Aspiring Engineer,SFD,Common,0.32,,0.32,1,33.695,10.78,Aspiring Engineer [sfd-061-221] Foil,,,
2026-10-05,sfd-061-221,normal,Aspiring Engineer,SFD,Common,0.07,,0.07,1,33.695,2.36,Aspiring Engineer [sfd-061-221] Normal,,,
2026-10-05,sfd-019-221,foil,Assembly Rig,SFD,Rare,0.12,,0.12,1,33.695,4.04,Assembly Rig [sfd-019-221] Foil,,,
2026-10-05,ven-044-166,foil,Astral Heron,VEN,Epic,38.75,,38.75,1,33.695,1305.68,Astral Heron [ven-044-166] Foil,,,
2026-10-05,unl-170-219,foil,Atakhan,UNL,Rare,0.2,,0.2,1,33.695,6.74,Atakhan [unl-170-219] Foil,,,
2026-10-05,ven-130-166,foil,Aurok General,VEN,Rare,0.11,,0.11,1,33.695,3.71,Aurok General [ven-130-166] Foil,,,
2026-10-05,ogn-107-298,foil,Ava Achiever,OGN,Rare,0.2,,0.2,1,33.695,6.74,Ava Achiever [ogn-107-298] Foil,,,
2026-10-05,sfd-050a-221,foil,"Azir, Ascendant (Alternate Art)",SFD,Showcase,0.82,,0.82,1,33.695,27.63,"Azir, Ascendant (Alternate Art) [sfd-050a-221] Foil",,,
2026-10-05,sfd-050-221,foil,"Azir, Ascendant",SFD,Rare,0.19,,0.19,1,33.695,6.4,"Azir, Ascendant [sfd-050-221] Foil",,,
2026-10-05,sfd-247-221,foil,"Azir, Emperor of the Sands (Overnumbered)",SFD,Showcase,125.11,,125.11,1,33.695,4215.58,"Azir, Emperor of the Sands (Overnumbered) [sfd-247-221] Foil",,,
2026-10-05,sfd-197-221,foil,"Azir, Emperor of the Sands",SFD,Rare,0.23,,0.23,1,33.695,7.75,"Azir, Emperor of the Sands [sfd-197-221] Foil",,,
2026-10-05,sfd-177a-221,foil,"Azir, Sovereign (Alternate Art)",SFD,Showcase,8.32,,8.32,1,33.695,280.34,"Azir, Sovereign (Alternate Art) [sfd-177a-221] Foil",,,
2026-10-05,sfd-177-221,foil,"Azir, Sovereign",SFD,Epic,9.19,,9.19,1,33.695,309.66,"Azir, Sovereign [sfd-177-221] Foil",,,
2026-10-05,sfd-161-221,foil,B.F. Sword,SFD,Uncommon,1.55,,1.55,1,33.695,52.23,B.F. Sword [sfd-161-221] Foil,,,
2026-10-05,sfd-161-221,normal,B.F. Sword,SFD,Uncommon,0.37,,0.37,1,33.695,12.47,B.F. Sword [sfd-161-221] Normal,,,
2026-10-05,ven-009-166,foil,Baccai Reaper,VEN,Uncommon,0.24,,0.24,1,33.695,8.09,Baccai Reaper [ven-009-166] Foil,,,
2026-10-05,ven-009-166,normal,Baccai Reaper,VEN,Uncommon,0.04,,0.04,1,33.695,1.35,Baccai Reaper [ven-009-166] Normal,,,
2026-10-05,ven-001-166,foil,Baccai Sandspinner,VEN,Common,0.14,,0.14,1,33.695,4.72,Baccai Sandspinner [ven-001-166] Foil,,,
2026-10-05,ven-001-166,normal,Baccai Sandspinner,VEN,Common,0.05,,0.05,1,33.695,1.68,Baccai Sandspinner [ven-001-166] Normal,,,
2026-10-05,ven-078-166,foil,Baccai Witherclaw,VEN,Uncommon,0.3,,0.3,1,33.695,10.11,Baccai Witherclaw [ven-078-166] Foil,,,
2026-10-05,ven-078-166,normal,Baccai Witherclaw,VEN,Uncommon,0.05,,0.05,1,33.695,1.68,Baccai Witherclaw [ven-078-166] Normal,,,
2026-10-05,unl-042-219,foil,Back Off,UNL,Uncommon,1.77,,1.77,1,33.695,59.64,Back Off [unl-042-219] Foil,,,
2026-10-05,unl-042-219,normal,Back Off,UNL,Uncommon,0.24,,0.24,1,33.695,8.09,Back Off [unl-042-219] Normal,,,
2026-10-05,ogn-206-298,foil,Back to Back,OGN,Common,0.18,,0.18,1,33.695,6.07,Back to Back [ogn-206-298] Foil,,,
2026-10-05,ogn-206-298,normal,Back to Back,OGN,Common,0.06,,0.06,1,33.695,2.02,Back to Back [ogn-206-298] Normal,,,
2026-10-05,ogn-277-298,foil,Back-Alley Bar,OGN,Uncommon,0.45,,0.45,1,33.695,15.16,Back-Alley Bar [ogn-277-298] Foil,,,
2026-10-05,ogn-277-298,normal,Back-Alley Bar,OGN,Uncommon,0.17,,0.17,1,33.695,5.73,Back-Alley Bar [ogn-277-298] Normal,,,
2026-10-05,ogn-242-298,foil,Baited Hook,OGN,Epic,58.93,,58.93,1,33.695,1985.65,Baited Hook [ogn-242-298] Foil,,,
2026-10-05,unl-151-219,foil,Bandle Soldier,UNL,Common,0.11,,0.11,1,33.695,3.71,Bandle Soldier [unl-151-219] Foil,,,
2026-10-05,unl-151-219,normal,Bandle Soldier,UNL,Common,0.03,,0.03,1,33.695,1.01,Bandle Soldier [unl-151-219] Normal,,,
2026-10-05,ogn-278-298,foil,Bandle Tree,OGN,Uncommon,0.58,,0.58,1,33.695,19.54,Bandle Tree [ogn-278-298] Foil,,,
2026-10-05,ogn-278-298,normal,Bandle Tree,OGN,Uncommon,0.19,,0.19,1,33.695,6.4,Bandle Tree [ogn-278-298] Normal,,,
2026-10-05,pr-278a-298,foil,Bandle Tree,PR,Promo,65.12,,65.12,1,33.695,2194.22,Bandle Tree [pr-278a-298] Foil,,,
2026-10-05,sfd-228-221,foil,"Bard, Mercurial (Overnumbered)",SFD,Showcase,72.01,,72.01,1,33.695,2426.38,"Bard, Mercurial (Overnumbered) [sfd-228-221] Foil",,,
2026-10-05,sfd-228*-221,foil,"Bard, Mercurial (Signature)",SFD,Showcase,456.57,,456.57,1,33.695,15384.13,"Bard, Mercurial (Signature) [sfd-228*-221] Foil",,,
2026-10-05,sfd-079-221,foil,"Bard, Mercurial",SFD,Rare,0.19,,0.19,1,33.695,6.4,"Bard, Mercurial [sfd-079-221] Foil",,,
2026-10-05,unl-147a-219,foil,Baron Nashor (Alternate Art),UNL,Epic,26.74,,26.74,1,33.695,901,Baron Nashor (Alternate Art) [unl-147a-219] Foil,,,
2026-10-05,unl-238-219,foil,Baron Nashor (Ultimate),UNL,Epic,1828.46,,1828.46,1,33.695,61609.96,Baron Nashor (Ultimate) [unl-238-219] Foil,,,
2026-10-05,unl-147-219,foil,Baron Nashor,UNL,Epic,20.08,,20.08,1,33.695,676.6,Baron Nashor [unl-147-219] Foil,,,
2026-10-05,sfd-012-221,foil,Battering Ram,SFD,Uncommon,0.44,,0.44,1,33.695,14.83,Battering Ram [sfd-012-221] Foil,,,
2026-10-05,sfd-012-221,normal,Battering Ram,SFD,Uncommon,0.14,,0.14,1,33.695,4.72,Battering Ram [sfd-012-221] Normal,,,
2026-10-05,sfd-132-221,foil,Beast Below,SFD,Uncommon,0.28,,0.28,1,33.695,9.43,Beast Below [sfd-132-221] Foil,,,
2026-10-05,sfd-132-221,normal,Beast Below,SFD,Uncommon,0.11,,0.11,1,33.695,3.71,Beast Below [sfd-132-221] Normal,,,
2026-10-05,sfd-080-221,foil,Bellows Breath,SFD,Rare,2.9,,2.9,1,33.695,97.72,Bellows Breath [sfd-080-221] Foil,,,
2026-10-05,unl-121-219,foil,Bewitching Spirit,UNL,Common,0.41,,0.41,1,33.695,13.81,Bewitching Spirit [unl-121-219] Foil,,,
2026-10-05,unl-121-219,normal,Bewitching Spirit,UNL,Common,0.12,,0.12,1,33.695,4.04,Bewitching Spirit [unl-121-219] Normal,,,
2026-10-05,ogn-125-298,foil,Bilgewater Bully,OGN,Common,0.15,,0.15,1,33.695,5.05,Bilgewater Bully [ogn-125-298] Foil,,,
2026-10-05,ogn-125-298,normal,Bilgewater Bully,OGN,Common,0.04,,0.04,1,33.695,1.35,Bilgewater Bully [ogn-125-298] Normal,,,
2026-10-05,unl-208-219,foil,Black Flame Altar,UNL,Uncommon,0.23,,0.23,1,33.695,7.75,Black Flame Altar [unl-208-219] Foil,,,
2026-10-05,unl-208-219,normal,Black Flame Altar,UNL,Uncommon,0.12,,0.12,1,33.695,4.04,Black Flame Altar [unl-208-219] Normal,,,
2026-10-05,sfd-121-221,foil,Black Market Broker,SFD,Common,0.18,,0.18,1,33.695,6.07,Black Market Broker [sfd-121-221] Foil,,,
2026-10-05,sfd-121-221,normal,Black Market Broker,SFD,Common,0.05,,0.05,1,33.695,1.68,Black Market Broker [sfd-121-221] Normal,,,
2026-10-05,unl-152-219,foil,Black Rose Dignitary,UNL,Common,0.32,,0.32,1,33.695,10.78,Black Rose Dignitary [unl-152-219] Foil,,,
2026-10-05,unl-152-219,normal,Black Rose Dignitary,UNL,Common,0.13,,0.13,1,33.695,4.38,Black Rose Dignitary [unl-152-219] Normal,,,
2026-10-05,sfd-178-221,foil,Blade of the Ruined King,SFD,Epic,5.58,,5.58,1,33.695,188.02,Blade of the Ruined King [sfd-178-221] Foil,,,
2026-10-05,opp-002-166,foil,Blade Twirler,OPP,Common,0.7,,0.7,1,33.695,23.59,Blade Twirler [opp-002-166] Foil,,,
2026-10-05,ven-002-166,foil,Blade Twirler,VEN,Common,0.15,,0.15,1,33.695,5.05,Blade Twirler [ven-002-166] Foil,,,
2026-10-05,ven-002-166,normal,Blade Twirler,VEN,Common,0.06,,0.06,1,33.695,2.02,Blade Twirler [ven-002-166] Normal,,,
2026-10-05,unl-133-219,foil,Blast Cone,UNL,Uncommon,0.17,,0.17,1,33.695,5.73,Blast Cone [unl-133-219] Foil,,,
2026-10-05,unl-133-219,normal,Blast Cone,UNL,Uncommon,0.08,,0.08,1,33.695,2.7,Blast Cone [unl-133-219] Normal,,,
2026-10-05,opp-013-221,foil,Blast Corps Cadet,OPP,Promo,0.29,,0.29,1,33.695,9.77,Blast Corps Cadet [opp-013-221] Foil,,,
2026-10-05,sfd-013-221,foil,Blast Corps Cadet,SFD,Uncommon,0.25,,0.25,1,33.695,8.42,Blast Corps Cadet [sfd-013-221] Foil,,,
2026-10-05,sfd-013-221,normal,Blast Corps Cadet,SFD,Uncommon,0.11,,0.11,1,33.695,3.71,Blast Corps Cadet [sfd-013-221] Normal,,,
2026-10-05,ogs-012-024,normal,Blast of Power,OGS,Common,0.35,,0.35,1,33.695,11.79,Blast of Power [ogs-012-024] Normal,,,
2026-10-05,ogn-097-298,foil,Blastcone Fae,OGN,Uncommon,0.36,,0.36,1,33.695,12.13,Blastcone Fae [ogn-097-298] Foil,,,
2026-10-05,ogn-097-298,normal,Blastcone Fae,OGN,Uncommon,0.17,,0.17,1,33.695,5.73,Blastcone Fae [ogn-097-298] Normal,,,
2026-10-05,ogn-001-298,foil,Blazing Scorcher,OGN,Common,0.21,,0.21,1,33.695,7.08,Blazing Scorcher [ogn-001-298] Foil,,,
2026-10-05,ogn-001-298,normal,Blazing Scorcher,OGN,Common,0.09,,0.09,1,33.695,3.03,Blazing Scorcher [ogn-001-298] Normal,,,
2026-10-05,opp-001-298,foil,Blazing Scorcher,OPP,Promo,0.33,,0.33,1,33.695,11.12,Blazing Scorcher [opp-001-298] Foil,,,
2026-10-05,unl-019-219,foil,Blighted Battleaxe,UNL,Rare,0.39,,0.39,1,33.695,13.14,Blighted Battleaxe [unl-019-219] Foil,,,
2026-10-05,ogn-025-298,foil,Blind Fury,OGN,Rare,0.21,,0.21,1,33.695,7.08,Blind Fury [ogn-025-298] Foil,,,
2026-10-05,ogn-067-298,foil,"Blitzcrank, Impassive",OGN,Rare,2.55,,2.55,1,33.695,85.92,"Blitzcrank, Impassive [ogn-067-298] Foil",,,
2026-10-05,opp-067-298,foil,"Blitzcrank, Impassive",OPP,Promo,8.85,,8.85,1,33.695,298.2,"Blitzcrank, Impassive [opp-067-298] Foil",,,
2026-10-05,ogn-057-298,foil,Block,OGN,Uncommon,0.72,,0.72,1,33.695,24.26,Block [ogn-057-298] Foil,,,
2026-10-05,ogn-057-298,normal,Block,OGN,Uncommon,0.26,,0.26,1,33.695,8.76,Block [ogn-057-298] Normal,,,
2026-10-05,sfd-162-221,foil,Blood Money,SFD,Uncommon,0.29,,0.29,1,33.695,9.77,Blood Money [sfd-162-221] Foil,,,
2026-10-05,sfd-162-221,normal,Blood Money,SFD,Uncommon,0.13,,0.13,1,33.695,4.38,Blood Money [sfd-162-221] Normal,,,
2026-10-05,unl-109-219,foil,Blood Rose,UNL,Rare,0.15,,0.15,1,33.695,5.05,Blood Rose [unl-109-219] Foil,,,
2026-10-05,sfd-003-221,foil,Blood Rush,SFD,Common,0.27,,0.27,1,33.695,9.1,Blood Rush [sfd-003-221] Foil,,,
2026-10-05,sfd-003-221,normal,Blood Rush,SFD,Common,0.09,,0.09,1,33.695,3.03,Blood Rush [sfd-003-221] Normal,,,
2026-10-05,unl-087a-219,foil,Blue Sentinel (Alternate Art),UNL,Epic,5.06,,5.06,1,33.695,170.5,Blue Sentinel (Alternate Art) [unl-087a-219] Foil,,,
2026-10-05,jdg-087-219,foil,Blue Sentinel,JDG,Promo,362.29,,362.29,1,33.695,12207.36,Blue Sentinel [jdg-087-219] Foil,,,
2026-10-05,unl-087-219,foil,Blue Sentinel,UNL,Epic,2.95,,2.95,1,33.695,99.4,Blue Sentinel [unl-087-219] Foil,,,
2026-10-05,ogn-126a-298,foil,Body Rune (Alternate Art),OGN,Showcase,3.02,,3.02,1,33.695,101.76,Body Rune (Alternate Art) [ogn-126a-298] Foil,,,
2026-10-05,sfd-r04a,foil,Body Rune (Alternate Art),SFD,Showcase,2.92,,2.92,1,33.695,98.39,Body Rune (Alternate Art) [sfd-r04a] Foil,,,
2026-10-05,unl-r04a,foil,Body Rune (Alternate Art),UNL,Showcase,6.33,,6.33,1,33.695,213.29,Body Rune (Alternate Art) [unl-r04a] Foil,,,
2026-10-05,ven-r04a,foil,Body Rune (Alternate Art),VEN,Showcase,6.01,,6.01,1,33.695,202.51,Body Rune (Alternate Art) [ven-r04a] Foil,,,
2026-10-05,ogn-126-298,normal,Body Rune,OGN,Common,0.12,,0.12,1,33.695,4.04,Body Rune [ogn-126-298] Normal,,,
2026-10-05,opp-126b-298,foil,Body Rune,OPP,Promo,2.89,,2.89,1,33.695,97.38,Body Rune [opp-126b-298] Foil,,,
2026-10-05,opp-r04b,foil,Body Rune,OPP,Common,3.87,,3.87,1,33.695,130.4,Body Rune [opp-r04b] Foil,,,
2026-10-05,opp-r04c,normal,Body Rune,OPP,Promo,20.34,,20.34,1,33.695,685.36,Body Rune [opp-r04c] Normal,,,
2026-10-05,sfd-r04,normal,Body Rune,SFD,Common,0.16,,0.16,1,33.695,5.39,Body Rune [sfd-r04] Normal,,,
2026-10-05,sfd-r04b,foil,Body Rune,SFD,Promo,5.71,,5.71,1,33.695,192.4,Body Rune [sfd-r04b] Foil,,,
2026-10-05,unl-r04,normal,Body Rune,UNL,Common,0.12,,0.12,1,33.695,4.04,Body Rune [unl-r04] Normal,,,
2026-10-05,unl-r04b,foil,Body Rune,UNL,Promo,3.36,,3.36,1,33.695,113.22,Body Rune [unl-r04b] Foil,,,
2026-10-05,ven-r04,foil,Body Rune,VEN,Common,10,,10,1,33.695,336.95,Body Rune [ven-r04] Foil,,,
2026-10-05,ven-r04,normal,Body Rune,VEN,Common,0.1,,0.1,1,33.695,3.37,Body Rune [ven-r04] Normal,,,
2026-10-05,sfd-151-221,foil,Bonds of Strength,SFD,Common,0.2,,0.2,1,33.695,6.74,Bonds of Strength [sfd-151-221] Foil,,,
2026-10-05,sfd-151-221,normal,Bonds of Strength,SFD,Common,0.08,,0.08,1,33.695,2.7,Bonds of Strength [sfd-151-221] Normal,,,
2026-10-05,unl-139-219,foil,Bone Skewer,UNL,Rare,0.38,,0.38,1,33.695,12.8,Bone Skewer [unl-139-219] Foil,,,
2026-10-05,opp-118a-221,foil,Boneshiver,OPP,Promo,50.93,,50.93,1,33.695,1716.09,Boneshiver [opp-118a-221] Foil,,,
2026-10-05,sfd-118-221,foil,Boneshiver,SFD,Epic,2.91,,2.91,1,33.695,98.05,Boneshiver [sfd-118-221] Foil,,,
2026-10-05,sfd-133-221,foil,Boots of Swiftness,SFD,Uncommon,2.99,,2.99,1,33.695,100.75,Boots of Swiftness [sfd-133-221] Foil,,,
2026-10-05,sfd-133-221,normal,Boots of Swiftness,SFD,Uncommon,0.54,,0.54,1,33.695,18.2,Boots of Swiftness [sfd-133-221] Normal,,,
2026-10-05,ven-067-166,foil,Bottled Constellation,VEN,Epic,2.48,,2.48,1,33.695,83.56,Bottled Constellation [ven-067-166] Foil,,,
2026-10-05,ogn-002-298,foil,Brazen Buccaneer,OGN,Common,0.16,,0.16,1,33.695,5.39,Brazen Buccaneer [ogn-002-298] Foil,,,
2026-10-05,ogn-002-298,normal,Brazen Buccaneer,OGN,Common,0.07,,0.07,1,33.695,2.36,Brazen Buccaneer [ogn-002-298] Normal,,,
2026-10-05,sfd-071-221,foil,Breakneck Mech,SFD,Uncommon,0.28,,0.28,1,33.695,9.43,Breakneck Mech [sfd-071-221] Foil,,,
2026-10-05,sfd-071-221,normal,Breakneck Mech,SFD,Uncommon,0.12,,0.12,1,33.695,4.04,Breakneck Mech [sfd-071-221] Normal,,,
2026-10-05,ven-003-166,foil,Brittle Steel,VEN,Common,0.35,,0.35,1,33.695,11.79,Brittle Steel [ven-003-166] Foil,,,
2026-10-05,ven-003-166,normal,Brittle Steel,VEN,Common,0.1,,0.1,1,33.695,3.37,Brittle Steel [ven-003-166] Normal,,,
2026-10-05,ven-070-166,foil,Brutal Hunter,VEN,Common,0.16,,0.16,1,33.695,5.39,Brutal Hunter [ven-070-166] Foil,,,
2026-10-05,ven-070-166,normal,Brutal Hunter,VEN,Common,0.06,,0.06,1,33.695,2.02,Brutal Hunter [ven-070-166] Normal,,,
2026-10-05,sfd-042-221,foil,Brutalizer,SFD,Uncommon,1.57,,1.57,1,33.695,52.9,Brutalizer [sfd-042-221] Foil,,,
2026-10-05,sfd-042-221,normal,Brutalizer,SFD,Uncommon,0.36,,0.36,1,33.695,12.13,Brutalizer [sfd-042-221] Normal,,,
2026-10-05,ogn-026-298,foil,Brynhir Thundersong,OGN,Rare,2.7,,2.7,1,33.695,90.98,Brynhir Thundersong [ogn-026-298] Foil,,,
2026-10-05,sfd-062-221,foil,Bubble Bot,SFD,Common,0.26,,0.26,1,33.695,8.76,Bubble Bot [sfd-062-221] Foil,,,
2026-10-05,sfd-062-221,normal,Bubble Bot,SFD,Common,0.09,,0.09,1,33.695,3.03,Bubble Bot [sfd-062-221] Normal,,,
2026-10-05,sfd-091-221,foil,Buhru Captain,SFD,Common,0.17,,0.17,1,33.695,5.73,Buhru Captain [sfd-091-221] Foil,,,
2026-10-05,sfd-091-221,normal,Buhru Captain,SFD,Common,0.05,,0.05,1,33.695,1.68,Buhru Captain [sfd-091-221] Normal,,,
2026-10-05,ogn-268-298,foil,Bullet Time,OGN,Epic,2.18,,2.18,1,33.695,73.46,Bullet Time [ogn-268-298] Foil,,,
2026-10-05,sfd-004-221,foil,Bushwhack,SFD,Common,0.25,,0.25,1,33.695,8.42,Bushwhack [sfd-004-221] Foil,,,
2026-10-05,sfd-004-221,normal,Bushwhack,SFD,Common,0.08,,0.08,1,33.695,2.7,Bushwhack [sfd-004-221] Normal,,,
2026-10-05,ogn-068-298,foil,"Caitlyn, Patrolling",OGN,Rare,0.44,,0.44,1,33.695,14.83,"Caitlyn, Patrolling [ogn-068-298] Foil",,,
2026-10-05,pr-068a-298,foil,"Caitlyn, Patrolling",PR,Promo,101.03,,101.03,1,33.695,3404.21,"Caitlyn, Patrolling [pr-068a-298] Foil",,,
2026-10-05,unl-101-219,foil,Call to Battle,UNL,Uncommon,0.23,,0.23,1,33.695,7.75,Call to Battle [unl-101-219] Foil,,,
2026-10-05,unl-101-219,normal,Call to Battle,UNL,Uncommon,0.08,,0.08,1,33.695,2.7,Call to Battle [unl-101-219] Normal,,,
2026-10-05,ogn-207-298,foil,Call to Glory,OGN,Common,0.43,,0.43,1,33.695,14.49,Call to Glory [ogn-207-298] Foil,,,
2026-10-05,ogn-207-298,normal,Call to Glory,OGN,Common,0.15,,0.15,1,33.695,5.05,Call to Glory [ogn-207-298] Normal,,,
2026-10-05,sfd-122-221,foil,Called Shot,SFD,Common,0.45,,0.45,1,33.695,15.16,Called Shot [sfd-122-221] Foil,,,
2026-10-05,sfd-122-221,normal,Called Shot,SFD,Common,0.06,,0.06,1,33.695,2.02,Called Shot [sfd-122-221] Normal,,,
2026-10-05,ogn-042a-298,foil,Calm Rune (Alternate Art),OGN,Showcase,4.94,,4.94,1,33.695,166.45,Calm Rune (Alternate Art) [ogn-042a-298] Foil,,,
2026-10-05,sfd-r02a,foil,Calm Rune (Alternate Art),SFD,Showcase,4.97,,4.97,1,33.695,167.46,Calm Rune (Alternate Art) [sfd-r02a] Foil,,,
2026-10-05,unl-r02a,foil,Calm Rune (Alternate Art),UNL,Showcase,10.22,,10.22,1,33.695,344.36,Calm Rune (Alternate Art) [unl-r02a] Foil,,,
2026-10-05,ven-r02a,foil,Calm Rune (Alternate Art),VEN,Showcase,7.12,,7.12,1,33.695,239.91,Calm Rune (Alternate Art) [ven-r02a] Foil,,,
2026-10-05,ogn-042-298,normal,Calm Rune,OGN,Common,0.14,,0.14,1,33.695,4.72,Calm Rune [ogn-042-298] Normal,,,
2026-10-05,opp-042b-298,foil,Calm Rune,OPP,Promo,3.75,,3.75,1,33.695,126.36,Calm Rune [opp-042b-298] Foil,,,
2026-10-05,opp-r02b,foil,Calm Rune,OPP,Common,7.21,,7.21,1,33.695,242.94,Calm Rune [opp-r02b] Foil,,,
2026-10-05,opp-r02c,normal,Calm Rune,OPP,Promo,19.01,,19.01,1,33.695,640.54,Calm Rune [opp-r02c] Normal,,,
2026-10-05,sfd-r02,normal,Calm Rune,SFD,Common,0.11,,0.11,1,33.695,3.71,Calm Rune [sfd-r02] Normal,,,
2026-10-05,sfd-r02b,foil,Calm Rune,SFD,Promo,16.92,,16.92,1,33.695,570.12,Calm Rune [sfd-r02b] Foil,,,
2026-10-05,unl-r02,foil,Calm Rune,UNL,Common,0.24,,0.24,1,33.695,8.09,Calm Rune [unl-r02] Foil,,,
2026-10-05,unl-r02,normal,Calm Rune,UNL,Common,0.13,,0.13,1,33.695,4.38,Calm Rune [unl-r02] Normal,,,
2026-10-05,unl-r02b,foil,Calm Rune,UNL,Promo,8,,8,1,33.695,269.56,Calm Rune [unl-r02b] Foil,,,
2026-10-05,ven-r02,normal,Calm Rune,VEN,Common,0.12,,0.12,1,33.695,4.04,Calm Rune [ven-r02] Normal,,,
2026-10-05,ogn-127-298,foil,Cannon Barrage,OGN,Common,0.21,,0.21,1,33.695,7.08,Cannon Barrage [ogn-127-298] Foil,,,
2026-10-05,ogn-127-298,normal,Cannon Barrage,OGN,Common,0.1,,0.1,1,33.695,3.37,Cannon Barrage [ogn-127-298] Normal,,,
2026-10-05,ogn-015-298,foil,Captain Farron,OGN,Uncommon,0.27,,0.27,1,33.695,9.1,Captain Farron [ogn-015-298] Foil,,,
2026-10-05,ogn-015-298,normal,Captain Farron,OGN,Uncommon,0.08,,0.08,1,33.695,2.7,Captain Farron [ogn-015-298] Normal,,,
2026-10-05,sfd-081-221,foil,Card Sharp,SFD,Rare,0.25,,0.25,1,33.695,8.42,Card Sharp [sfd-081-221] Foil,,,
2026-10-05,ogn-149-298,foil,Carnivorous Snapvine,OGN,Rare,0.23,,0.23,1,33.695,7.75,Carnivorous Snapvine [ogn-149-298] Foil,,,
2026-10-05,unl-153-219,foil,Carrion Dredger,UNL,Common,0.28,,0.28,1,33.695,9.43,Carrion Dredger [unl-153-219] Foil,,,
2026-10-05,unl-153-219,normal,Carrion Dredger,UNL,Common,0.11,,0.11,1,33.695,3.71,Carrion Dredger [unl-153-219] Normal,,,
2026-10-05,ven-090-166,foil,Cataclysmic Duel,VEN,Epic,0.34,,0.34,1,33.695,11.46,Cataclysmic Duel [ven-090-166] Foil,,,
2026-10-05,ogn-138-298,foil,Catalyst of Aeons,OGN,Uncommon,3.5,,3.5,1,33.695,117.93,Catalyst of Aeons [ogn-138-298] Foil,,,
2026-10-05,ogn-138-298,normal,Catalyst of Aeons,OGN,Uncommon,0.3,,0.3,1,33.695,10.11,Catalyst of Aeons [ogn-138-298] Normal,,,
2026-10-05,ogn-165-298,foil,Cemetery Attendant,OGN,Common,0.22,,0.22,1,33.695,7.41,Cemetery Attendant [ogn-165-298] Foil,,,
2026-10-05,ogn-165-298,normal,Cemetery Attendant,OGN,Common,0.08,,0.08,1,33.695,2.7,Cemetery Attendant [ogn-165-298] Normal,,,
2026-10-05,unl-071-219,foil,Chakram Dancer,UNL,Uncommon,0.23,,0.23,1,33.695,7.75,Chakram Dancer [unl-071-219] Foil,,,
2026-10-05,unl-071-219,normal,Chakram Dancer,UNL,Uncommon,0.12,,0.12,1,33.695,4.04,Chakram Dancer [unl-071-219] Normal,,,
2026-10-05,ogn-128-298,foil,Challenge,OGN,Common,0.53,,0.53,1,33.695,17.86,Challenge [ogn-128-298] Foil,,,
2026-10-05,ogn-128-298,normal,Challenge,OGN,Common,0.24,,0.24,1,33.695,8.09,Challenge [ogn-128-298] Normal,,,
2026-10-05,opp-128-298,foil,Challenge,OPP,Promo,0.76,,0.76,1,33.695,25.61,Challenge [opp-128-298] Foil,,,
2026-10-05,ogn-166a-298,foil,Chaos Rune (Alternate Art),OGN,Showcase,4.7,,4.7,1,33.695,158.37,Chaos Rune (Alternate Art) [ogn-166a-298] Foil,,,
2026-10-05,sfd-r05a,foil,Chaos Rune (Alternate Art),SFD,Showcase,5.23,,5.23,1,33.695,176.22,Chaos Rune (Alternate Art) [sfd-r05a] Foil,,,
2026-10-05,unl-r05a,foil,Chaos Rune (Alternate Art),UNL,Showcase,10.65,,10.65,1,33.695,358.85,Chaos Rune (Alternate Art) [unl-r05a] Foil,,,
2026-10-05,ven-r05a,foil,Chaos Rune (Alternate Art),VEN,Showcase,7.75,,7.75,1,33.695,261.14,Chaos Rune (Alternate Art) [ven-r05a] Foil,,,
2026-10-05,ogn-166-298,normal,Chaos Rune,OGN,Common,0.11,,0.11,1,33.695,3.71,Chaos Rune [ogn-166-298] Normal,,,
2026-10-05,opp-166b-298,foil,Chaos Rune,OPP,Promo,6.05,,6.05,1,33.695,203.85,Chaos Rune [opp-166b-298] Foil,,,
2026-10-05,opp-r05b,foil,Chaos Rune,OPP,Common,14.53,,14.53,1,33.695,489.59,Chaos Rune [opp-r05b] Foil,,,
2026-10-05,opp-r05c,normal,Chaos Rune,OPP,Promo,20.38,,20.38,1,33.695,686.7,Chaos Rune [opp-r05c] Normal,,,
2026-10-05,sfd-r05,normal,Chaos Rune,SFD,Common,0.1,,0.1,1,33.695,3.37,Chaos Rune [sfd-r05] Normal,,,
2026-10-05,sfd-r05b,foil,Chaos Rune,SFD,Promo,15.56,,15.56,1,33.695,524.29,Chaos Rune [sfd-r05b] Foil,,,
2026-10-05,unl-r05,foil,Chaos Rune,UNL,Common,0.22,,0.22,1,33.695,7.41,Chaos Rune [unl-r05] Foil,,,
2026-10-05,unl-r05,normal,Chaos Rune,UNL,Common,0.09,,0.09,1,33.695,3.03,Chaos Rune [unl-r05] Normal,,,
2026-10-05,unl-r05b,foil,Chaos Rune,UNL,Promo,9.26,,9.26,1,33.695,312.02,Chaos Rune [unl-r05b] Foil,,,
2026-10-05,ven-r05,foil,Chaos Rune,VEN,Common,10.19,,10.19,1,33.695,343.35,Chaos Rune [ven-r05] Foil,,,
2026-10-05,ven-r05,normal,Chaos Rune,VEN,Common,0.09,,0.09,1,33.695,3.03,Chaos Rune [ven-r05] Normal,,,
2026-10-05,ogn-043-298,foil,Charm,OGN,Common,4.05,,4.05,1,33.695,136.46,Charm [ogn-043-298] Foil,,,
2026-10-05,ogn-043-298,normal,Charm,OGN,Common,0.37,,0.37,1,33.695,12.47,Charm [ogn-043-298] Normal,,,
2026-10-05,sfd-063-221,foil,Chemtech Cask,SFD,Common,0.24,,0.24,1,33.695,8.09,Chemtech Cask [sfd-063-221] Foil,,,
2026-10-05,sfd-063-221,normal,Chemtech Cask,SFD,Common,0.07,,0.07,1,33.695,2.36,Chemtech Cask [sfd-063-221] Normal,,,
2026-10-05,ogn-003-298,foil,Chemtech Enforcer,OGN,Common,0.14,,0.14,1,33.695,4.72,Chemtech Enforcer [ogn-003-298] Foil,,,
2026-10-05,ogn-003-298,normal,Chemtech Enforcer,OGN,Common,0.04,,0.04,1,33.695,1.35,Chemtech Enforcer [ogn-003-298] Normal,,,
2026-10-05,ogn-139-298,foil,Cithria of Cloudfield,OGN,Uncommon,0.23,,0.23,1,33.695,7.75,Cithria of Cloudfield [ogn-139-298] Foil,,,
2026-10-05,ogn-139-298,normal,Cithria of Cloudfield,OGN,Uncommon,0.14,,0.14,1,33.695,4.72,Cithria of Cloudfield [ogn-139-298] Normal,,,
2026-10-05,ven-056-166,foil,Clairvoyance,VEN,Uncommon,0.26,,0.26,1,33.695,8.76,Clairvoyance [ven-056-166] Foil,,,
2026-10-05,ven-056-166,normal,Clairvoyance,VEN,Uncommon,0.1,,0.1,1,33.695,3.37,Clairvoyance [ven-056-166] Normal,,,
2026-10-05,unl-110-219,foil,Clash of Giants,UNL,Rare,0.13,,0.13,1,33.695,4.38,Clash of Giants [unl-110-219] Foil,,,
2026-10-05,ogn-004-298,foil,Cleave,OGN,Common,0.35,,0.35,1,33.695,11.79,Cleave [ogn-004-298] Foil,,,
2026-10-05,ogn-004-298,normal,Cleave,OGN,Common,0.22,,0.22,1,33.695,7.41,Cleave [ogn-004-298] Normal,,,
2026-10-05,ogn-044-298,foil,Clockwork Keeper,OGN,Common,0.25,,0.25,1,33.695,8.42,Clockwork Keeper [ogn-044-298] Foil,,,
2026-10-05,ogn-044-298,normal,Clockwork Keeper,OGN,Common,0.12,,0.12,1,33.695,4.04,Clockwork Keeper [ogn-044-298] Normal,,,
2026-10-05,opp-064-221,foil,Cloth Armor,OPP,Promo,0.33,,0.33,1,33.695,11.12,Cloth Armor [opp-064-221] Foil,,,
2026-10-05,sfd-064-221,foil,Cloth Armor,SFD,Common,0.22,,0.22,1,33.695,7.41,Cloth Armor [sfd-064-221] Foil,,,
2026-10-05,sfd-064-221,normal,Cloth Armor,SFD,Common,0.07,,0.07,1,33.695,2.36,Cloth Armor [sfd-064-221] Normal,,,
2026-10-05,opp-048-166,foil,Cloud Drake,OPP,Common,0.3,,0.3,1,33.695,10.11,Cloud Drake [opp-048-166] Foil,,,
2026-10-05,ven-048-166,foil,Cloud Drake,VEN,Common,0.17,,0.17,1,33.695,5.73,Cloud Drake [ven-048-166] Foil,,,
2026-10-05,ven-048-166,normal,Cloud Drake,VEN,Common,0.04,,0.04,1,33.695,1.35,Cloud Drake [ven-048-166] Normal,,,
2026-10-05,sfd-092-221,foil,Combat Chef,SFD,Common,0.12,,0.12,1,33.695,4.04,Combat Chef [sfd-092-221] Foil,,,
2026-10-05,sfd-092-221,normal,Combat Chef,SFD,Common,0.04,,0.04,1,33.695,1.35,Combat Chef [sfd-092-221] Normal,,,
2026-10-05,unl-031-219,foil,Combat Experience,UNL,Common,0.11,,0.11,1,33.695,3.71,Combat Experience [unl-031-219] Foil,,,
2026-10-05,unl-031-219,normal,Combat Experience,UNL,Common,0.05,,0.05,1,33.695,1.68,Combat Experience [unl-031-219] Normal,,,
2026-10-05,ogn-231-298,foil,Commander Ledros,OGN,Rare,0.17,,0.17,1,33.695,5.73,Commander Ledros [ogn-231-298] Foil,,,
2026-10-05,unl-091-219,foil,Concentrate,UNL,Common,0.22,,0.22,1,33.695,7.41,Concentrate [unl-091-219] Foil,,,
2026-10-05,unl-091-219,normal,Concentrate,UNL,Common,0.08,,0.08,1,33.695,2.7,Concentrate [unl-091-219] Normal,,,
2026-10-05,ogn-129-298,foil,Confront,OGN,Common,0.27,,0.27,1,33.695,9.1,Confront [ogn-129-298] Foil,,,
2026-10-05,ogn-129-298,normal,Confront,OGN,Common,0.09,,0.09,1,33.695,3.03,Confront [ogn-129-298] Normal,,,
2026-10-05,unl-140-219,foil,Conscription,UNL,Rare,0.12,,0.12,1,33.695,4.04,Conscription [unl-140-219] Foil,,,
2026-10-05,ogn-083-298,foil,Consult the Past,OGN,Common,0.46,,0.46,1,33.695,15.5,Consult the Past [ogn-083-298] Foil,,,
2026-10-05,ogn-083-298,normal,Consult the Past,OGN,Common,0.17,,0.17,1,33.695,5.73,Consult the Past [ogn-083-298] Normal,,,
2026-10-05,opp-083-298,foil,Consult the Past,OPP,Promo,0.6,,0.6,1,33.695,20.22,Consult the Past [opp-083-298] Foil,,,
2026-10-05,ven-010-166,foil,Consuming Curse,VEN,Uncommon,0.21,,0.21,1,33.695,7.08,Consuming Curse [ven-010-166] Foil,,,
2026-10-05,ven-010-166,normal,Consuming Curse,VEN,Uncommon,0.1,,0.1,1,33.695,3.37,Consuming Curse [ven-010-166] Normal,,,
2026-10-05,ogn-108-298,foil,Convergent Mutation,OGN,Rare,0.21,,0.21,1,33.695,7.08,Convergent Mutation [ogn-108-298] Foil,,,
2026-10-05,sfd-179-221,foil,Corina Veraza,SFD,Epic,10.59,,10.59,1,33.695,356.83,Corina Veraza [sfd-179-221] Foil,,,
2026-10-05,sfd-123-221,foil,Corrupt Enforcer,SFD,Common,0.14,,0.14,1,33.695,4.72,Corrupt Enforcer [sfd-123-221] Foil,,,
2026-10-05,sfd-123-221,normal,Corrupt Enforcer,SFD,Common,0.05,,0.05,1,33.695,1.68,Corrupt Enforcer [sfd-123-221] Normal,,,
2026-10-05,ven-091-166,foil,Corrupted Dragon,VEN,Epic,0.48,,0.48,1,33.695,16.17,Corrupted Dragon [ven-091-166] Foil,,,
2026-10-05,sfd-194-221,foil,Counter Strike,SFD,Epic,0.88,,0.88,1,33.695,29.65,Counter Strike [sfd-194-221] Foil,,,
2026-10-05,ven-057-166,foil,Covert Informant,VEN,Uncommon,0.27,,0.27,1,33.695,9.1,Covert Informant [ven-057-166] Foil,,,
2026-10-05,ven-057-166,normal,Covert Informant,VEN,Uncommon,0.06,,0.06,1,33.695,2.02,Covert Informant [ven-057-166] Normal,,,
2026-10-05,ogn-130-298,foil,Crackshot Corsair,OGN,Common,0.14,,0.14,1,33.695,4.72,Crackshot Corsair [ogn-130-298] Foil,,,
2026-10-05,ogn-130-298,normal,Crackshot Corsair,OGN,Common,0.07,,0.07,1,33.695,2.36,Crackshot Corsair [ogn-130-298] Normal,,,
2026-10-05,unl-122-219,foil,Crescent Guardian,UNL,Common,0.09,,0.09,1,33.695,3.03,Crescent Guardian [unl-122-219] Foil,,,
2026-10-05,unl-122-219,normal,Crescent Guardian,UNL,Common,0.05,,0.05,1,33.695,1.68,Crescent Guardian [unl-122-219] Normal,,,
2026-10-05,unl-072-219,foil,Crescent Strike,UNL,Uncommon,0.25,,0.25,1,33.695,8.42,Crescent Strike [unl-072-219] Foil,,,
2026-10-05,unl-072-219,normal,Crescent Strike,UNL,Uncommon,0.17,,0.17,1,33.695,5.73,Crescent Strike [unl-072-219] Normal,,,
2026-10-05,unl-154-219,foil,Crimson Pigeons,UNL,Common,0.23,,0.23,1,33.695,7.75,Crimson Pigeons [unl-154-219] Foil,,,
2026-10-05,unl-154-219,normal,Crimson Pigeons,UNL,Common,0.05,,0.05,1,33.695,1.68,Crimson Pigeons [unl-154-219] Normal,,,
2026-10-05,unl-102-219,foil,Crowd Favorite,UNL,Uncommon,0.14,,0.14,1,33.695,4.72,Crowd Favorite [unl-102-219] Foil,,,
2026-10-05,unl-102-219,normal,Crowd Favorite,UNL,Uncommon,0.04,,0.04,1,33.695,1.35,Crowd Favorite [unl-102-219] Normal,,,
2026-10-05,ogn-208-298,foil,Cruel Patron,OGN,Common,0.21,,0.21,1,33.695,7.08,Cruel Patron [ogn-208-298] Foil,,,
2026-10-05,ogn-208-298,normal,Cruel Patron,OGN,Common,0.04,,0.04,1,33.695,1.35,Cruel Patron [ogn-208-298] Normal,,,
2026-10-05,ven-039-166,foil,Crumbling Sands,VEN,Rare,0.19,,0.19,1,33.695,6.4,Crumbling Sands [ven-039-166] Foil,,,
2026-10-05,sfd-134-221,foil,Cull,SFD,Uncommon,0.36,,0.36,1,33.695,12.13,Cull [sfd-134-221] Foil,,,
2026-10-05,sfd-134-221,normal,Cull,SFD,Uncommon,0.11,,0.11,1,33.695,3.71,Cull [sfd-134-221] Normal,,,
2026-10-05,ogn-209-298,foil,Cull the Weak,OGN,Common,1.43,,1.43,1,33.695,48.18,Cull the Weak [ogn-209-298] Foil,,,
2026-10-05,ogn-209-298,normal,Cull the Weak,OGN,Common,0.36,,0.36,1,33.695,12.13,Cull the Weak [ogn-209-298] Normal,,,
2026-10-05,unl-148-219,foil,Cursed Sarcophagus,UNL,Epic,0.49,,0.49,1,33.695,16.51,Cursed Sarcophagus [unl-148-219] Foil,,,
2026-10-05,unl-182-219,foil,Curtain Call,UNL,Epic,1.19,,1.19,1,33.695,40.1,Curtain Call [unl-182-219] Foil,,,
2026-10-05,unl-196-219,foil,Daisy!,UNL,Epic,1.29,,1.29,1,33.695,43.47,Daisy! [unl-196-219] Foil,,,
2026-10-05,ven-079-166,foil,Dame the Despoiler,VEN,Uncommon,0.21,,0.21,1,33.695,7.08,Dame the Despoiler [ven-079-166] Foil,,,
2026-10-05,ven-079-166,normal,Dame the Despoiler,VEN,Uncommon,0.07,,0.07,1,33.695,2.36,Dame the Despoiler [ven-079-166] Normal,,,
2026-10-05,unl-020-219,foil,Dancing Grenade,UNL,Rare,0.28,,0.28,1,33.695,9.43,Dancing Grenade [unl-020-219] Foil,,,
2026-10-05,sfd-182-221,foil,Danger Zone,SFD,Epic,0.42,,0.42,1,33.695,14.15,Danger Zone [sfd-182-221] Foil,,,
2026-10-05,ogn-016-298,foil,Dangerous Duo,OGN,Uncommon,0.17,,0.17,1,33.695,5.73,Dangerous Duo [ogn-016-298] Foil,,,
2026-10-05,ogn-016-298,normal,Dangerous Duo,OGN,Uncommon,0.06,,0.06,1,33.695,2.02,Dangerous Duo [ogn-016-298] Normal,,,
2026-10-05,unl-225-219,foil,Daring Poro (Overnumbered),UNL,Common,172.68,,172.68,1,33.695,5818.45,Daring Poro (Overnumbered) [unl-225-219] Foil,,,
2026-10-05,ogn-210-298,foil,Daring Poro,OGN,Common,0.25,,0.25,1,33.695,8.42,Daring Poro [ogn-210-298] Foil,,,
2026-10-05,ogn-210-298,normal,Daring Poro,OGN,Common,0.11,,0.11,1,33.695,3.71,Daring Poro [ogn-210-298] Normal,,,
2026-10-05,opp-210-298,foil,Daring Poro,OPP,Promo,1,,1,1,33.695,33.7,Daring Poro [opp-210-298] Foil,,,
2026-10-05,ogn-243a-298,foil,"Darius, Executioner (Alternate Art)",OGN,Showcase,2.36,,2.36,1,33.695,79.52,"Darius, Executioner (Alternate Art) [ogn-243a-298] Foil",,,
2026-10-05,sfd-236-221,foil,"Darius, Executioner (Overnumbered)",SFD,Showcase,50.2,,50.2,1,33.695,1691.49,"Darius, Executioner (Overnumbered) [sfd-236-221] Foil",,,
2026-10-05,sfd-236*-221,foil,"Darius, Executioner (Signature)",SFD,Showcase,401.93,,401.93,1,33.695,13543.03,"Darius, Executioner (Signature) [sfd-236*-221] Foil",,,
2026-10-05,ogn-243-298,foil,"Darius, Executioner",OGN,Epic,0.74,,0.74,1,33.695,24.93,"Darius, Executioner [ogn-243-298] Foil",,,
2026-10-05,ogn-302-298,foil,"Darius, Hand of Noxus (Overnumbered)",OGN,Showcase,48.18,,48.18,1,33.695,1623.43,"Darius, Hand of Noxus (Overnumbered) [ogn-302-298] Foil",,,
2026-10-05,ogn-302*-298,foil,"Darius, Hand of Noxus (Signature)",OGN,Showcase,545.66,,545.66,1,33.695,18386.01,"Darius, Hand of Noxus (Signature) [ogn-302*-298] Foil",,,
2026-10-05,ogn-253-298,foil,"Darius, Hand of Noxus",OGN,Rare,0.21,,0.21,1,33.695,7.08,"Darius, Hand of Noxus [ogn-253-298] Foil",,,
2026-10-05,opp-253-298,foil,"Darius, Hand of Noxus",OPP,Promo,999,,999,1,33.695,33661.31,"Darius, Hand of Noxus [opp-253-298] Foil",,,
2026-10-05,opp-253-298,foil,"Darius, Hand of Noxus",OPP,Promo,19.06,,19.06,1,33.695,642.23,"Darius, Hand of Noxus [opp-253-298] Foil",,,
2026-10-05,ogn-027a-298,foil,"Darius, Trifarian (Alternate Art)",OGN,Showcase,6.36,,6.36,1,33.695,214.3,"Darius, Trifarian (Alternate Art) [ogn-027a-298] Foil",,,
2026-10-05,ogn-027-298,foil,"Darius, Trifarian",OGN,Rare,1.97,,1.97,1,33.695,66.38,"Darius, Trifarian [ogn-027-298] Foil",,,
2026-10-05,sfd-093-221,foil,Dauntless Vanguard,SFD,Common,0.14,,0.14,1,33.695,4.72,Dauntless Vanguard [sfd-093-221] Foil,,,
2026-10-05,sfd-093-221,normal,Dauntless Vanguard,SFD,Common,0.06,,0.06,1,33.695,2.02,Dauntless Vanguard [sfd-093-221] Normal,,,
2026-10-05,ogn-160-298,foil,Dazzling Aurora,OGN,Epic,34.73,,34.73,1,33.695,1170.23,Dazzling Aurora [ogn-160-298] Foil,,,
2026-10-05,ogn-161-298,foil,Deadbloom Predator,OGN,Epic,1.88,,1.88,1,33.695,63.35,Deadbloom Predator [ogn-161-298] Foil,,,
2026-10-05,unl-073-219,foil,Deadly Flourish,UNL,Uncommon,5.71,,5.71,1,33.695,192.4,Deadly Flourish [unl-073-219] Foil,,,
2026-10-05,unl-073-219,normal,Deadly Flourish,UNL,Uncommon,0.38,,0.38,1,33.695,12.8,Deadly Flourish [unl-073-219] Normal,,,
2026-10-05,unl-186-219,foil,Death from Below,UNL,Epic,0.97,,0.97,1,33.695,32.68,Death from Below [unl-186-219] Foil,,,
2026-10-05,ven-144-166,foil,Death Mark,VEN,Epic,0.61,,0.61,1,33.695,20.55,Death Mark [ven-144-166] Foil,,,
2026-10-05,sfd-163-221,foil,Deathgrip,SFD,Uncommon,2.34,,2.34,1,33.695,78.85,Deathgrip [sfd-163-221] Foil,,,
2026-10-05,sfd-163-221,normal,Deathgrip,SFD,Uncommon,0.54,,0.54,1,33.695,18.2,Deathgrip [sfd-163-221] Normal,,,
2026-10-05,ogs-024-024,normal,Decisive Strike,OGS,Epic,0.5,,0.5,1,33.695,16.85,Decisive Strike [ogs-024-024] Normal,,,
2026-10-05,opp-024-024,foil,Decisive Strike,OPP,Promo,1.83,,1.83,1,33.695,61.66,Decisive Strike [opp-024-024] Foil,,,
2026-10-05,ven-107-166,foil,Decree of Discord,VEN,Rare,0.16,,0.16,1,33.695,5.39,Decree of Discord [ven-107-166] Foil,,,
2026-10-05,ven-040-166,foil,Decree of Focus,VEN,Rare,0.37,,0.37,1,33.695,12.47,Decree of Focus [ven-040-166] Foil,,,
2026-10-05,ven-061-166,foil,Decree of Insight,VEN,Rare,0.28,,0.28,1,33.695,9.43,Decree of Insight [ven-061-166] Foil,,,
2026-10-05,ven-015-166,foil,Decree of Rage,VEN,Rare,0.2,,0.2,1,33.695,6.74,Decree of Rage [ven-015-166] Foil,,,
2026-10-05,ven-085-166,foil,Decree of Strength,VEN,Rare,0.22,,0.22,1,33.695,7.41,Decree of Strength [ven-085-166] Foil,,,
2026-10-05,ven-131-166,foil,Decree of Unity,VEN,Rare,0.31,,0.31,1,33.695,10.45,Decree of Unity [ven-131-166] Foil,,,
2026-10-05,sfd-196-221,foil,Defiant Dance,SFD,Epic,19.09,,19.09,1,33.695,643.24,Defiant Dance [sfd-196-221] Foil,,,
2026-10-05,ogn-045-298,foil,Defy,OGN,Common,7.36,,7.36,1,33.695,248,Defy [ogn-045-298] Foil,,,
2026-10-05,ogn-045-298,normal,Defy,OGN,Common,2.34,,2.34,1,33.695,78.85,Defy [ogn-045-298] Normal,,,
2026-10-05,unl-092-219,foil,Demacian Diplomat,UNL,Common,0.14,,0.14,1,33.695,4.72,Demacian Diplomat [unl-092-219] Foil,,,
2026-10-05,unl-092-219,normal,Demacian Diplomat,UNL,Common,0.04,,0.04,1,33.695,1.35,Demacian Diplomat [unl-092-219] Normal,,,
2026-10-05,sfd-031-221,foil,Desert's Call,SFD,Common,0.34,,0.34,1,33.695,11.46,Desert's Call [sfd-031-221] Foil,,,
2026-10-05,sfd-031-221,normal,Desert's Call,SFD,Common,0.09,,0.09,1,33.695,3.03,Desert's Call [sfd-031-221] Normal,,,
2026-10-05,unl-111-219,foil,Determined Sentry,UNL,Rare,0.24,,0.24,1,33.695,8.09,Determined Sentry [unl-111-219] Foil,,,
2026-10-05,sfd-005-221,foil,Detonate,SFD,Common,0.27,,0.27,1,33.695,9.1,Detonate [sfd-005-221] Foil,,,
2026-10-05,sfd-005-221,normal,Detonate,SFD,Common,0.11,,0.11,1,33.695,3.71,Detonate [sfd-005-221] Normal,,,
2026-10-05,unl-079a-219,foil,"Diana, Lunari (Alternate Art)",UNL,Rare,5.66,,5.66,1,33.695,190.71,"Diana, Lunari (Alternate Art) [unl-079a-219] Foil",,,
2026-10-05,unl-079-219,foil,"Diana, Lunari",UNL,Rare,0.21,,0.21,1,33.695,7.08,"Diana, Lunari [unl-079-219] Foil",,,
2026-10-05,unl-149a-219,foil,"Diana, No Longer Human (Alternate Art)",UNL,Epic,5.84,,5.84,1,33.695,196.78,"Diana, No Longer Human (Alternate Art) [unl-149a-219] Foil",,,
2026-10-05,ven-183-166,foil,"Diana, No Longer Human (Overnumbered)",VEN,Epic,114.03,,114.03,1,33.695,3842.24,"Diana, No Longer Human (Overnumbered) [ven-183-166] Foil",,,
2026-10-05,unl-149-219,foil,"Diana, No Longer Human",UNL,Epic,0.78,,0.78,1,33.695,26.28,"Diana, No Longer Human [unl-149-219] Foil",,,
2026-10-05,unl-234-219,foil,"Diana, Scorn of the Moon (Overnumbered)",UNL,Rare,236.77,,236.77,1,33.695,7977.97,"Diana, Scorn of the Moon (Overnumbered) [unl-234-219] Foil",,,
2026-10-05,unl-234*-219,foil,"Diana, Scorn of the Moon (Signature)",UNL,Rare,1529.86,,1529.86,1,33.695,51548.63,"Diana, Scorn of the Moon (Signature) [unl-234*-219] Foil",,,
2026-10-05,unl-197-219,foil,"Diana, Scorn of the Moon",UNL,Rare,0.17,,0.17,1,33.695,5.73,"Diana, Scorn of the Moon [unl-197-219] Foil",,,
2026-10-05,sfd-094-221,foil,Direwing,SFD,Common,0.22,,0.22,1,33.695,7.41,Direwing [sfd-094-221] Foil,,,
2026-10-05,sfd-094-221,normal,Direwing,SFD,Common,0.09,,0.09,1,33.695,3.03,Direwing [sfd-094-221] Normal,,,
2026-10-05,sfd-032-221,foil,Disarming Rake,SFD,Common,0.49,,0.49,1,33.695,16.51,Disarming Rake [sfd-032-221] Foil,,,
2026-10-05,sfd-032-221,normal,Disarming Rake,SFD,Common,0.15,,0.15,1,33.695,5.05,Disarming Rake [sfd-032-221] Normal,,,
2026-10-05,ven-117-166,foil,Disciple of Shen,VEN,Common,0.23,,0.23,1,33.695,7.75,Disciple of Shen [ven-117-166] Foil,,,
2026-10-05,ven-117-166,normal,Disciple of Shen,VEN,Common,0.06,,0.06,1,33.695,2.02,Disciple of Shen [ven-117-166] Normal,,,
2026-10-05,ogn-058-298,foil,Discipline,OGN,Uncommon,2.53,,2.53,1,33.695,85.25,Discipline [ogn-058-298] Foil,,,
2026-10-05,ogn-058-298,normal,Discipline,OGN,Uncommon,1.03,,1.03,1,33.695,34.71,Discipline [ogn-058-298] Normal,,,
2026-10-05,opp-058-298,foil,Discipline,OPP,Promo,4.7,,4.7,1,33.695,158.37,Discipline [opp-058-298] Foil,,,
2026-10-05,ogn-005-298,foil,Disintegrate,OGN,Common,0.21,,0.21,1,33.695,7.08,Disintegrate [ogn-005-298] Foil,,,
2026-10-05,ogn-005-298,normal,Disintegrate,OGN,Common,0.07,,0.07,1,33.695,2.36,Disintegrate [ogn-005-298] Normal,,,
2026-10-05,unl-103-219,foil,Disposal Order,UNL,Uncommon,0.42,,0.42,1,33.695,14.15,Disposal Order [unl-103-219] Foil,,,
2026-10-05,unl-103-219,normal,Disposal Order,UNL,Uncommon,0.15,,0.15,1,33.695,5.05,Disposal Order [unl-103-219] Normal,,,
2026-10-05,ogn-244-298,foil,Divine Judgment,OGN,Epic,3.24,,3.24,1,33.695,109.17,Divine Judgment [ogn-244-298] Foil,,,
2026-10-05,unl-161-219,foil,Divining Shells,UNL,Uncommon,0.42,,0.42,1,33.695,14.15,Divining Shells [unl-161-219] Foil,,,
2026-10-05,unl-161-219,normal,Divining Shells,UNL,Uncommon,0.12,,0.12,1,33.695,4.04,Divining Shells [unl-161-219] Normal,,,
2026-10-05,ven-142-166,foil,Dominus,VEN,Epic,0.59,,0.59,1,33.695,19.88,Dominus [ven-142-166] Foil,,,
2026-10-05,opp-095-221,foil,Doran's Blade,OPP,Promo,0.39,,0.39,1,33.695,13.14,Doran's Blade [opp-095-221] Foil,,,
2026-10-05,sfd-095-221,foil,Doran's Blade,SFD,Common,0.26,,0.26,1,33.695,8.76,Doran's Blade [sfd-095-221] Foil,,,
2026-10-05,sfd-095-221,normal,Doran's Blade,SFD,Common,0.11,,0.11,1,33.695,3.71,Doran's Blade [sfd-095-221] Normal,,,
2026-10-05,opp-124-221,foil,Doran's Ring,OPP,Promo,0.35,,0.35,1,33.695,11.79,Doran's Ring [opp-124-221] Foil,,,
2026-10-05,sfd-124-221,foil,Doran's Ring,SFD,Common,0.18,,0.18,1,33.695,6.07,Doran's Ring [sfd-124-221] Foil,,,
2026-10-05,sfd-124-221,normal,Doran's Ring,SFD,Common,0.08,,0.08,1,33.695,2.7,Doran's Ring [sfd-124-221] Normal,,,
2026-10-05,opp-033-221,foil,Doran's Shield,OPP,Promo,0.42,,0.42,1,33.695,14.15,Doran's Shield [opp-033-221] Foil,,,
2026-10-05,sfd-033-221,foil,Doran's Shield,SFD,Common,0.29,,0.29,1,33.695,9.77,Doran's Shield [sfd-033-221] Foil,,,
2026-10-05,sfd-033-221,normal,Doran's Shield,SFD,Common,0.07,,0.07,1,33.695,2.36,Doran's Shield [sfd-033-221] Normal,,,
2026-10-05,unl-032-219,foil,Double Trouble,UNL,Common,0.17,,0.17,1,33.695,5.73,Double Trouble [unl-032-219] Foil,,,
2026-10-05,unl-032-219,normal,Double Trouble,UNL,Common,0.09,,0.09,1,33.695,3.03,Double Trouble [unl-032-219] Normal,,,
2026-10-05,opp-061-219,foil,Downstage Dramatics,OPP,Promo,0.4,,0.4,1,33.695,13.48,Downstage Dramatics [opp-061-219] Foil,,,
2026-10-05,unl-061-219,foil,Downstage Dramatics,UNL,Common,0.25,,0.25,1,33.695,8.42,Downstage Dramatics [unl-061-219] Foil,,,
2026-10-05,unl-061-219,normal,Downstage Dramatics,UNL,Common,0.07,,0.07,1,33.695,2.36,Downstage Dramatics [unl-061-219] Normal,,,
2026-10-05,sfd-147-221,foil,Downwell,SFD,Epic,3.72,,3.72,1,33.695,125.35,Downwell [sfd-147-221] Foil,,,
2026-10-05,ogn-109-298,foil,"Dr. Mundo, Expert",OGN,Rare,0.36,,0.36,1,33.695,12.13,"Dr. Mundo, Expert [ogn-109-298] Foil",,,
2026-10-05,sfd-164-221,foil,Drag Under,SFD,Uncommon,0.42,,0.42,1,33.695,14.15,Drag Under [sfd-164-221] Foil,,,
2026-10-05,sfd-164-221,normal,Drag Under,SFD,Uncommon,0.16,,0.16,1,33.695,5.39,Drag Under [sfd-164-221] Normal,,,
2026-10-05,ven-116-166,foil,Dragon Form,VEN,Uncommon,0.26,,0.26,1,33.695,8.76,Dragon Form [ven-116-166] Foil,,,
2026-10-05,ven-116-166,normal,Dragon Form,VEN,Uncommon,0.08,,0.08,1,33.695,2.7,Dragon Form [ven-116-166] Normal,,,
2026-10-05,ven-157-166,foil,Dragon Roost,VEN,Uncommon,0.58,,0.58,1,33.695,19.54,Dragon Roost [ven-157-166] Foil,,,
2026-10-05,ven-157-166,normal,Dragon Roost,VEN,Uncommon,0.1,,0.1,1,33.695,3.37,Dragon Roost [ven-157-166] Normal,,,
2026-10-05,ogn-258-298,foil,Dragon's Rage,OGN,Epic,0.9,,0.9,1,33.695,30.33,Dragon's Rage [ogn-258-298] Foil,,,
2026-10-05,opp-093-219,foil,Dragonsoul Sage,OPP,Promo,0.41,,0.41,1,33.695,13.81,Dragonsoul Sage [opp-093-219] Foil,,,
2026-10-05,unl-093-219,foil,Dragonsoul Sage,UNL,Common,0.27,,0.27,1,33.695,9.1,Dragonsoul Sage [unl-093-219] Foil,,,
2026-10-05,unl-093-219,normal,Dragonsoul Sage,UNL,Common,0.08,,0.08,1,33.695,2.7,Dragonsoul Sage [unl-093-219] Normal,,,
2026-10-05,unl-062-219,foil,Dramatic Visionary,UNL,Common,0.17,,0.17,1,33.695,5.73,Dramatic Visionary [unl-062-219] Foil,,,
2026-10-05,unl-062-219,normal,Dramatic Visionary,UNL,Common,0.06,,0.06,1,33.695,2.02,Dramatic Visionary [unl-062-219] Normal,,,
2026-10-05,sfd-148a-221,foil,"Draven, Audacious (Alternate Art)",SFD,Showcase,2.08,,2.08,1,33.695,70.09,"Draven, Audacious (Alternate Art) [sfd-148a-221] Foil",,,
2026-10-05,sfd-148-221,foil,"Draven, Audacious",SFD,Epic,1.14,,1.14,1,33.695,38.41,"Draven, Audacious [sfd-148-221] Foil",,,
2026-10-05,opp-185-221,foil,"Draven, Glorious Executioner (Metal)",OPP,Promo,1029.84,,1029.84,1,33.695,34700.46,"Draven, Glorious Executioner (Metal) [opp-185-221] Foil",,,
2026-10-05,sfd-242-221,foil,"Draven, Glorious Executioner (Overnumbered)",SFD,Showcase,93.28,,93.28,1,33.695,3143.07,"Draven, Glorious Executioner (Overnumbered) [sfd-242-221] Foil",,,
2026-10-05,sfd-185-221,foil,"Draven, Glorious Executioner",SFD,Rare,0.2,,0.2,1,33.695,6.74,"Draven, Glorious Executioner [sfd-185-221] Foil",,,
2026-10-05,ven-172-166,foil,"Draven, Showboat (Overnumbered)",VEN,Rare,79.84,,79.84,1,33.695,2690.21,"Draven, Showboat (Overnumbered) [ven-172-166] Foil",,,
2026-10-05,ogn-028-298,foil,"Draven, Showboat",OGN,Rare,0.27,,0.27,1,33.695,9.1,"Draven, Showboat [ogn-028-298] Foil",,,
2026-10-05,sfd-020a-221,foil,"Draven, Vanquisher (Alternate Art)",SFD,Showcase,1.56,,1.56,1,33.695,52.56,"Draven, Vanquisher (Alternate Art) [sfd-020a-221] Foil",,,
2026-10-05,sfd-020-221,foil,"Draven, Vanquisher",SFD,Rare,0.19,,0.19,1,33.695,6.4,"Draven, Vanquisher [sfd-020-221] Foil",,,
2026-10-05,ven-049-166,foil,Dredge Up,VEN,Common,0.37,,0.37,1,33.695,12.47,Dredge Up [ven-049-166] Foil,,,
2026-10-05,ven-049-166,normal,Dredge Up,VEN,Common,0.08,,0.08,1,33.695,2.7,Dredge Up [ven-049-166] Normal,,,
2026-10-05,sfd-072-221,foil,Dropboarder,SFD,Uncommon,0.32,,0.32,1,33.695,10.78,Dropboarder [sfd-072-221] Foil,,,
2026-10-05,sfd-072-221,normal,Dropboarder,SFD,Uncommon,0.12,,0.12,1,33.695,4.04,Dropboarder [sfd-072-221] Normal,,,
2026-10-05,ogn-131-298,foil,Dune Drake,OGN,Common,0.3,,0.3,1,33.695,10.11,Dune Drake [ogn-131-298] Foil,,,
2026-10-05,ogn-131-298,normal,Dune Drake,OGN,Common,0.08,,0.08,1,33.695,2.7,Dune Drake [ogn-131-298] Normal,,,
2026-10-05,opp-004-166,foil,Dune Surfer,OPP,Common,0.6,,0.6,1,33.695,20.22,Dune Surfer [opp-004-166] Foil,,,
2026-10-05,ven-004-166,foil,Dune Surfer,VEN,Common,0.24,,0.24,1,33.695,8.09,Dune Surfer [ven-004-166] Foil,,,
2026-10-05,ven-004-166,normal,Dune Surfer,VEN,Common,0.08,,0.08,1,33.695,2.7,Dune Surfer [ven-004-166] Normal,,,
2026-10-05,sfd-027-221,foil,Dunebreaker,SFD,Epic,1.18,,1.18,1,33.695,39.76,Dunebreaker [sfd-027-221] Foil,,,
2026-10-05,unl-209-219,foil,Dusk Rose Lab,UNL,Uncommon,0.28,,0.28,1,33.695,9.43,Dusk Rose Lab [unl-209-219] Foil,,,
2026-10-05,unl-209-219,normal,Dusk Rose Lab,UNL,Uncommon,0.11,,0.11,1,33.695,3.71,Dusk Rose Lab [unl-209-219] Normal,,,
2026-10-05,ogn-084-298,foil,Eager Apprentice,OGN,Common,0.25,,0.25,1,33.695,8.42,Eager Apprentice [ogn-084-298] Foil,,,
2026-10-05,ogn-084-298,normal,Eager Apprentice,OGN,Common,0.08,,0.08,1,33.695,2.7,Eager Apprentice [ogn-084-298] Normal,,,
2026-10-05,sfd-006-221,foil,Eager Drakehound,SFD,Common,0.19,,0.19,1,33.695,6.4,Eager Drakehound [sfd-006-221] Foil,,,
2026-10-05,sfd-006-221,normal,Eager Drakehound,SFD,Common,0.09,,0.09,1,33.695,3.03,Eager Drakehound [sfd-006-221] Normal,,,
2026-10-05,unl-063-219,foil,Eclipse,UNL,Common,0.29,,0.29,1,33.695,9.77,Eclipse [unl-063-219] Foil,,,
2026-10-05,unl-063-219,normal,Eclipse,UNL,Common,0.12,,0.12,1,33.695,4.04,Eclipse [unl-063-219] Normal,,,
2026-10-05,ven-016-166,foil,Eclipse Dragon,VEN,Rare,0.15,,0.15,1,33.695,5.05,Eclipse Dragon [ven-016-166] Foil,,,
2026-10-05,ogn-059-298,foil,Eclipse Herald,OGN,Uncommon,0.22,,0.22,1,33.695,7.41,Eclipse Herald [ogn-059-298] Foil,,,
2026-10-05,ogn-059-298,normal,Eclipse Herald,OGN,Uncommon,0.1,,0.1,1,33.695,3.37,Eclipse Herald [ogn-059-298] Normal,,,
2026-10-05,opp-139-221,foil,Edge of Night (Champion),OPP,Promo,3.02,,3.02,1,33.695,101.76,Edge of Night (Champion) [opp-139-221] Foil,,,
2026-10-05,opp-139-221,foil,Edge of Night (Champion),OPP,Promo,94.65,,94.65,1,33.695,3189.23,Edge of Night (Champion) [opp-139-221] Foil,,,
2026-10-05,sfd-139-221,foil,Edge of Night,SFD,Rare,0.39,,0.39,1,33.695,13.14,Edge of Night [sfd-139-221] Foil,,,
2026-10-05,ogn-110-298,foil,"Ekko, Recurrent",OGN,Rare,0.49,,0.49,1,33.695,16.51,"Ekko, Recurrent [ogn-110-298] Foil",,,
2026-10-05,unl-118a-219,foil,Elder Dragon (Alternate Art),UNL,Epic,27.88,,27.88,1,33.695,939.42,Elder Dragon (Alternate Art) [unl-118a-219] Foil,,,
2026-10-05,unl-118-219,foil,Elder Dragon,UNL,Epic,20.69,,20.69,1,33.695,697.15,Elder Dragon [unl-118-219] Foil,,,
2026-10-05,ogn-167-298,foil,Ember Monk,OGN,Common,0.24,,0.24,1,33.695,8.09,Ember Monk [ogn-167-298] Foil,,,
2026-10-05,ogn-167-298,normal,Ember Monk,OGN,Common,0.12,,0.12,1,33.695,4.04,Ember Monk [ogn-167-298] Normal,,,
2026-10-05,sfd-152-221,foil,Eminent Benefactor,SFD,Common,0.18,,0.18,1,33.695,6.07,Eminent Benefactor [sfd-152-221] Foil,,,
2026-10-05,sfd-152-221,normal,Eminent Benefactor,SFD,Common,0.04,,0.04,1,33.695,1.35,Eminent Benefactor [sfd-152-221] Normal,,,
2026-10-05,sfd-207-221,foil,Emperor's Dais,SFD,Uncommon,0.41,,0.41,1,33.695,13.81,Emperor's Dais [sfd-207-221] Foil,,,
2026-10-05,sfd-207-221,normal,Emperor's Dais,SFD,Uncommon,0.13,,0.13,1,33.695,4.38,Emperor's Dais [sfd-207-221] Normal,,,
2026-10-05,sfd-043-221,foil,Emperor's Divide,SFD,Uncommon,1.25,,1.25,1,33.695,42.12,Emperor's Divide [sfd-043-221] Foil,,,
2026-10-05,sfd-043-221,normal,Emperor's Divide,SFD,Uncommon,0.33,,0.33,1,33.695,11.12,Emperor's Divide [sfd-043-221] Normal,,,
2026-10-05,ogn-046-298,foil,En Garde,OGN,Common,0.65,,0.65,1,33.695,21.9,En Garde [ogn-046-298] Foil,,,
2026-10-05,ogn-046-298,normal,En Garde,OGN,Common,0.22,,0.22,1,33.695,7.41,En Garde [ogn-046-298] Normal,,,
2026-10-05,ven-022-166,foil,Endless Riches,VEN,Epic,0.74,,0.74,1,33.695,24.93,Endless Riches [ven-022-166] Foil,,,
2026-10-05,ogn-098-298,foil,Energy Conduit,OGN,Uncommon,0.44,,0.44,1,33.695,14.83,Energy Conduit [ogn-098-298] Foil,,,
2026-10-05,ogn-098-298,normal,Energy Conduit,OGN,Uncommon,0.16,,0.16,1,33.695,5.39,Energy Conduit [ogn-098-298] Normal,,,
2026-10-05,unl-162-219,foil,Enthralling Protector,UNL,Uncommon,0.25,,0.25,1,33.695,8.42,Enthralling Protector [unl-162-219] Foil,,,
2026-10-05,unl-162-219,normal,Enthralling Protector,UNL,Uncommon,0.06,,0.06,1,33.695,2.02,Enthralling Protector [unl-162-219] Normal,,,
2026-10-05,unl-043-219,foil,Enthusiastic Promoter,UNL,Uncommon,0.22,,0.22,1,33.695,7.41,Enthusiastic Promoter [unl-043-219] Foil,,,
2026-10-05,unl-043-219,normal,Enthusiastic Promoter,UNL,Uncommon,0.09,,0.09,1,33.695,3.03,Enthusiastic Promoter [unl-043-219] Normal,,,
2026-10-05,ven-124-166,foil,Escaped Grayback,VEN,Uncommon,0.34,,0.34,1,33.695,11.46,Escaped Grayback [ven-124-166] Foil,,,
2026-10-05,ven-124-166,normal,Escaped Grayback,VEN,Uncommon,0.14,,0.14,1,33.695,4.72,Escaped Grayback [ven-124-166] Normal,,,
2026-10-05,ven-025-166,foil,Esteemed Hierophant,VEN,Common,0.12,,0.12,1,33.695,4.04,Esteemed Hierophant [ven-025-166] Foil,,,
2026-10-05,ven-025-166,normal,Esteemed Hierophant,VEN,Common,0.04,,0.04,1,33.695,1.35,Esteemed Hierophant [ven-025-166] Normal,,,
2026-10-05,unl-141-219,foil,"Evelynn, Entrancing",UNL,Rare,1.31,,1.31,1,33.695,44.14,"Evelynn, Entrancing [unl-141-219] Foil",,,
2026-10-05,unl-123-219,foil,Evershade Stalker,UNL,Common,0.19,,0.19,1,33.695,6.4,Evershade Stalker [unl-123-219] Foil,,,
2026-10-05,unl-123-219,normal,Evershade Stalker,UNL,Common,0.07,,0.07,1,33.695,2.36,Evershade Stalker [unl-123-219] Normal,,,
2026-10-05,unl-134-219,foil,Existential Dread,UNL,Uncommon,1.48,,1.48,1,33.695,49.87,Existential Dread [unl-134-219] Foil,,,
2026-10-05,unl-134-219,normal,Existential Dread,UNL,Uncommon,0.21,,0.21,1,33.695,7.08,Existential Dread [unl-134-219] Normal,,,
2026-10-05,sfd-073-221,foil,Experimental Hexplate,SFD,Uncommon,0.28,,0.28,1,33.695,9.43,Experimental Hexplate [sfd-073-221] Foil,,,
2026-10-05,sfd-073-221,normal,Experimental Hexplate,SFD,Uncommon,0.1,,0.1,1,33.695,3.37,Experimental Hexplate [sfd-073-221] Normal,,,
2026-10-05,opp-153-221,foil,Eye of the Herald,OPP,Promo,0.41,,0.41,1,33.695,13.81,Eye of the Herald [opp-153-221] Foil,,,
2026-10-05,sfd-153-221,foil,Eye of the Herald,SFD,Common,0.27,,0.27,1,33.695,9.1,Eye of the Herald [sfd-153-221] Foil,,,
2026-10-05,sfd-153-221,normal,Eye of the Herald,SFD,Common,0.09,,0.09,1,33.695,3.03,Eye of the Herald [sfd-153-221] Normal,,,
2026-10-05,sfd-082a-221,foil,"Ezreal, Dashing (Alternate Art)",SFD,Showcase,1.19,,1.19,1,33.695,40.1,"Ezreal, Dashing (Alternate Art) [sfd-082a-221] Foil",,,
2026-10-05,sfd-082-221,foil,"Ezreal, Dashing",SFD,Rare,0.19,,0.19,1,33.695,6.4,"Ezreal, Dashing [sfd-082-221] Foil",,,
2026-10-05,sfd-248-221,foil,"Ezreal, Prodigal Explorer (Overnumbered)",SFD,Showcase,114.97,,114.97,1,33.695,3873.91,"Ezreal, Prodigal Explorer (Overnumbered) [sfd-248-221] Foil",,,
2026-10-05,sfd-199-221,foil,"Ezreal, Prodigal Explorer",SFD,Rare,0.19,,0.19,1,33.695,6.4,"Ezreal, Prodigal Explorer [sfd-199-221] Foil",,,
2026-10-05,sfd-149a-221,foil,"Ezreal, Prodigy (Alternate Art)",SFD,Showcase,10.28,,10.28,1,33.695,346.38,"Ezreal, Prodigy (Alternate Art) [sfd-149a-221] Foil",,,
2026-10-05,sfd-149-221,foil,"Ezreal, Prodigy",SFD,Epic,10.21,,10.21,1,33.695,344.03,"Ezreal, Prodigy [sfd-149-221] Foil",,,
2026-10-05,ven-sp5-006,foil,"Ezreal, Prodigy",VEN,Epic,15.6,,15.6,1,33.695,525.64,"Ezreal, Prodigy [ven-sp5-006] Foil",,,
2026-10-05,ogn-220-298,foil,Facebreaker,OGN,Uncommon,0.34,,0.34,1,33.695,11.46,Facebreaker [ogn-220-298] Foil,,,
2026-10-05,ogn-220-298,normal,Facebreaker,OGN,Uncommon,0.19,,0.19,1,33.695,6.4,Facebreaker [ogn-220-298] Normal,,,
2026-10-05,sfd-135-221,foil,Factory Recall,SFD,Uncommon,0.35,,0.35,1,33.695,11.79,Factory Recall [sfd-135-221] Foil,,,
2026-10-05,sfd-135-221,normal,Factory Recall,SFD,Uncommon,0.11,,0.11,1,33.695,3.71,Factory Recall [sfd-135-221] Normal,,,
2026-10-05,ogn-180-298,foil,Fading Memories,OGN,Uncommon,0.62,,0.62,1,33.695,20.89,Fading Memories [ogn-180-298] Foil,,,
2026-10-05,ogn-180-298,normal,Fading Memories,OGN,Uncommon,0.16,,0.16,1,33.695,5.39,Fading Memories [ogn-180-298] Normal,,,
2026-10-05,opp-101-221,foil,Fae Dragon,OPP,Promo,0.32,,0.32,1,33.695,10.78,Fae Dragon [opp-101-221] Foil,,,
2026-10-05,sfd-101-221,foil,Fae Dragon,SFD,Uncommon,0.34,,0.34,1,33.695,11.46,Fae Dragon [sfd-101-221] Foil,,,
2026-10-05,sfd-101-221,normal,Fae Dragon,SFD,Uncommon,0.1,,0.1,1,33.695,3.37,Fae Dragon [sfd-101-221] Normal,,,
2026-10-05,sfd-125-221,foil,Fae Porter,SFD,Common,0.22,,0.22,1,33.695,7.41,Fae Porter [sfd-125-221] Foil,,,
2026-10-05,sfd-125-221,normal,Fae Porter,SFD,Common,0.06,,0.06,1,33.695,2.02,Fae Porter [sfd-125-221] Normal,,,
2026-10-05,ogn-211-298,foil,Faithful Manufactor,OGN,Common,0.33,,0.33,1,33.695,11.12,Faithful Manufactor [ogn-211-298] Foil,,,
2026-10-05,ogn-211-298,normal,Faithful Manufactor,OGN,Common,0.14,,0.14,1,33.695,4.72,Faithful Manufactor [ogn-211-298] Normal,,,
2026-10-05,ven-132-166,foil,Fallen Feline,VEN,Rare,0.16,,0.16,1,33.695,5.39,Fallen Feline [ven-132-166] Foil,,,
2026-10-05,ogn-085-298,foil,Falling Comet,OGN,Common,0.35,,0.35,1,33.695,11.79,Falling Comet [ogn-085-298] Foil,,,
2026-10-05,ogn-085-298,normal,Falling Comet,OGN,Common,0.16,,0.16,1,33.695,5.39,Falling Comet [ogn-085-298] Normal,,,
2026-10-05,ogn-029-298,foil,Falling Star,OGN,Rare,12.5,,12.5,1,33.695,421.19,Falling Star [ogn-029-298] Foil,,,
2026-10-05,unl-064-219,foil,Fate Weaver,UNL,Common,0.12,,0.12,1,33.695,4.04,Fate Weaver [unl-064-219] Foil,,,
2026-10-05,unl-064-219,normal,Fate Weaver,UNL,Common,0.04,,0.04,1,33.695,1.35,Fate Weaver [unl-064-219] Normal,,,
2026-10-05,sfd-034-221,foil,Feral Strength,SFD,Common,0.25,,0.25,1,33.695,8.42,Feral Strength [sfd-034-221] Foil,,,
2026-10-05,sfd-034-221,normal,Feral Strength,SFD,Common,0.1,,0.1,1,33.695,3.37,Feral Strength [sfd-034-221] Normal,,,
2026-10-05,sfd-021-221,foil,Ferrous Forerunner,SFD,Rare,3.13,,3.13,1,33.695,105.47,Ferrous Forerunner [sfd-021-221] Foil,,,
2026-10-05,opp-026-166,foil,Field Musicians,OPP,Common,0.56,,0.56,1,33.695,18.87,Field Musicians [opp-026-166] Foil,,,
2026-10-05,ven-026-166,foil,Field Musicians,VEN,Common,0.1,,0.1,1,33.695,3.37,Field Musicians [ven-026-166] Foil,,,
2026-10-05,ven-026-166,normal,Field Musicians,VEN,Common,0.05,,0.05,1,33.695,1.68,Field Musicians [ven-026-166] Normal,,,
2026-10-05,ogn-168-298,foil,Fight or Flight,OGN,Common,0.21,,0.21,1,33.695,7.08,Fight or Flight [ogn-168-298] Foil,,,
2026-10-05,ogn-168-298,normal,Fight or Flight,OGN,Common,0.1,,0.1,1,33.695,3.37,Fight or Flight [ogn-168-298] Normal,,,
2026-10-05,ogs-022-024,normal,Final Spark,OGS,Epic,0.83,,0.83,1,33.695,27.97,Final Spark [ogs-022-024] Normal,,,
2026-10-05,opp-022-024,foil,Final Spark,OPP,Promo,4.39,,4.39,1,33.695,147.92,Final Spark [opp-022-024] Foil,,,
2026-10-05,ogn-047-298,foil,Find Your Center,OGN,Common,0.51,,0.51,1,33.695,17.18,Find Your Center [ogn-047-298] Foil,,,
2026-10-05,ogn-047-298,normal,Find Your Center,OGN,Common,0.16,,0.16,1,33.695,5.39,Find Your Center [ogn-047-298] Normal,,,
2026-10-05,opp-205-221,foil,"Fiora, Grand Duelist (Metal)",OPP,Promo,825,,825,1,33.695,27798.38,"Fiora, Grand Duelist (Metal) [opp-205-221] Foil",,,
2026-10-05,sfd-251-221,foil,"Fiora, Grand Duelist (Overnumbered)",SFD,Showcase,111.68,,111.68,1,33.695,3763.06,"Fiora, Grand Duelist (Overnumbered) [sfd-251-221] Foil",,,
2026-10-05,sfd-205-221,foil,"Fiora, Grand Duelist",SFD,Rare,0.19,,0.19,1,33.695,6.4,"Fiora, Grand Duelist [sfd-205-221] Foil",,,
2026-10-05,sfd-110a-221,foil,"Fiora, Peerless (Alternate Art)",SFD,Showcase,3.14,,3.14,1,33.695,105.8,"Fiora, Peerless (Alternate Art) [sfd-110a-221] Foil",,,
2026-10-05,sfd-110-221,foil,"Fiora, Peerless",SFD,Rare,0.27,,0.27,1,33.695,9.1,"Fiora, Peerless [sfd-110-221] Foil",,,
2026-10-05,ogn-232-298,foil,"Fiora, Victorious",OGN,Rare,1.17,,1.17,1,33.695,39.42,"Fiora, Victorious [ogn-232-298] Foil",,,
2026-10-05,sfd-180a-221,foil,"Fiora, Worthy (Alternate Art)",SFD,Showcase,6.38,,6.38,1,33.695,214.97,"Fiora, Worthy (Alternate Art) [sfd-180a-221] Foil",,,
2026-10-05,sfd-180-221,foil,"Fiora, Worthy",SFD,Epic,0.63,,0.63,1,33.695,21.23,"Fiora, Worthy [sfd-180-221] Foil",,,
2026-10-05,ogs-002-024,normal,Firestorm,OGS,Uncommon,0.41,,0.41,1,33.695,13.81,Firestorm [ogs-002-024] Normal,,,
2026-10-05,ogn-132-298,foil,First Mate,OGN,Common,2.08,,2.08,1,33.695,70.09,First Mate [ogn-132-298] Foil,,,
2026-10-05,ogn-132-298,normal,First Mate,OGN,Common,0.25,,0.25,1,33.695,8.42,First Mate [ogn-132-298] Normal,,,
2026-10-05,sfd-140-221,foil,"Fizz, Trickster",SFD,Rare,4.76,,4.76,1,33.695,160.39,"Fizz, Trickster [sfd-140-221] Foil",,,
2026-10-05,ogn-006-298,foil,Flame Chompers,OGN,Common,0.23,,0.23,1,33.695,7.75,Flame Chompers [ogn-006-298] Foil,,,
2026-10-05,ogn-006-298,normal,Flame Chompers,OGN,Common,0.08,,0.08,1,33.695,2.7,Flame Chompers [ogn-006-298] Normal,,,
2026-10-05,ogs-011-024,normal,Flash,OGS,Common,4.45,,4.45,1,33.695,149.94,Flash [ogs-011-024] Normal,,,
2026-10-05,opp-011-024,normal,Flash,OPP,Promo,1.92,,1.92,1,33.695,64.69,Flash [opp-011-024] Normal,,,
2026-10-05,ogn-133-298,foil,Flurry of Blades,OGN,Common,0.25,,0.25,1,33.695,8.42,Flurry of Blades [ogn-133-298] Foil,,,
2026-10-05,ogn-133-298,normal,Flurry of Blades,OGN,Common,0.13,,0.13,1,33.695,4.38,Flurry of Blades [ogn-133-298] Normal,,,
2026-10-05,unl-044-219,foil,Flurry of Feathers,UNL,Uncommon,0.46,,0.46,1,33.695,15.5,Flurry of Feathers [unl-044-219] Foil,,,
2026-10-05,unl-044-219,normal,Flurry of Feathers,UNL,Uncommon,0.2,,0.2,1,33.695,6.74,Flurry of Feathers [unl-044-219] Normal,,,
2026-10-05,unl-210-219,foil,Forbidding Waste,UNL,Uncommon,0.43,,0.43,1,33.695,14.49,Forbidding Waste [unl-210-219] Foil,,,
2026-10-05,unl-210-219,normal,Forbidding Waste,UNL,Uncommon,0.15,,0.15,1,33.695,5.05,Forbidding Waste [unl-210-219] Normal,,,
2026-10-05,sfd-065-221,foil,Forecaster,SFD,Common,0.25,,0.25,1,33.695,8.42,Forecaster [sfd-065-221] Foil,,,
2026-10-05,sfd-065-221,normal,Forecaster,SFD,Common,0.07,,0.07,1,33.695,2.36,Forecaster [sfd-065-221] Normal,,,
2026-10-05,sfd-208-221,foil,Forge of the Fluft,SFD,Uncommon,0.29,,0.29,1,33.695,9.77,Forge of the Fluft [sfd-208-221] Foil,,,
2026-10-05,sfd-208-221,normal,Forge of the Fluft,SFD,Uncommon,0.1,,0.1,1,33.695,3.37,Forge of the Fluft [sfd-208-221] Normal,,,
2026-10-05,ogn-212-298,foil,Forge of the Future,OGN,Common,0.26,,0.26,1,33.695,8.76,Forge of the Future [ogn-212-298] Foil,,,
2026-10-05,ogn-212-298,normal,Forge of the Future,OGN,Common,0.16,,0.16,1,33.695,5.39,Forge of the Future [ogn-212-298] Normal,,,
2026-10-05,sfd-190-221,foil,Forgefire Cape,SFD,Epic,0.41,,0.41,1,33.695,13.81,Forgefire Cape [sfd-190-221] Foil,,,
2026-10-05,unl-211-219,foil,Forgotten Library,UNL,Uncommon,0.16,,0.16,1,33.695,5.39,Forgotten Library [unl-211-219] Foil,,,
2026-10-05,unl-211-219,normal,Forgotten Library,UNL,Uncommon,0.08,,0.08,1,33.695,2.7,Forgotten Library [unl-211-219] Normal,,,
2026-10-05,sfd-209-221,foil,Forgotten Monument,SFD,Uncommon,0.4,,0.4,1,33.695,13.48,Forgotten Monument [sfd-209-221] Foil,,,
2026-10-05,sfd-209-221,normal,Forgotten Monument,SFD,Uncommon,0.1,,0.1,1,33.695,3.37,Forgotten Monument [sfd-209-221] Normal,,,
2026-10-05,ven-108-166,foil,Forgotten Relic,VEN,Rare,0.11,,0.11,1,33.695,3.71,Forgotten Relic [ven-108-166] Foil,,,
2026-10-05,unl-045-219,foil,Forgotten Signpost,UNL,Uncommon,0.35,,0.35,1,33.695,11.79,Forgotten Signpost [unl-045-219] Foil,,,
2026-10-05,unl-045-219,normal,Forgotten Signpost,UNL,Uncommon,0.15,,0.15,1,33.695,5.05,Forgotten Signpost [unl-045-219] Normal,,,
2026-10-05,ven-005-166,foil,Forsaken Baccai,VEN,Common,0.19,,0.19,1,33.695,6.4,Forsaken Baccai [ven-005-166] Foil,,,
2026-10-05,ven-005-166,normal,Forsaken Baccai,VEN,Common,0.07,,0.07,1,33.695,2.36,Forsaken Baccai [ven-005-166] Normal,,,
2026-10-05,ogn-279-298,foil,Fortified Position,OGN,Uncommon,0.53,,0.53,1,33.695,17.86,Fortified Position [ogn-279-298] Foil,,,
2026-10-05,ogn-279-298,normal,Fortified Position,OGN,Uncommon,0.14,,0.14,1,33.695,4.72,Fortified Position [ogn-279-298] Normal,,,
2026-10-05,ogn-256-298,foil,Fox-Fire,OGN,Epic,2.96,,2.96,1,33.695,99.74,Fox-Fire [ogn-256-298] Foil,,,
2026-10-05,unl-011-219,foil,Fresh Beans,UNL,Uncommon,0.25,,0.25,1,33.695,8.42,Fresh Beans [unl-011-219] Foil,,,
2026-10-05,unl-011-219,normal,Fresh Beans,UNL,Uncommon,0.09,,0.09,1,33.695,3.03,Fresh Beans [unl-011-219] Normal,,,
2026-10-05,opp-071-166,foil,Fretful Feline,OPP,Common,0.25,,0.25,1,33.695,8.42,Fretful Feline [opp-071-166] Foil,,,
2026-10-05,ven-071-166,foil,Fretful Feline,VEN,Common,0.13,,0.13,1,33.695,4.38,Fretful Feline [ven-071-166] Foil,,,
2026-10-05,ven-071-166,normal,Fretful Feline,VEN,Common,0.03,,0.03,1,33.695,1.01,Fretful Feline [ven-071-166] Normal,,,
2026-10-05,unl-046-219,foil,Friendship,UNL,Uncommon,0.34,,0.34,1,33.695,11.46,Friendship [unl-046-219] Foil,,,
2026-10-05,unl-046-219,normal,Friendship,UNL,Uncommon,0.18,,0.18,1,33.695,6.07,Friendship [unl-046-219] Normal,,,
2026-10-05,unl-074-219,foil,Frigid Jewel,UNL,Uncommon,0.44,,0.44,1,33.695,14.83,Frigid Jewel [unl-074-219] Foil,,,
2026-10-05,unl-074-219,normal,Frigid Jewel,UNL,Uncommon,0.14,,0.14,1,33.695,4.72,Frigid Jewel [unl-074-219] Normal,,,
2026-10-05,sfd-066-221,foil,Frigid Touch,SFD,Common,0.27,,0.27,1,33.695,9.1,Frigid Touch [sfd-066-221] Foil,,,
2026-10-05,sfd-066-221,normal,Frigid Touch,SFD,Common,0.1,,0.1,1,33.695,3.37,Frigid Touch [sfd-066-221] Normal,,,
2026-10-05,unl-033-219,foil,Frisky Hunter,UNL,Common,0.2,,0.2,1,33.695,6.74,Frisky Hunter [unl-033-219] Foil,,,
2026-10-05,unl-033-219,normal,Frisky Hunter,UNL,Common,0.07,,0.07,1,33.695,2.36,Frisky Hunter [unl-033-219] Normal,,,
2026-10-05,opp-067-221,foil,Frostcoat Cub,OPP,Promo,0.25,,0.25,1,33.695,8.42,Frostcoat Cub [opp-067-221] Foil,,,
2026-10-05,sfd-067-221,foil,Frostcoat Cub,SFD,Common,0.16,,0.16,1,33.695,5.39,Frostcoat Cub [sfd-067-221] Foil,,,
2026-10-05,sfd-067-221,normal,Frostcoat Cub,SFD,Common,0.05,,0.05,1,33.695,1.68,Frostcoat Cub [sfd-067-221] Normal,,,
2026-10-05,ven-032-166,foil,Frostcoat Mother,VEN,Uncommon,0.24,,0.24,1,33.695,8.09,Frostcoat Mother [ven-032-166] Foil,,,
2026-10-05,ven-032-166,normal,Frostcoat Mother,VEN,Uncommon,0.06,,0.06,1,33.695,2.02,Frostcoat Mother [ven-032-166] Normal,,,
2026-10-05,unl-212-219,foil,Frozen Fortress,UNL,Uncommon,0.3,,0.3,1,33.695,10.11,Frozen Fortress [unl-212-219] Foil,,,
2026-10-05,unl-212-219,normal,Frozen Fortress,UNL,Uncommon,0.08,,0.08,1,33.695,2.7,Frozen Fortress [unl-212-219] Normal,,,
2026-10-05,ogn-007a-298,foil,Fury Rune (Alternate Art),OGN,Showcase,2.55,,2.55,1,33.695,85.92,Fury Rune (Alternate Art) [ogn-007a-298] Foil,,,
2026-10-05,sfd-r01a,foil,Fury Rune (Alternate Art),SFD,Showcase,2.45,,2.45,1,33.695,82.55,Fury Rune (Alternate Art) [sfd-r01a] Foil,,,
2026-10-05,unl-r01a,foil,Fury Rune (Alternate Art),UNL,Showcase,4.36,,4.36,1,33.695,146.91,Fury Rune (Alternate Art) [unl-r01a] Foil,,,
2026-10-05,ven-r01a,foil,Fury Rune (Alternate Art),VEN,Showcase,7.3,,7.3,1,33.695,245.97,Fury Rune (Alternate Art) [ven-r01a] Foil,,,
2026-10-05,ogn-007-298,normal,Fury Rune,OGN,Common,0.1,,0.1,1,33.695,3.37,Fury Rune [ogn-007-298] Normal,,,
2026-10-05,opp-007b-298,foil,Fury Rune,OPP,Promo,3.11,,3.11,1,33.695,104.79,Fury Rune [opp-007b-298] Foil,,,
2026-10-05,opp-r01b,foil,Fury Rune,OPP,Common,13.19,,13.19,1,33.695,444.44,Fury Rune [opp-r01b] Foil,,,
2026-10-05,opp-r01c,normal,Fury Rune,OPP,Promo,19.19,,19.19,1,33.695,646.61,Fury Rune [opp-r01c] Normal,,,
2026-10-05,sfd-r01,normal,Fury Rune,SFD,Common,0.08,,0.08,1,33.695,2.7,Fury Rune [sfd-r01] Normal,,,
2026-10-05,sfd-r01b,foil,Fury Rune,SFD,Promo,11.1,,11.1,1,33.695,374.01,Fury Rune [sfd-r01b] Foil,,,
2026-10-05,unl-r01,foil,Fury Rune,UNL,Common,0.99,,0.99,1,33.695,33.36,Fury Rune [unl-r01] Foil,,,
2026-10-05,unl-r01,normal,Fury Rune,UNL,Common,0.09,,0.09,1,33.695,3.03,Fury Rune [unl-r01] Normal,,,
2026-10-05,unl-r01b,foil,Fury Rune,UNL,Promo,6.21,,6.21,1,33.695,209.25,Fury Rune [unl-r01b] Foil,,,
2026-10-05,ven-r01,foil,Fury Rune,VEN,Common,6.34,,6.34,1,33.695,213.63,Fury Rune [ven-r01] Foil,,,
2026-10-05,ven-r01,normal,Fury Rune,VEN,Common,0.07,,0.07,1,33.695,2.36,Fury Rune [ven-r01] Normal,,,
2026-10-05,unl-171-219,foil,"Galio, Indefatigable",UNL,Rare,0.26,,0.26,1,33.695,8.76,"Galio, Indefatigable [unl-171-219] Foil",,,
2026-10-05,ven-181-166,foil,"Gangplank, Naval (Overnumbered)",VEN,Rare,91.8,,91.8,1,33.695,3093.2,"Gangplank, Naval (Overnumbered) [ven-181-166] Foil",,,
2026-10-05,ven-086-166,foil,"Gangplank, Naval",VEN,Rare,0.18,,0.18,1,33.695,6.07,"Gangplank, Naval [ven-086-166] Foil",,,
2026-10-05,ogn-099-298,foil,Garbage Grabber,OGN,Uncommon,1.36,,1.36,1,33.695,45.83,Garbage Grabber [ogn-099-298] Foil,,,
2026-10-05,ogn-099-298,normal,Garbage Grabber,OGN,Uncommon,0.21,,0.21,1,33.695,7.08,Garbage Grabber [ogn-099-298] Normal,,,
2026-10-05,unl-213-219,foil,Gardens of Becoming,UNL,Uncommon,0.22,,0.22,1,33.695,7.41,Gardens of Becoming [unl-213-219] Foil,,,
2026-10-05,unl-213-219,normal,Gardens of Becoming,UNL,Uncommon,0.07,,0.07,1,33.695,2.36,Gardens of Becoming [unl-213-219] Normal,,,
2026-10-05,ogs-013-024,normal,"Garen, Commander",OGS,Epic,0.76,,0.76,1,33.695,25.61,"Garen, Commander [ogs-013-024] Normal",,,
2026-10-05,opp-013-024,foil,"Garen, Commander",OPP,Promo,4.18,,4.18,1,33.695,140.85,"Garen, Commander [opp-013-024] Foil",,,
2026-10-05,ogs-023-024,normal,"Garen, Might of Demacia (Starter)",OGS,Rare,0.9,,0.9,1,33.695,30.33,"Garen, Might of Demacia (Starter) [ogs-023-024] Normal",,,
2026-10-05,opp-023-024,foil,"Garen, Might of Demacia",OPP,Promo,6.34,,6.34,1,33.695,213.63,"Garen, Might of Demacia [opp-023-024] Foil",,,
2026-10-05,ogs-007-024,normal,"Garen, Rugged",OGS,Rare,0.82,,0.82,1,33.695,27.63,"Garen, Rugged [ogs-007-024] Normal",,,
2026-10-05,opp-007-024,foil,"Garen, Rugged",OPP,Promo,5.89,,5.89,1,33.695,198.46,"Garen, Rugged [opp-007-024] Foil",,,
2026-10-05,sfd-068-221,foil,Gearhead,SFD,Common,0.2,,0.2,1,33.695,6.74,Gearhead [sfd-068-221] Foil,,,
2026-10-05,sfd-068-221,normal,Gearhead,SFD,Common,0.05,,0.05,1,33.695,1.68,Gearhead [sfd-068-221] Normal,,,
2026-10-05,opp-007-221,foil,Gem Jammer,OPP,Promo,0.39,,0.39,1,33.695,13.14,Gem Jammer [opp-007-221] Foil,,,
2026-10-05,sfd-007-221,foil,Gem Jammer,SFD,Common,0.23,,0.23,1,33.695,7.75,Gem Jammer [sfd-007-221] Foil,,,
2026-10-05,sfd-007-221,normal,Gem Jammer,SFD,Common,0.07,,0.07,1,33.695,2.36,Gem Jammer [sfd-007-221] Normal,,,
2026-10-05,ogn-100-298,foil,Gemcraft Seer,OGN,Uncommon,0.24,,0.24,1,33.695,8.09,Gemcraft Seer [ogn-100-298] Foil,,,
2026-10-05,ogn-100-298,normal,Gemcraft Seer,OGN,Uncommon,0.1,,0.1,1,33.695,3.37,Gemcraft Seer [ogn-100-298] Normal,,,
2026-10-05,unl-094-219,foil,Gemhand Hunter,UNL,Common,0.22,,0.22,1,33.695,7.41,Gemhand Hunter [unl-094-219] Foil,,,
2026-10-05,unl-094-219,normal,Gemhand Hunter,UNL,Common,0.08,,0.08,1,33.695,2.7,Gemhand Hunter [unl-094-219] Normal,,,
2026-10-05,unl-104-219,foil,Gentle Gemdragon,UNL,Uncommon,0.38,,0.38,1,33.695,12.8,Gentle Gemdragon [unl-104-219] Foil,,,
2026-10-05,unl-104-219,normal,Gentle Gemdragon,UNL,Uncommon,0.12,,0.12,1,33.695,4.04,Gentle Gemdragon [unl-104-219] Normal,,,
2026-10-05,ogs-008-024,normal,Gentlemen's Duel,OGS,Common,0.35,,0.35,1,33.695,11.79,Gentlemen's Duel [ogs-008-024] Normal,,,
2026-10-05,ogn-008-298,foil,Get Excited!,OGN,Common,0.25,,0.25,1,33.695,8.42,Get Excited! [ogn-008-298] Foil,,,
2026-10-05,ogn-008-298,normal,Get Excited!,OGN,Common,0.07,,0.07,1,33.695,2.36,Get Excited! [ogn-008-298] Normal,,,
2026-10-05,sfd-165-221,foil,Glasc Mixologist,SFD,Uncommon,2.11,,2.11,1,33.695,71.1,Glasc Mixologist [sfd-165-221] Foil,,,
2026-10-05,sfd-165-221,normal,Glasc Mixologist,SFD,Uncommon,0.25,,0.25,1,33.695,8.42,Glasc Mixologist [sfd-165-221] Normal,,,
2026-10-05,ven-133-166,foil,Glowstone,VEN,Rare,0.15,,0.15,1,33.695,5.05,Glowstone [ven-133-166] Foil,,,
2026-10-05,sfd-t03,normal,Gold // Buff,SFD,Common,0.13,,0.13,1,33.695,4.38,Gold // Buff [sfd-t03] Normal,,,
2026-10-05,ogn-233-298,foil,Grand Strategem,OGN,Rare,0.33,,0.33,1,33.695,11.12,Grand Strategem [ogn-233-298] Foil,,,
2026-10-05,unl-021-219,foil,Grim Apothecary,UNL,Rare,0.3,,0.3,1,33.695,10.11,Grim Apothecary [unl-021-219] Foil,,,
2026-10-05,unl-095-219,foil,Grim Resolve,UNL,Common,0.24,,0.24,1,33.695,8.09,Grim Resolve [unl-095-219] Foil,,,
2026-10-05,unl-095-219,normal,Grim Resolve,UNL,Common,0.08,,0.08,1,33.695,2.7,Grim Resolve [unl-095-219] Normal,,,
2026-10-05,ogn-280-298,foil,Grove of the God-Willow,OGN,Uncommon,1.47,,1.47,1,33.695,49.53,Grove of the God-Willow [ogn-280-298] Foil,,,
2026-10-05,ogn-280-298,normal,Grove of the God-Willow,OGN,Uncommon,0.32,,0.32,1,33.695,10.78,Grove of the God-Willow [ogn-280-298] Normal,,,
2026-10-05,opp-050-166,foil,Grumpy Rockbear,OPP,Common,0.68,,0.68,1,33.695,22.91,Grumpy Rockbear [opp-050-166] Foil,,,
2026-10-05,ven-050-166,foil,Grumpy Rockbear,VEN,Common,0.13,,0.13,1,33.695,4.38,Grumpy Rockbear [ven-050-166] Foil,,,
2026-10-05,ven-050-166,normal,Grumpy Rockbear,VEN,Common,0.04,,0.04,1,33.695,1.35,Grumpy Rockbear [ven-050-166] Normal,,,
2026-10-05,opp-051-221,foil,Guardian Angel (Top 8),OPP,Promo,106.71,,106.71,1,33.695,3595.59,Guardian Angel (Top 8) [opp-051-221] Foil,,,
2026-10-05,opp-051-221,foil,Guardian Angel (Top 8),OPP,Promo,4.5,,4.5,1,33.695,151.63,Guardian Angel (Top 8) [opp-051-221] Foil,,,
2026-10-05,sfd-051-221,foil,Guardian Angel,SFD,Rare,0.92,,0.92,1,33.695,31,Guardian Angel [sfd-051-221] Foil,,,
2026-10-05,sfd-035-221,foil,Guardian of the Passage,SFD,Common,0.17,,0.17,1,33.695,5.73,Guardian of the Passage [sfd-035-221] Foil,,,
2026-10-05,sfd-035-221,normal,Guardian of the Passage,SFD,Common,0.07,,0.07,1,33.695,2.36,Guardian of the Passage [sfd-035-221] Normal,,,
2026-10-05,sfd-154-221,foil,Guards!,SFD,Common,0.23,,0.23,1,33.695,7.75,Guards! [sfd-154-221] Foil,,,
2026-10-05,sfd-154-221,normal,Guards!,SFD,Common,0.08,,0.08,1,33.695,2.7,Guards! [sfd-154-221] Normal,,,
2026-10-05,ogn-264-298,foil,Guerilla Warfare,OGN,Epic,4.13,,4.13,1,33.695,139.16,Guerilla Warfare [ogn-264-298] Foil,,,
2026-10-05,ogn-169-298,foil,Gust,OGN,Common,0.75,,0.75,1,33.695,25.27,Gust [ogn-169-298] Foil,,,
2026-10-05,ogn-169-298,normal,Gust,OGN,Common,0.23,,0.23,1,33.695,7.75,Gust [ogn-169-298] Normal,,,
2026-10-05,opp-101-166,foil,Gust Monk,OPP,Uncommon,0.94,,0.94,1,33.695,31.67,Gust Monk [opp-101-166] Foil,,,
2026-10-05,ven-101-166,foil,Gust Monk,VEN,Uncommon,0.33,,0.33,1,33.695,11.12,Gust Monk [ven-101-166] Foil,,,
2026-10-05,ven-101-166,normal,Gust Monk,VEN,Uncommon,0.12,,0.12,1,33.695,4.04,Gust Monk [ven-101-166] Normal,,,
2026-10-05,opp-075-219,foil,Gustwalker,OPP,Promo,0.3,,0.3,1,33.695,10.11,Gustwalker [opp-075-219] Foil,,,
2026-10-05,unl-075-219,foil,Gustwalker,UNL,Uncommon,0.25,,0.25,1,33.695,8.42,Gustwalker [unl-075-219] Foil,,,
2026-10-05,unl-075-219,normal,Gustwalker,UNL,Uncommon,0.11,,0.11,1,33.695,3.71,Gustwalker [unl-075-219] Normal,,,
2026-10-05,unl-088-219,foil,Gutter Palace,UNL,Epic,3.3,,3.3,1,33.695,111.19,Gutter Palace [unl-088-219] Foil,,,
2026-10-05,ven-072-166,foil,Guttural Roar,VEN,Common,0.24,,0.24,1,33.695,8.09,Guttural Roar [ven-072-166] Foil,,,
2026-10-05,ven-072-166,normal,Guttural Roar,VEN,Common,0.08,,0.08,1,33.695,2.7,Guttural Roar [ven-072-166] Normal,,,
2026-10-05,sfd-210-221,foil,Hall of Legends,SFD,Uncommon,0.48,,0.48,1,33.695,16.17,Hall of Legends [sfd-210-221] Foil,,,
2026-10-05,sfd-210-221,normal,Hall of Legends,SFD,Uncommon,0.15,,0.15,1,33.695,5.05,Hall of Legends [sfd-210-221] Normal,,,
2026-10-05,ogn-281-298,foil,Hallowed Tomb,OGN,Uncommon,0.45,,0.45,1,33.695,15.16,Hallowed Tomb [ogn-281-298] Foil,,,
2026-10-05,ogn-281-298,normal,Hallowed Tomb,OGN,Uncommon,0.15,,0.15,1,33.695,5.05,Hallowed Tomb [ogn-281-298] Normal,,,
2026-10-05,ven-027-166,foil,Hand Hammer,VEN,Common,0.27,,0.27,1,33.695,9.1,Hand Hammer [ven-027-166] Foil,,,
2026-10-05,ven-027-166,normal,Hand Hammer,VEN,Common,0.12,,0.12,1,33.695,4.04,Hand Hammer [ven-027-166] Normal,,,
2026-10-05,sfd-136-221,foil,Hard Bargain,SFD,Uncommon,3.78,,3.78,1,33.695,127.37,Hard Bargain [sfd-136-221] Foil,,,
2026-10-05,sfd-136-221,normal,Hard Bargain,SFD,Uncommon,0.93,,0.93,1,33.695,31.34,Hard Bargain [sfd-136-221] Normal,,,
2026-10-05,ogn-234-298,foil,Harnessed Dragon,OGN,Rare,3,,3,1,33.695,101.09,Harnessed Dragon [ogn-234-298] Foil,,,
2026-10-05,opp-137-221,foil,Harpoon Squad,OPP,Promo,0.28,,0.28,1,33.695,9.43,Harpoon Squad [opp-137-221] Foil,,,
2026-10-05,sfd-137-221,foil,Harpoon Squad,SFD,Uncommon,0.28,,0.28,1,33.695,9.43,Harpoon Squad [sfd-137-221] Foil,,,
2026-10-05,sfd-137-221,normal,Harpoon Squad,SFD,Uncommon,0.08,,0.08,1,33.695,2.7,Harpoon Squad [sfd-137-221] Normal,,,
2026-10-05,sfd-052-221,foil,Heart of Dark Ice,SFD,Rare,0.31,,0.31,1,33.695,10.45,Heart of Dark Ice [sfd-052-221] Foil,,,
2026-10-05,unl-142-219,foil,Heedless Resurrection,UNL,Rare,0.3,,0.3,1,33.695,10.11,Heedless Resurrection [unl-142-219] Foil,,,
2026-10-05,jdg-111-298,foil,"Heimerdinger, Inventor",JDG,Promo,441.76,,441.76,1,33.695,14885.1,"Heimerdinger, Inventor [jdg-111-298] Foil",,,
2026-10-05,ogn-111-298,foil,"Heimerdinger, Inventor",OGN,Rare,0.38,,0.38,1,33.695,12.8,"Heimerdinger, Inventor [ogn-111-298] Foil",,,
2026-10-05,pr-111a-298,foil,"Heimerdinger, Inventor",PR,Promo,80.19,,80.19,1,33.695,2702,"Heimerdinger, Inventor [pr-111a-298] Foil",,,
2026-10-05,ven-158-166,foil,"Heisho, Shell of the World",VEN,Uncommon,0.98,,0.98,1,33.695,33.02,"Heisho, Shell of the World [ven-158-166] Foil",,,
2026-10-05,ven-158-166,normal,"Heisho, Shell of the World",VEN,Uncommon,0.11,,0.11,1,33.695,3.71,"Heisho, Shell of the World [ven-158-166] Normal",,,
2026-10-05,ven-045-166,foil,Helm of Suppression,VEN,Epic,3.49,,3.49,1,33.695,117.6,Helm of Suppression [ven-045-166] Foil,,,
2026-10-05,ogn-140-298,foil,Herald of Scales,OGN,Uncommon,0.91,,0.91,1,33.695,30.66,Herald of Scales [ogn-140-298] Foil,,,
2026-10-05,ogn-140-298,normal,Herald of Scales,OGN,Uncommon,0.21,,0.21,1,33.695,7.08,Herald of Scales [ogn-140-298] Normal,,,
2026-10-05,unl-034-219,foil,Herald of Spring,UNL,Common,0.18,,0.18,1,33.695,6.07,Herald of Spring [unl-034-219] Foil,,,
2026-10-05,unl-034-219,normal,Herald of Spring,UNL,Common,0.05,,0.05,1,33.695,1.68,Herald of Spring [unl-034-219] Normal,,,
2026-10-05,sfd-111-221,foil,Here to Help,SFD,Rare,0.2,,0.2,1,33.695,6.74,Here to Help [sfd-111-221] Foil,,,
2026-10-05,unl-155-219,foil,Heroic Charge,UNL,Common,0.2,,0.2,1,33.695,6.74,Heroic Charge [unl-155-219] Foil,,,
2026-10-05,unl-155-219,normal,Heroic Charge,UNL,Common,0.09,,0.09,1,33.695,3.03,Heroic Charge [unl-155-219] Normal,,,
2026-10-05,sfd-102-221,foil,Hexdrinker,SFD,Uncommon,0.29,,0.29,1,33.695,9.77,Hexdrinker [sfd-102-221] Foil,,,
2026-10-05,sfd-102-221,normal,Hexdrinker,SFD,Uncommon,0.12,,0.12,1,33.695,4.04,Hexdrinker [sfd-102-221] Normal,,,
2026-10-05,sfd-083-221,foil,Hextech Anomaly,SFD,Rare,0.24,,0.24,1,33.695,8.09,Hextech Anomaly [sfd-083-221] Foil,,,
2026-10-05,ven-087-166,foil,Hextech Disc,VEN,Rare,0.13,,0.13,1,33.695,4.38,Hextech Disc [ven-087-166] Foil,,,
2026-10-05,ven-062-166,foil,Hextech Formula,VEN,Rare,0.23,,0.23,1,33.695,7.75,Hextech Formula [ven-062-166] Foil,,,
2026-10-05,unl-188-219,foil,Hextech Gauntlets,UNL,Epic,0.46,,0.46,1,33.695,15.5,Hextech Gauntlets [unl-188-219] Foil,,,
2026-10-05,ogn-009-298,foil,Hextech Ray,OGN,Common,0.63,,0.63,1,33.695,21.23,Hextech Ray [ogn-009-298] Foil,,,
2026-10-05,ogn-009-298,normal,Hextech Ray,OGN,Common,0.15,,0.15,1,33.695,5.05,Hextech Ray [ogn-009-298] Normal,,,
2026-10-05,ogn-213-298,foil,Hidden Blade,OGN,Common,2.63,,2.63,1,33.695,88.62,Hidden Blade [ogn-213-298] Foil,,,
2026-10-05,ogn-213-298,normal,Hidden Blade,OGN,Common,0.82,,0.82,1,33.695,27.63,Hidden Blade [ogn-213-298] Normal,,,
2026-10-05,ogs-020-024,normal,Highlander,OGS,Epic,0.64,,0.64,1,33.695,21.56,Highlander [ogs-020-024] Normal,,,
2026-10-05,opp-020-024,foil,Highlander,OPP,Promo,1.93,,1.93,1,33.695,65.03,Highlander [opp-020-024] Foil,,,
2026-10-05,sfd-155-221,foil,Honest Broker,SFD,Common,0.44,,0.44,1,33.695,14.83,Honest Broker [sfd-155-221] Foil,,,
2026-10-05,sfd-155-221,normal,Honest Broker,SFD,Common,0.14,,0.14,1,33.695,4.72,Honest Broker [sfd-155-221] Normal,,,
2026-10-05,unl-049-219,foil,Honeyfruit,UNL,Rare,0.24,,0.24,1,33.695,8.09,Honeyfruit [unl-049-219] Foil,,,
2026-10-05,opp-118-166,foil,Horns of the Dragon,OPP,Common,0.28,,0.28,1,33.695,9.43,Horns of the Dragon [opp-118-166] Foil,,,
2026-10-05,ven-118-166,foil,Horns of the Dragon,VEN,Common,0.14,,0.14,1,33.695,4.72,Horns of the Dragon [ven-118-166] Foil,,,
2026-10-05,ven-118-166,normal,Horns of the Dragon,VEN,Common,0.03,,0.03,1,33.695,1.01,Horns of the Dragon [ven-118-166] Normal,,,
2026-10-05,sfd-202-221,foil,Hostile Takeover,SFD,Epic,1.15,,1.15,1,33.695,38.75,Hostile Takeover [sfd-202-221] Foil,,,
2026-10-05,opp-125-166,foil,Hungry Wolf,OPP,Uncommon,0.57,,0.57,1,33.695,19.21,Hungry Wolf [opp-125-166] Foil,,,
2026-10-05,ven-125-166,foil,Hungry Wolf,VEN,Uncommon,0.19,,0.19,1,33.695,6.4,Hungry Wolf [ven-125-166] Foil,,,
2026-10-05,ven-125-166,normal,Hungry Wolf,VEN,Uncommon,0.05,,0.05,1,33.695,1.68,Hungry Wolf [ven-125-166] Normal,,,
2026-10-05,unl-096-219,foil,Hunter's Machete,UNL,Common,0.17,,0.17,1,33.695,5.73,Hunter's Machete [unl-096-219] Foil,,,
2026-10-05,unl-096-219,normal,Hunter's Machete,UNL,Common,0.08,,0.08,1,33.695,2.7,Hunter's Machete [unl-096-219] Normal,,,
2026-10-05,unl-080-219,foil,"Hwei, Brooding Painter",UNL,Rare,3.04,,3.04,1,33.695,102.43,"Hwei, Brooding Painter [unl-080-219] Foil",,,
2026-10-05,unl-050-219,foil,Iascylla,UNL,Rare,0.14,,0.14,1,33.695,4.72,Iascylla [unl-050-219] Foil,,,
2026-10-05,ogn-248-298,foil,Icathian Rain,OGN,Epic,3.12,,3.12,1,33.695,105.13,Icathian Rain [ogn-248-298] Foil,,,
2026-10-05,opp-065-219,foil,Icevale Archer,OPP,Promo,0.38,,0.38,1,33.695,12.8,Icevale Archer [opp-065-219] Foil,,,
2026-10-05,unl-065-219,foil,Icevale Archer,UNL,Common,0.14,,0.14,1,33.695,4.72,Icevale Archer [unl-065-219] Foil,,,
2026-10-05,unl-065-219,normal,Icevale Archer,UNL,Common,0.05,,0.05,1,33.695,1.68,Icevale Archer [unl-065-219] Normal,,,
2026-10-05,ven-182-166,foil,"Illaoi, Prophet of the Great Kraken (Overnumbered)",VEN,Rare,93.85,,93.85,1,33.695,3162.28,"Illaoi, Prophet of the Great Kraken (Overnumbered) [ven-182-166] Foil",,,
2026-10-05,opp-109-166,foil,"Illaoi, Prophet of the Great Kraken (Top 8)",OPP,Promo,72.89,,72.89,1,33.695,2456.03,"Illaoi, Prophet of the Great Kraken (Top 8) [opp-109-166] Foil",,,
2026-10-05,opp-109-166,foil,"Illaoi, Prophet of the Great Kraken (Top 8)",OPP,Promo,2.2,,2.2,1,33.695,74.13,"Illaoi, Prophet of the Great Kraken (Top 8) [opp-109-166] Foil",,,
2026-10-05,ven-109-166,foil,"Illaoi, Prophet of the Great Kraken",VEN,Rare,0.21,,0.21,1,33.695,7.08,"Illaoi, Prophet of the Great Kraken [ven-109-166] Foil",,,
2026-10-05,ogn-037-298,foil,Immortal Phoenix,OGN,Epic,5.41,,5.41,1,33.695,182.29,Immortal Phoenix [ogn-037-298] Foil,,,
2026-10-05,ogn-221-298,foil,Imperial Decree,OGN,Uncommon,1.47,,1.47,1,33.695,49.53,Imperial Decree [ogn-221-298] Foil,,,
2026-10-05,ogn-221-298,normal,Imperial Decree,OGN,Uncommon,0.63,,0.63,1,33.695,21.23,Imperial Decree [ogn-221-298] Normal,,,
2026-10-05,unl-105-219,foil,Imposing Challenger,UNL,Uncommon,0.29,,0.29,1,33.695,9.77,Imposing Challenger [unl-105-219] Foil,,,
2026-10-05,unl-105-219,normal,Imposing Challenger,UNL,Uncommon,0.09,,0.09,1,33.695,3.03,Imposing Challenger [unl-105-219] Normal,,,
2026-10-05,ogs-003-024,normal,Incinerate,OGS,Common,0.42,,0.42,1,33.695,14.15,Incinerate [ogs-003-024] Normal,,,
2026-10-05,unl-002-219,foil,Inferna,UNL,Common,0.39,,0.39,1,33.695,13.14,Inferna [unl-002-219] Foil,,,
2026-10-05,unl-002-219,normal,Inferna,UNL,Common,0.12,,0.12,1,33.695,4.04,Inferna [unl-002-219] Normal,,,
2026-10-05,unl-135-219,foil,Insightful Investigator,UNL,Uncommon,0.29,,0.29,1,33.695,9.77,Insightful Investigator [unl-135-219] Foil,,,
2026-10-05,unl-135-219,normal,Insightful Investigator,UNL,Uncommon,0.09,,0.09,1,33.695,3.03,Insightful Investigator [unl-135-219] Normal,,,
2026-10-05,ogn-201-298,foil,Invert Timelines,OGN,Epic,14.66,,14.66,1,33.695,493.97,Invert Timelines [ogn-201-298] Foil,,,
2026-10-05,unl-027-219,foil,Inviolus Vox,UNL,Epic,0.43,,0.43,1,33.695,14.49,Inviolus Vox [unl-027-219] Foil,,,
2026-10-05,opp-195-221,foil,"Irelia, Blade Dancer (Metal)",OPP,Promo,1300,,1300,1,33.695,43803.5,"Irelia, Blade Dancer (Metal) [opp-195-221] Foil",,,
2026-10-05,sfd-246-221,foil,"Irelia, Blade Dancer (Overnumbered)",SFD,Showcase,169.64,,169.64,1,33.695,5716.02,"Irelia, Blade Dancer (Overnumbered) [sfd-246-221] Foil",,,
2026-10-05,sfd-195-221,foil,"Irelia, Blade Dancer",SFD,Rare,0.22,,0.22,1,33.695,7.41,"Irelia, Blade Dancer [sfd-195-221] Foil",,,
2026-10-05,sfd-057a-221,foil,"Irelia, Fervent (Alternate Art)",SFD,Showcase,24.39,,24.39,1,33.695,821.82,"Irelia, Fervent (Alternate Art) [sfd-057a-221] Foil",,,
2026-10-05,sfd-225-221,foil,"Irelia, Fervent (Overnumbered)",SFD,Showcase,385.39,,385.39,1,33.695,12985.72,"Irelia, Fervent (Overnumbered) [sfd-225-221] Foil",,,
2026-10-05,ven-174-166,foil,"Irelia, Fervent (Overnumbered)",VEN,Epic,209.05,,209.05,1,33.695,7043.94,"Irelia, Fervent (Overnumbered) [ven-174-166] Foil",,,
2026-10-05,sfd-225*-221,foil,"Irelia, Fervent (Signature)",SFD,Showcase,1572.06,,1572.06,1,33.695,52970.56,"Irelia, Fervent (Signature) [sfd-225*-221] Foil",,,
2026-10-05,sfd-057-221,foil,"Irelia, Fervent",SFD,Epic,23.24,,23.24,1,33.695,783.07,"Irelia, Fervent [sfd-057-221] Foil",,,
2026-10-05,sfd-141a-221,foil,"Irelia, Graceful (Alternate Art)",SFD,Showcase,1.66,,1.66,1,33.695,55.93,"Irelia, Graceful (Alternate Art) [sfd-141a-221] Foil",,,
2026-10-05,sfd-141-221,foil,"Irelia, Graceful",SFD,Rare,0.19,,0.19,1,33.695,6.4,"Irelia, Graceful [sfd-141-221] Foil",,,
2026-10-05,ogn-017-298,foil,Iron Ballista,OGN,Uncommon,0.43,,0.43,1,33.695,14.49,Iron Ballista [ogn-017-298] Foil,,,
2026-10-05,ogn-017-298,normal,Iron Ballista,OGN,Uncommon,0.17,,0.17,1,33.695,5.73,Iron Ballista [ogn-017-298] Normal,,,
2026-10-05,unl-112-219,foil,Irresistible Faefolk,UNL,Rare,5.19,,5.19,1,33.695,174.88,Irresistible Faefolk [unl-112-219] Foil,,,
2026-10-05,unl-124-219,foil,Isolate,UNL,Common,0.18,,0.18,1,33.695,6.07,Isolate [unl-124-219] Foil,,,
2026-10-05,unl-124-219,normal,Isolate,UNL,Common,0.09,,0.09,1,33.695,3.03,Isolate [unl-124-219] Normal,,,
2026-10-05,ven-051-166,foil,Iterative Design,VEN,Common,0.25,,0.25,1,33.695,8.42,Iterative Design [ven-051-166] Foil,,,
2026-10-05,ven-051-166,normal,Iterative Design,VEN,Common,0.05,,0.05,1,33.695,1.68,Iterative Design [ven-051-166] Normal,,,
2026-10-05,unl-177a-219,foil,"Ivern, Friend to All (Alternate Art)",UNL,Epic,2.52,,2.52,1,33.695,84.91,"Ivern, Friend to All (Alternate Art) [unl-177a-219] Foil",,,
2026-10-05,unl-177-219,foil,"Ivern, Friend to All",UNL,Epic,1,,1,1,33.695,33.7,"Ivern, Friend to All [unl-177-219] Foil",,,
2026-10-05,unl-233-219,foil,"Ivern, Green Father (Overnumbered)",UNL,Rare,65.15,,65.15,1,33.695,2195.23,"Ivern, Green Father (Overnumbered) [unl-233-219] Foil",,,
2026-10-05,unl-233*-219,foil,"Ivern, Green Father (Signature)",UNL,Rare,399.52,,399.52,1,33.695,13461.83,"Ivern, Green Father (Signature) [unl-233*-219] Foil",,,
2026-10-05,sgn-002-003,foil,"Ivern, Green Father",SGN,Promo,54.47,,54.47,1,33.695,1835.37,"Ivern, Green Father [sgn-002-003] Foil",,,
2026-10-05,unl-195-219,foil,"Ivern, Green Father",UNL,Rare,0.14,,0.14,1,33.695,4.72,"Ivern, Green Father [unl-195-219] Foil",,,
2026-10-05,unl-051a-219,foil,"Ivern, Nurturer (Alternate Art)",UNL,Rare,2.39,,2.39,1,33.695,80.53,"Ivern, Nurturer (Alternate Art) [unl-051a-219] Foil",,,
2026-10-05,unl-051-219,foil,"Ivern, Nurturer",UNL,Rare,0.2,,0.2,1,33.695,6.74,"Ivern, Nurturer [unl-051-219] Foil",,,
2026-10-05,sfd-142-221,foil,Jae Medarda,SFD,Rare,0.13,,0.13,1,33.695,4.38,Jae Medarda [sfd-142-221] Foil,,,
2026-10-05,ven-073-166,foil,Jagged Cutlass,VEN,Common,0.2,,0.2,1,33.695,6.74,Jagged Cutlass [ven-073-166] Foil,,,
2026-10-05,ven-073-166,normal,Jagged Cutlass,VEN,Common,0.09,,0.09,1,33.695,3.03,Jagged Cutlass [ven-073-166] Normal,,,
2026-10-05,sfd-053-221,foil,"Janna, Savior",SFD,Rare,0.48,,0.48,1,33.695,16.17,"Janna, Savior [sfd-053-221] Foil",,,
2026-10-05,sfd-103-221,foil,Jaull-Fish,SFD,Uncommon,0.27,,0.27,1,33.695,9.1,Jaull-Fish [sfd-103-221] Foil,,,
2026-10-05,sfd-103-221,normal,Jaull-Fish,SFD,Uncommon,0.08,,0.08,1,33.695,2.7,Jaull-Fish [sfd-103-221] Normal,,,
2026-10-05,sfd-245-221,foil,"Jax, Grandmaster At Arms (Overnumbered)",SFD,Showcase,60.99,,60.99,1,33.695,2055.06,"Jax, Grandmaster At Arms (Overnumbered) [sfd-245-221] Foil",,,
2026-10-05,sfd-193-221,foil,"Jax, Grandmaster At Arms",SFD,Rare,0.15,,0.15,1,33.695,5.05,"Jax, Grandmaster At Arms [sfd-193-221] Foil",,,
2026-10-05,sfd-054a-221,foil,"Jax, Unmatched (Alternate Art)",SFD,Showcase,1.31,,1.31,1,33.695,44.14,"Jax, Unmatched (Alternate Art) [sfd-054a-221] Foil",,,
2026-10-05,sfd-054-221,foil,"Jax, Unmatched",SFD,Rare,0.22,,0.22,1,33.695,7.41,"Jax, Unmatched [sfd-054-221] Foil",,,
2026-10-05,sfd-119a-221,foil,"Jax, Unrelenting (Alternate Art)",SFD,Showcase,1.26,,1.26,1,33.695,42.46,"Jax, Unrelenting (Alternate Art) [sfd-119a-221] Foil",,,
2026-10-05,sfd-119-221,foil,"Jax, Unrelenting",SFD,Epic,0.75,,0.75,1,33.695,25.27,"Jax, Unrelenting [sfd-119-221] Foil",,,
2026-10-05,ven-068a-166,foil,"Jayce, Brilliant Inventor (Alternate Art)",VEN,Epic,1.74,,1.74,1,33.695,58.63,"Jayce, Brilliant Inventor (Alternate Art) [ven-068a-166] Foil",,,
2026-10-05,ven-068-166,foil,"Jayce, Brilliant Inventor",VEN,Epic,0.43,,0.43,1,33.695,14.49,"Jayce, Brilliant Inventor [ven-068-166] Foil",,,
2026-10-05,ven-194-166,foil,"Jayce, Defender of Tomorrow (Overnumbered)",VEN,Rare,200.35,,200.35,1,33.695,6750.79,"Jayce, Defender of Tomorrow (Overnumbered) [ven-194-166] Foil",,,
2026-10-05,ven-194*-166,foil,"Jayce, Defender of Tomorrow (Signature)",VEN,Rare,1218.96,,1218.96,1,33.695,41072.86,"Jayce, Defender of Tomorrow (Signature) [ven-194*-166] Foil",,,
2026-10-05,ven-149-166,foil,"Jayce, Defender of Tomorrow",VEN,Rare,0.14,,0.14,1,33.695,4.72,"Jayce, Defender of Tomorrow [ven-149-166] Foil",,,
2026-10-05,ven-088a-166,foil,"Jayce, Hammer in Hand (Alternate Art)",VEN,Rare,1.07,,1.07,1,33.695,36.05,"Jayce, Hammer in Hand (Alternate Art) [ven-088a-166] Foil",,,
2026-10-05,ven-088-166,foil,"Jayce, Hammer in Hand",VEN,Rare,0.13,,0.13,1,33.695,4.38,"Jayce, Hammer in Hand [ven-088-166] Foil",,,
2026-10-05,ven-175-166,foil,"Jayce, Man of Progress (Overnumbered)",VEN,Rare,89.67,,89.67,1,33.695,3021.43,"Jayce, Man of Progress (Overnumbered) [ven-175-166] Foil",,,
2026-10-05,opp-084-221,foil,"Jayce, Man of Progress",OPP,Promo,30.65,,30.65,1,33.695,1032.75,"Jayce, Man of Progress [opp-084-221] Foil",,,
2026-10-05,sfd-084-221,foil,"Jayce, Man of Progress",SFD,Rare,0.26,,0.26,1,33.695,8.76,"Jayce, Man of Progress [sfd-084-221] Foil",,,
2026-10-05,ogn-086-298,foil,Jeweled Colossus,OGN,Common,0.14,,0.14,1,33.695,4.72,Jeweled Colossus [ogn-086-298] Foil,,,
2026-10-05,ogn-086-298,normal,Jeweled Colossus,OGN,Common,0.03,,0.03,1,33.695,1.01,Jeweled Colossus [ogn-086-298] Normal,,,
2026-10-05,unl-089a-219,foil,"Jhin, Meticulous Killer (Alternate Art)",UNL,Epic,4.21,,4.21,1,33.695,141.86,"Jhin, Meticulous Killer (Alternate Art) [unl-089a-219] Foil",,,
2026-10-05,unl-089-219,foil,"Jhin, Meticulous Killer",UNL,Epic,1.62,,1.62,1,33.695,54.59,"Jhin, Meticulous Killer [unl-089-219] Foil",,,
2026-10-05,unl-022a-219,foil,"Jhin, Murderous Artist (Alternate Art)",UNL,Rare,6.76,,6.76,1,33.695,227.78,"Jhin, Murderous Artist (Alternate Art) [unl-022a-219] Foil",,,
2026-10-05,unl-022-219,foil,"Jhin, Murderous Artist",UNL,Rare,0.3,,0.3,1,33.695,10.11,"Jhin, Murderous Artist [unl-022-219] Foil",,,
2026-10-05,unl-226-219,foil,"Jhin, Virtuoso (Overnumbered)",UNL,Rare,70.31,,70.31,1,33.695,2369.1,"Jhin, Virtuoso (Overnumbered) [unl-226-219] Foil",,,
2026-10-05,unl-226*-219,foil,"Jhin, Virtuoso (Signature)",UNL,Rare,603.8,,603.8,1,33.695,20345.04,"Jhin, Virtuoso (Signature) [unl-226*-219] Foil",,,
2026-10-05,unl-181-219,foil,"Jhin, Virtuoso",UNL,Rare,0.17,,0.17,1,33.695,5.73,"Jhin, Virtuoso [unl-181-219] Foil",,,
2026-10-05,ogn-030a-298,foil,"Jinx, Demolitionist (Alternate Art)",OGN,Showcase,4.05,,4.05,1,33.695,136.46,"Jinx, Demolitionist (Alternate Art) [ogn-030a-298] Foil",,,
2026-10-05,ven-168-166,foil,"Jinx, Demolitionist (Overnumbered)",VEN,Rare,105.55,,105.55,1,33.695,3556.51,"Jinx, Demolitionist (Overnumbered) [ven-168-166] Foil",,,
2026-10-05,ogn-030-298,foil,"Jinx, Demolitionist",OGN,Rare,0.24,,0.24,1,33.695,8.09,"Jinx, Demolitionist [ogn-030-298] Foil",,,
2026-10-05,ogn-301-298,foil,"Jinx, Loose Cannon (Overnumbered)",OGN,Showcase,157.89,,157.89,1,33.695,5320.1,"Jinx, Loose Cannon (Overnumbered) [ogn-301-298] Foil",,,
2026-10-05,ogn-301*-298,foil,"Jinx, Loose Cannon (Signature)",OGN,Showcase,1266.68,,1266.68,1,33.695,42680.78,"Jinx, Loose Cannon (Signature) [ogn-301*-298] Foil",,,
2026-10-05,ogn-251-298,foil,"Jinx, Loose Cannon",OGN,Rare,0.3,,0.3,1,33.695,10.11,"Jinx, Loose Cannon [ogn-251-298] Foil",,,
2026-10-05,opp-251-298,foil,"Jinx, Loose Cannon",OPP,Promo,58.38,,58.38,1,33.695,1967.11,"Jinx, Loose Cannon [opp-251-298] Foil",,,
2026-10-05,opp-251-298,foil,"Jinx, Loose Cannon",OPP,Promo,2239.97,,2239.97,1,33.695,75475.79,"Jinx, Loose Cannon [opp-251-298] Foil",,,
2026-10-05,ogn-202a-298,foil,"Jinx, Rebel (Alternate Art)",OGN,Showcase,3.76,,3.76,1,33.695,126.69,"Jinx, Rebel (Alternate Art) [ogn-202a-298] Foil",,,
2026-10-05,ogn-202-298,foil,"Jinx, Rebel",OGN,Epic,3.1,,3.1,1,33.695,104.45,"Jinx, Rebel [ogn-202-298] Foil",,,
2026-10-05,opp-202-298,foil,"Jinx, Rebel",OPP,Promo,51.31,,51.31,1,33.695,1728.89,"Jinx, Rebel [opp-202-298] Foil",,,
2026-10-05,pr-202-298,foil,"Jinx, Rebel",PR,Promo,251.39,,251.39,1,33.695,8470.59,"Jinx, Rebel [pr-202-298] Foil",,,
2026-10-05,ogn-038-298,foil,Kadregrin the Infernal,OGN,Epic,4.72,,4.72,1,33.695,159.04,Kadregrin the Infernal [ogn-038-298] Foil,,,
2026-10-05,ogn-299-298,foil,"Kai'Sa, Daughter of the Void (Overnumbered)",OGN,Showcase,278.98,,278.98,1,33.695,9400.23,"Kai'Sa, Daughter of the Void (Overnumbered) [ogn-299-298] Foil",,,
2026-10-05,ogn-299*-298,foil,"Kai'Sa, Daughter of the Void (Signature)",OGN,Showcase,3114.31,,3114.31,1,33.695,104936.68,"Kai'Sa, Daughter of the Void (Signature) [ogn-299*-298] Foil",,,
2026-10-05,ogn-247-298,foil,"Kai'Sa, Daughter of the Void",OGN,Rare,0.34,,0.34,1,33.695,11.46,"Kai'Sa, Daughter of the Void [ogn-247-298] Foil",,,
2026-10-05,opp-247-298,foil,"Kai'Sa, Daughter of the Void",OPP,Promo,48.38,,48.38,1,33.695,1630.16,"Kai'Sa, Daughter of the Void [opp-247-298] Foil",,,
2026-10-05,opp-247-298,foil,"Kai'Sa, Daughter of the Void",OPP,Promo,2360.21,,2360.21,1,33.695,79527.28,"Kai'Sa, Daughter of the Void [opp-247-298] Foil",,,
2026-10-05,ogn-112a-298,foil,"Kai'Sa, Evolutionary (Alternate Art)",OGN,Showcase,3.96,,3.96,1,33.695,133.43,"Kai'Sa, Evolutionary (Alternate Art) [ogn-112a-298] Foil",,,
2026-10-05,ogn-112-298,foil,"Kai'Sa, Evolutionary",OGN,Rare,0.38,,0.38,1,33.695,12.8,"Kai'Sa, Evolutionary [ogn-112-298] Foil",,,
2026-10-05,ogn-039a-298,foil,"Kai'Sa, Survivor (Alternate Art)",OGN,Showcase,72.37,,72.37,1,33.695,2438.51,"Kai'Sa, Survivor (Alternate Art) [ogn-039a-298] Foil",,,
2026-10-05,ogn-039-298,foil,"Kai'Sa, Survivor",OGN,Epic,70.51,,70.51,1,33.695,2375.83,"Kai'Sa, Survivor [ogn-039-298] Foil",,,
2026-10-05,ven-sp1-006,foil,"Kai'Sa, Survivor",VEN,Epic,85.87,,85.87,1,33.695,2893.39,"Kai'Sa, Survivor [ven-sp1-006] Foil",,,
2026-10-05,sfd-237-221,foil,"Karma, Channeler (Overnumbered)",SFD,Showcase,48.34,,48.34,1,33.695,1628.82,"Karma, Channeler (Overnumbered) [sfd-237-221] Foil",,,
2026-10-05,sfd-237*-221,foil,"Karma, Channeler (Signature)",SFD,Showcase,320.02,,320.02,1,33.695,10783.07,"Karma, Channeler (Signature) [sfd-237*-221] Foil",,,
2026-10-05,ogn-235-298,foil,"Karma, Channeler",OGN,Rare,0.27,,0.27,1,33.695,9.1,"Karma, Channeler [ogn-235-298] Foil",,,
2026-10-05,ogn-236-298,foil,"Karthus, Eternal",OGN,Rare,2.74,,2.74,1,33.695,92.32,"Karthus, Eternal [ogn-236-298] Foil",,,
2026-10-05,unl-023-219,foil,"Katarina, Reckless",UNL,Rare,0.23,,0.23,1,33.695,7.75,"Katarina, Reckless [unl-023-219] Foil",,,
2026-10-05,sfd-112-221,foil,Kato the Arm,SFD,Rare,0.16,,0.16,1,33.695,5.39,Kato the Arm [sfd-112-221] Foil,,,
2026-10-05,ven-185-166,foil,"Kayle, Justified (Overnumbered)",VEN,Rare,158.23,,158.23,1,33.695,5331.56,"Kayle, Justified (Overnumbered) [ven-185-166] Foil",,,
2026-10-05,opp-134-166,foil,"Kayle, Justified (Top 8)",OPP,Promo,3.47,,3.47,1,33.695,116.92,"Kayle, Justified (Top 8) [opp-134-166] Foil",,,
2026-10-05,opp-134-166,foil,"Kayle, Justified (Top 8)",OPP,Promo,87.95,,87.95,1,33.695,2963.48,"Kayle, Justified (Top 8) [opp-134-166] Foil",,,
2026-10-05,ven-134-166,foil,"Kayle, Justified",VEN,Rare,0.28,,0.28,1,33.695,9.43,"Kayle, Justified [ven-134-166] Foil",,,
2026-10-05,ogn-189-298,foil,"Kayn, Unleashed",OGN,Rare,0.25,,0.25,1,33.695,8.42,"Kayn, Unleashed [ogn-189-298] Foil",,,
2026-10-05,ven-119-166,foil,Keeper of Law,VEN,Common,0.16,,0.16,1,33.695,5.39,Keeper of Law [ven-119-166] Foil,,,
2026-10-05,ven-119-166,normal,Keeper of Law,VEN,Common,0.06,,0.06,1,33.695,2.02,Keeper of Law [ven-119-166] Normal,,,
2026-10-05,unl-081-219,foil,Keeper of Masks,UNL,Rare,0.13,,0.13,1,33.695,4.38,Keeper of Masks [unl-081-219] Foil,,,
2026-10-05,unl-204-219,foil,Keeper's Verdict,UNL,Epic,0.54,,0.54,1,33.695,18.2,Keeper's Verdict [unl-204-219] Foil,,,
2026-10-05,ven-197-166,foil,"Kennen, Heart of the Tempest (Overnumbered)",VEN,Rare,210.84,,210.84,1,33.695,7104.25,"Kennen, Heart of the Tempest (Overnumbered) [ven-197-166] Foil",,,
2026-10-05,ven-197*-166,foil,"Kennen, Heart of the Tempest (Signature)",VEN,Rare,1152.22,,1152.22,1,33.695,38824.05,"Kennen, Heart of the Tempest (Signature) [ven-197*-166] Foil",,,
2026-10-05,ven-155-166,foil,"Kennen, Heart of the Tempest",VEN,Rare,0.18,,0.18,1,33.695,6.07,"Kennen, Heart of the Tempest [ven-155-166] Foil",,,
2026-10-05,ven-135a-166,foil,"Kennen, Keeper of Balance (Alternate Art)",VEN,Rare,4.46,,4.46,1,33.695,150.28,"Kennen, Keeper of Balance (Alternate Art) [ven-135a-166] Foil",,,
2026-10-05,ven-135-166,foil,"Kennen, Keeper of Balance",VEN,Rare,0.28,,0.28,1,33.695,9.43,"Kennen, Keeper of Balance [ven-135-166] Foil",,,
2026-10-05,ven-113-166,foil,"Kennen, Storm of Shuriken",VEN,Epic,1.06,,1.06,1,33.695,35.72,"Kennen, Storm of Shuriken [ven-113-166] Foil",,,
2026-10-05,ven-113a-166,foil,"Kennen, Storm of Shuriken",VEN,Epic,2.82,,2.82,1,33.695,95.02,"Kennen, Storm of Shuriken [ven-113a-166] Foil",,,
2026-10-05,unl-119a-219,foil,"Kha'Zix, Evolving Hunter (Alternate Art)",UNL,Epic,1.96,,1.96,1,33.695,66.04,"Kha'Zix, Evolving Hunter (Alternate Art) [unl-119a-219] Foil",,,
2026-10-05,ven-180-166,foil,"Kha'Zix, Evolving Hunter (Overnumbered)",VEN,Epic,68.53,,68.53,1,33.695,2309.12,"Kha'Zix, Evolving Hunter (Overnumbered) [ven-180-166] Foil",,,
2026-10-05,unl-119-219,foil,"Kha'Zix, Evolving Hunter",UNL,Epic,0.5,,0.5,1,33.695,16.85,"Kha'Zix, Evolving Hunter [unl-119-219] Foil",,,
2026-10-05,unl-143a-219,foil,"Kha'Zix, Mutating Horror (Alternate Art)",UNL,Rare,7.31,,7.31,1,33.695,246.31,"Kha'Zix, Mutating Horror (Alternate Art) [unl-143a-219] Foil",,,
2026-10-05,unl-143-219,foil,"Kha'Zix, Mutating Horror",UNL,Rare,0.3,,0.3,1,33.695,10.11,"Kha'Zix, Mutating Horror [unl-143-219] Foil",,,
2026-10-05,unl-236-219,foil,"Kha'Zix, Voidreaver (Overnumbered)",UNL,Rare,108.1,,108.1,1,33.695,3642.43,"Kha'Zix, Voidreaver (Overnumbered) [unl-236-219] Foil",,,
2026-10-05,unl-236*-219,foil,"Kha'Zix, Voidreaver (Signature)",UNL,Rare,403.27,,403.27,1,33.695,13588.18,"Kha'Zix, Voidreaver (Signature) [unl-236*-219] Foil",,,
2026-10-05,unl-201-219,foil,"Kha'Zix, Voidreaver",UNL,Rare,0.13,,0.13,1,33.695,4.38,"Kha'Zix, Voidreaver [unl-201-219] Foil",,,
2026-10-05,ven-114-166,foil,Kharox,VEN,Epic,5.02,,5.02,1,33.695,169.15,Kharox [ven-114-166] Foil,,,
2026-10-05,ven-126-166,foil,Ki Barrier,VEN,Uncommon,0.38,,0.38,1,33.695,12.8,Ki Barrier [ven-126-166] Foil,,,
2026-10-05,ven-126-166,normal,Ki Barrier,VEN,Uncommon,0.12,,0.12,1,33.695,4.04,Ki Barrier [ven-126-166] Normal,,,
2026-10-05,ogn-237-298,foil,King's Edict,OGN,Rare,0.16,,0.16,1,33.695,5.39,King's Edict [ogn-237-298] Foil,,,
2026-10-05,unl-097-219,foil,Kinkou Initiate,UNL,Common,0.28,,0.28,1,33.695,9.43,Kinkou Initiate [unl-097-219] Foil,,,
2026-10-05,unl-097-219,normal,Kinkou Initiate,UNL,Common,0.13,,0.13,1,33.695,4.38,Kinkou Initiate [unl-097-219] Normal,,,
2026-10-05,ven-093-166,foil,Kinkou Lifeblade,VEN,Common,0.14,,0.14,1,33.695,4.72,Kinkou Lifeblade [ven-093-166] Foil,,,
2026-10-05,ven-093-166,normal,Kinkou Lifeblade,VEN,Common,0.05,,0.05,1,33.695,1.68,Kinkou Lifeblade [ven-093-166] Normal,,,
2026-10-05,ogn-141-298,foil,Kinkou Monk,OGN,Uncommon,0.52,,0.52,1,33.695,17.52,Kinkou Monk [ogn-141-298] Foil,,,
2026-10-05,ogn-141-298,normal,Kinkou Monk,OGN,Uncommon,0.21,,0.21,1,33.695,7.08,Kinkou Monk [ogn-141-298] Normal,,,
2026-10-05,ven-159-166,foil,Kinkou Temple,VEN,Uncommon,0.26,,0.26,1,33.695,8.76,Kinkou Temple [ven-159-166] Foil,,,
2026-10-05,ven-159-166,normal,Kinkou Temple,VEN,Uncommon,0.06,,0.06,1,33.695,2.02,Kinkou Temple [ven-159-166] Normal,,,
2026-10-05,ogn-190-298,foil,"Kog'Maw, Caustic",OGN,Rare,0.27,,0.27,1,33.695,9.1,"Kog'Maw, Caustic [ogn-190-298] Foil",,,
2026-10-05,ogn-150-298,foil,Kraken Hunter,OGN,Rare,0.18,,0.18,1,33.695,6.07,Kraken Hunter [ogn-150-298] Foil,,,
2026-10-05,ven-127-166,foil,Lacerate,VEN,Common,0.38,,0.38,1,33.695,12.8,Lacerate [ven-127-166] Foil,,,
2026-10-05,ven-127-166,normal,Lacerate,VEN,Common,0.12,,0.12,1,33.695,4.04,Lacerate [ven-127-166] Normal,,,
2026-10-05,ogn-260-298,foil,Last Breath,OGN,Epic,1.45,,1.45,1,33.695,48.86,Last Breath [ogn-260-298] Foil,,,
2026-10-05,sfd-150-221,foil,Last Rites,SFD,Epic,32.65,,32.65,1,33.695,1100.14,Last Rites [sfd-150-221] Foil,,,
2026-10-05,ogn-069-298,foil,Last Stand,OGN,Rare,0.26,,0.26,1,33.695,8.76,Last Stand [ogn-069-298] Foil,,,
2026-10-05,sfd-096-221,foil,Laurent Bladekeeper,SFD,Common,0.15,,0.15,1,33.695,5.05,Laurent Bladekeeper [sfd-096-221] Foil,,,
2026-10-05,sfd-096-221,normal,Laurent Bladekeeper,SFD,Common,0.08,,0.08,1,33.695,2.7,Laurent Bladekeeper [sfd-096-221] Normal,,,
2026-10-05,opp-156-221,foil,Laurent Duelist,OPP,Promo,0.25,,0.25,1,33.695,8.42,Laurent Duelist [opp-156-221] Foil,,,
2026-10-05,sfd-156-221,foil,Laurent Duelist,SFD,Common,0.17,,0.17,1,33.695,5.73,Laurent Duelist [sfd-156-221] Foil,,,
2026-10-05,sfd-156-221,normal,Laurent Duelist,SFD,Common,0.03,,0.03,1,33.695,1.01,Laurent Duelist [sfd-156-221] Normal,,,
2026-10-05,unl-235-219,foil,"LeBlanc, Deceiver (Overnumbered)",UNL,Rare,246.63,,246.63,1,33.695,8310.2,"LeBlanc, Deceiver (Overnumbered) [unl-235-219] Foil",,,
2026-10-05,unl-235*-219,foil,"LeBlanc, Deceiver (Signature)",UNL,Rare,989.24,,989.24,1,33.695,33332.44,"LeBlanc, Deceiver (Signature) [unl-235*-219] Foil",,,
2026-10-05,unl-199-219,foil,"LeBlanc, Deceiver",UNL,Rare,0.18,,0.18,1,33.695,6.07,"LeBlanc, Deceiver [unl-199-219] Foil",,,
2026-10-05,unl-090a-219,foil,"LeBlanc, Everywhere At Once (Alternate Art)",UNL,Epic,8.21,,8.21,1,33.695,276.64,"LeBlanc, Everywhere At Once (Alternate Art) [unl-090a-219] Foil",,,
2026-10-05,unl-090-219,foil,"LeBlanc, Everywhere At Once",UNL,Epic,4.09,,4.09,1,33.695,137.81,"LeBlanc, Everywhere At Once [unl-090-219] Foil",,,
2026-10-05,unl-172a-219,foil,"LeBlanc, Fragmented (Alternate Art)",UNL,Rare,4.57,,4.57,1,33.695,153.99,"LeBlanc, Fragmented (Alternate Art) [unl-172a-219] Foil",,,
2026-10-05,unl-172-219,foil,"LeBlanc, Fragmented",UNL,Rare,0.32,,0.32,1,33.695,10.78,"LeBlanc, Fragmented [unl-172-219] Foil",,,
2026-10-05,ogn-087-298,foil,Lecturing Yordle,OGN,Common,0.55,,0.55,1,33.695,18.53,Lecturing Yordle [ogn-087-298] Foil,,,
2026-10-05,ogn-087-298,normal,Lecturing Yordle,OGN,Common,0.16,,0.16,1,33.695,5.39,Lecturing Yordle [ogn-087-298] Normal,,,
2026-10-05,ogn-078a-298,foil,"Lee Sin, Ascetic (Alternate Art)",OGN,Showcase,4.91,,4.91,1,33.695,165.44,"Lee Sin, Ascetic (Alternate Art) [ogn-078a-298] Foil",,,
2026-10-05,ogn-078-298,foil,"Lee Sin, Ascetic",OGN,Epic,0.68,,0.68,1,33.695,22.91,"Lee Sin, Ascetic [ogn-078-298] Foil",,,
2026-10-05,opp-078-298,foil,"Lee Sin, Ascetic",OPP,Promo,13.8,,13.8,1,33.695,464.99,"Lee Sin, Ascetic [opp-078-298] Foil",,,
2026-10-05,ogn-304-298,foil,"Lee Sin, Blind Monk (Overnumbered)",OGN,Showcase,139.13,,139.13,1,33.695,4687.99,"Lee Sin, Blind Monk (Overnumbered) [ogn-304-298] Foil",,,
2026-10-05,ogn-304*-298,foil,"Lee Sin, Blind Monk (Signature)",OGN,Showcase,1359.58,,1359.58,1,33.695,45811.05,"Lee Sin, Blind Monk (Signature) [ogn-304*-298] Foil",,,
2026-10-05,ogn-257-298,foil,"Lee Sin, Blind Monk",OGN,Rare,0.19,,0.19,1,33.695,6.4,"Lee Sin, Blind Monk [ogn-257-298] Foil",,,
2026-10-05,opp-257-298,foil,"Lee Sin, Blind Monk",OPP,Promo,18.84,,18.84,1,33.695,634.81,"Lee Sin, Blind Monk [opp-257-298] Foil",,,
2026-10-05,opp-257-298,foil,"Lee Sin, Blind Monk",OPP,Promo,1362.5,,1362.5,1,33.695,45909.44,"Lee Sin, Blind Monk [opp-257-298] Foil",,,
2026-10-05,ogn-151a-298,foil,"Lee Sin, Centered (Alternate Art)",OGN,Showcase,1.19,,1.19,1,33.695,40.1,"Lee Sin, Centered (Alternate Art) [ogn-151a-298] Foil",,,
2026-10-05,ogn-151-298,foil,"Lee Sin, Centered",OGN,Rare,0.21,,0.21,1,33.695,7.08,"Lee Sin, Centered [ogn-151-298] Foil",,,
2026-10-05,opp-151b-298,foil,"Lee Sin, Centered",OPP,Rare,50.08,,50.08,1,33.695,1687.45,"Lee Sin, Centered [opp-151b-298] Foil",,,
2026-10-05,ven-074-166,foil,Legion Marauder,VEN,Common,0.22,,0.22,1,33.695,7.41,Legion Marauder [ven-074-166] Foil,,,
2026-10-05,ven-074-166,normal,Legion Marauder,VEN,Common,0.08,,0.08,1,33.695,2.7,Legion Marauder [ven-074-166] Normal,,,
2026-10-05,sfd-044-221,foil,Legion Quartermaster,SFD,Uncommon,0.25,,0.25,1,33.695,8.42,Legion Quartermaster [sfd-044-221] Foil,,,
2026-10-05,sfd-044-221,normal,Legion Quartermaster,SFD,Uncommon,0.07,,0.07,1,33.695,2.36,Legion Quartermaster [sfd-044-221] Normal,,,
2026-10-05,ogn-010-298,foil,Legion Rearguard,OGN,Common,0.27,,0.27,1,33.695,9.1,Legion Rearguard [ogn-010-298] Foil,,,
2026-10-05,ogn-010-298,normal,Legion Rearguard,OGN,Common,0.13,,0.13,1,33.695,4.38,Legion Rearguard [ogn-010-298] Normal,,,
2026-10-05,ogn-238a-298,foil,"Leona, Determined (Alternate Art)",OGN,Showcase,3.07,,3.07,1,33.695,103.44,"Leona, Determined (Alternate Art) [ogn-238a-298] Foil",,,
2026-10-05,ven-184-166,foil,"Leona, Determined (Overnumbered)",VEN,Rare,85.62,,85.62,1,33.695,2884.97,"Leona, Determined (Overnumbered) [ven-184-166] Foil",,,
2026-10-05,ogn-238-298,foil,"Leona, Determined",OGN,Rare,0.37,,0.37,1,33.695,12.47,"Leona, Determined [ogn-238-298] Foil",,,
2026-10-05,ogn-306-298,foil,"Leona, Radiant Dawn (Overnumbered)",OGN,Showcase,87.81,,87.81,1,33.695,2958.76,"Leona, Radiant Dawn (Overnumbered) [ogn-306-298] Foil",,,
2026-10-05,ogn-306*-298,foil,"Leona, Radiant Dawn (Signature)",OGN,Showcase,910.5,,910.5,1,33.695,30679.3,"Leona, Radiant Dawn (Signature) [ogn-306*-298] Foil",,,
2026-10-05,ogn-261-298,foil,"Leona, Radiant Dawn",OGN,Rare,0.33,,0.33,1,33.695,11.12,"Leona, Radiant Dawn [ogn-261-298] Foil",,,
2026-10-05,opp-261-298,foil,"Leona, Radiant Dawn",OPP,Promo,1222,,1222,1,33.695,41175.29,"Leona, Radiant Dawn [opp-261-298] Foil",,,
2026-10-05,opp-261-298,foil,"Leona, Radiant Dawn",OPP,Promo,33.36,,33.36,1,33.695,1124.07,"Leona, Radiant Dawn [opp-261-298] Foil",,,
2026-10-05,ogn-079a-298,foil,"Leona, Zealot (Alternate Art)",OGN,Showcase,6.35,,6.35,1,33.695,213.96,"Leona, Zealot (Alternate Art) [ogn-079a-298] Foil",,,
2026-10-05,ogn-079-298,foil,"Leona, Zealot",OGN,Epic,1.78,,1.78,1,33.695,59.98,"Leona, Zealot [ogn-079-298] Foil",,,
2026-10-05,ven-156-166,foil,Lightning Rush,VEN,Epic,5.45,,5.45,1,33.695,183.64,Lightning Rush [ven-156-166] Foil,,,
2026-10-05,unl-230-219,foil,"Lillia, Bashful Bloom (Overnumbered)",UNL,Rare,77.01,,77.01,1,33.695,2594.85,"Lillia, Bashful Bloom (Overnumbered) [unl-230-219] Foil",,,
2026-10-05,unl-230*-219,foil,"Lillia, Bashful Bloom (Signature)",UNL,Rare,504.48,,504.48,1,33.695,16998.45,"Lillia, Bashful Bloom (Signature) [unl-230*-219] Foil",,,
2026-10-05,sgn-001-003,foil,"Lillia, Bashful Bloom",SGN,Promo,126.59,,126.59,1,33.695,4265.45,"Lillia, Bashful Bloom [sgn-001-003] Foil",,,
2026-10-05,unl-189-219,foil,"Lillia, Bashful Bloom",UNL,Rare,0.19,,0.19,1,33.695,6.4,"Lillia, Bashful Bloom [unl-189-219] Foil",,,
2026-10-05,unl-082a-219,foil,"Lillia, Fae Fawn (Alternate Art)",UNL,Rare,10.45,,10.45,1,33.695,352.11,"Lillia, Fae Fawn (Alternate Art) [unl-082a-219] Foil",,,
2026-10-05,unl-082-219,foil,"Lillia, Fae Fawn",UNL,Rare,0.37,,0.37,1,33.695,12.47,"Lillia, Fae Fawn [unl-082-219] Foil",,,
2026-10-05,unl-058a-219,foil,"Lillia, Protector of Dreams (Alternate Art)",UNL,Epic,7.49,,7.49,1,33.695,252.38,"Lillia, Protector of Dreams (Alternate Art) [unl-058a-219] Foil",,,
2026-10-05,opp-058-219,foil,"Lillia, Protector of Dreams",OPP,Promo,3.23,,3.23,1,33.695,108.83,"Lillia, Protector of Dreams [opp-058-219] Foil",,,
2026-10-05,opp-058-219,foil,"Lillia, Protector of Dreams",OPP,Promo,148.31,,148.31,1,33.695,4997.31,"Lillia, Protector of Dreams [opp-058-219] Foil",,,
2026-10-05,unl-058-219,foil,"Lillia, Protector of Dreams",UNL,Epic,0.54,,0.54,1,33.695,18.2,"Lillia, Protector of Dreams [unl-058-219] Foil",,,
2026-10-05,unl-190-219,foil,Lilting Lullaby,UNL,Epic,2.13,,2.13,1,33.695,71.77,Lilting Lullaby [unl-190-219] Foil,,,
2026-10-05,unl-221-219,foil,Lonely Poro (Overnumbered),UNL,Common,369.45,,369.45,1,33.695,12448.62,Lonely Poro (Overnumbered) [unl-221-219] Foil,,,
2026-10-05,sfd-036-221,foil,Lonely Poro,SFD,Common,0.76,,0.76,1,33.695,25.61,Lonely Poro [sfd-036-221] Foil,,,
2026-10-05,sfd-036-221,normal,Lonely Poro,SFD,Common,0.16,,0.16,1,33.695,5.39,Lonely Poro [sfd-036-221] Normal,,,
2026-10-05,opp-022-221,foil,Long Sword (Top 8),OPP,Promo,1.22,,1.22,1,33.695,41.11,Long Sword (Top 8) [opp-022-221] Foil,,,
2026-10-05,sfd-022-221,foil,Long Sword,SFD,Rare,0.41,,0.41,1,33.695,13.81,Long Sword [sfd-022-221] Foil,,,
2026-10-05,unl-012-219,foil,Lord Broadmane,UNL,Uncommon,0.26,,0.26,1,33.695,8.76,Lord Broadmane [unl-012-219] Foil,,,
2026-10-05,unl-012-219,normal,Lord Broadmane,UNL,Uncommon,0.07,,0.07,1,33.695,2.36,Lord Broadmane [unl-012-219] Normal,,,
2026-10-05,unl-013-219,foil,Lotus Trap,UNL,Uncommon,0.37,,0.37,1,33.695,12.47,Lotus Trap [unl-013-219] Foil,,,
2026-10-05,unl-013-219,normal,Lotus Trap,UNL,Uncommon,0.13,,0.13,1,33.695,4.38,Lotus Trap [unl-013-219] Normal,,,
2026-10-05,opp-156-219,foil,Loyal Poro,OPP,Promo,1.01,,1.01,1,33.695,34.03,Loyal Poro [opp-156-219] Foil,,,
2026-10-05,unl-156-219,foil,Loyal Poro,UNL,Common,0.28,,0.28,1,33.695,9.43,Loyal Poro [unl-156-219] Foil,,,
2026-10-05,unl-156-219,normal,Loyal Poro,UNL,Common,0.06,,0.06,1,33.695,2.02,Loyal Poro [unl-156-219] Normal,,,
2026-10-05,sfd-126-221,foil,Loyal Pup,SFD,Common,0.21,,0.21,1,33.695,7.08,Loyal Pup [sfd-126-221] Foil,,,
2026-10-05,sfd-126-221,normal,Loyal Pup,SFD,Common,0.05,,0.05,1,33.695,1.68,Loyal Pup [sfd-126-221] Normal,,,
2026-10-05,sfd-028a-221,foil,"Lucian, Gunslinger (Alternate Art)",SFD,Showcase,1.41,,1.41,1,33.695,47.51,"Lucian, Gunslinger (Alternate Art) [sfd-028a-221] Foil",,,
2026-10-05,sfd-028-221,foil,"Lucian, Gunslinger",SFD,Epic,0.93,,0.93,1,33.695,31.34,"Lucian, Gunslinger [sfd-028-221] Foil",,,
2026-10-05,sfd-113a-221,foil,"Lucian, Merciless (Alternate Art)",SFD,Showcase,3.51,,3.51,1,33.695,118.27,"Lucian, Merciless (Alternate Art) [sfd-113a-221] Foil",,,
2026-10-05,sfd-113-221,foil,"Lucian, Merciless",SFD,Rare,0.26,,0.26,1,33.695,8.76,"Lucian, Merciless [sfd-113-221] Foil",,,
2026-10-05,sfd-241-221,foil,"Lucian, Purifier (Overnumbered)",SFD,Showcase,65.24,,65.24,1,33.695,2198.26,"Lucian, Purifier (Overnumbered) [sfd-241-221] Foil",,,
2026-10-05,sfd-183-221,foil,"Lucian, Purifier",SFD,Rare,0.17,,0.17,1,33.695,5.73,"Lucian, Purifier [sfd-183-221] Foil",,,
2026-10-05,opp-125-219,foil,Lunar Boon,OPP,Promo,0.4,,0.4,1,33.695,13.48,Lunar Boon [opp-125-219] Foil,,,
2026-10-05,unl-125-219,foil,Lunar Boon,UNL,Common,0.23,,0.23,1,33.695,7.75,Lunar Boon [unl-125-219] Foil,,,
2026-10-05,unl-125-219,normal,Lunar Boon,UNL,Common,0.1,,0.1,1,33.695,3.37,Lunar Boon [unl-125-219] Normal,,,
2026-10-05,ogs-014-024,normal,"Lux, Crownguard",OGS,Epic,3.47,,3.47,1,33.695,116.92,"Lux, Crownguard [ogs-014-024] Normal",,,
2026-10-05,opp-014-024,foil,"Lux, Crownguard",OPP,Promo,49.77,,49.77,1,33.695,1677,"Lux, Crownguard [opp-014-024] Foil",,,
2026-10-05,ven-sp6-006,foil,"Lux, Crownguard",VEN,Epic,24,,24,1,33.695,808.68,"Lux, Crownguard [ven-sp6-006] Foil",,,
2026-10-05,ogs-006-024,normal,"Lux, Illuminated",OGS,Rare,0.55,,0.55,1,33.695,18.53,"Lux, Illuminated [ogs-006-024] Normal",,,
2026-10-05,opp-006-024,foil,"Lux, Illuminated",OPP,Promo,15.04,,15.04,1,33.695,506.77,"Lux, Illuminated [opp-006-024] Foil",,,
2026-10-05,ogs-021-024,normal,"Lux, Lady of Luminosity (Starter)",OGS,Rare,9.94,,9.94,1,33.695,334.93,"Lux, Lady of Luminosity (Starter) [ogs-021-024] Normal",,,
2026-10-05,opp-021-024,foil,"Lux, Lady of Luminosity",OPP,Promo,1575,,1575,1,33.695,53069.63,"Lux, Lady of Luminosity [opp-021-024] Foil",,,
2026-10-05,opp-021-024,foil,"Lux, Lady of Luminosity",OPP,Promo,46.75,,46.75,1,33.695,1575.24,"Lux, Lady of Luminosity [opp-021-024] Foil",,,
2026-10-05,ogn-239-298,foil,Machine Evangel,OGN,Rare,0.26,,0.26,1,33.695,8.76,Machine Evangel [ogn-239-298] Foil,,,
2026-10-05,ogn-191-298,foil,Maddened Marauder,OGN,Rare,0.21,,0.21,1,33.695,7.08,Maddened Marauder [ogn-191-298] Foil,,,
2026-10-05,ogn-191-298,normal,Maddened Marauder,OGN,Rare,0.15,,0.15,1,33.695,5.05,Maddened Marauder [ogn-191-298] Normal,,,
2026-10-05,unl-144-219,foil,Maduli the Gatekeeper,UNL,Rare,0.11,,0.11,1,33.695,3.71,Maduli the Gatekeeper [unl-144-219] Foil,,,
2026-10-05,unl-163-219,foil,Mageseeker Investigator,UNL,Uncommon,0.21,,0.21,1,33.695,7.08,Mageseeker Investigator [unl-163-219] Foil,,,
2026-10-05,unl-163-219,normal,Mageseeker Investigator,UNL,Uncommon,0.11,,0.11,1,33.695,3.71,Mageseeker Investigator [unl-163-219] Normal,,,
2026-10-05,ogn-070-298,foil,Mageseeker Warden,OGN,Rare,0.23,,0.23,1,33.695,7.75,Mageseeker Warden [ogn-070-298] Foil,,,
2026-10-05,ogn-011-298,foil,Magma Wurm,OGN,Common,0.16,,0.16,1,33.695,5.39,Magma Wurm [ogn-011-298] Foil,,,
2026-10-05,ogn-011-298,normal,Magma Wurm,OGN,Common,0.06,,0.06,1,33.695,2.02,Magma Wurm [ogn-011-298] Normal,,,
2026-10-05,ogn-113-298,foil,"Malzahar, Fanatic",OGN,Rare,0.29,,0.29,1,33.695,9.77,"Malzahar, Fanatic [ogn-113-298] Foil",,,
2026-10-05,sfd-211-221,foil,Marai Spire,SFD,Uncommon,0.32,,0.32,1,33.695,10.78,Marai Spire [sfd-211-221] Foil,,,
2026-10-05,sfd-211-221,normal,Marai Spire,SFD,Uncommon,0.08,,0.08,1,33.695,2.7,Marai Spire [sfd-211-221] Normal,,,
2026-10-05,sfd-114-221,foil,Marching Orders,SFD,Rare,0.17,,0.17,1,33.695,5.73,Marching Orders [sfd-114-221] Foil,,,
2026-10-05,ven-120-166,foil,"Masa, Crashing Thunder",VEN,Common,0.19,,0.19,1,33.695,6.4,"Masa, Crashing Thunder [ven-120-166] Foil",,,
2026-10-05,ven-120-166,normal,"Masa, Crashing Thunder",VEN,Common,0.07,,0.07,1,33.695,2.36,"Masa, Crashing Thunder [ven-120-166] Normal",,,
2026-10-05,ven-094-166,foil,Mask Mother,VEN,Uncommon,0.21,,0.21,1,33.695,7.08,Mask Mother [ven-094-166] Foil,,,
2026-10-05,ven-094-166,normal,Mask Mother,VEN,Uncommon,0.08,,0.08,1,33.695,2.7,Mask Mother [ven-094-166] Normal,,,
2026-10-05,ogn-060-298,foil,Mask of Foresight,OGN,Uncommon,4.15,,4.15,1,33.695,139.83,Mask of Foresight [ogn-060-298] Foil,,,
2026-10-05,ogn-060-298,normal,Mask of Foresight,OGN,Uncommon,0.62,,0.62,1,33.695,20.89,Mask of Foresight [ogn-060-298] Normal,,,
2026-10-05,sfd-127-221,foil,Master Bingwen,SFD,Common,0.14,,0.14,1,33.695,4.72,Master Bingwen [sfd-127-221] Foil,,,
2026-10-05,sfd-127-221,normal,Master Bingwen,SFD,Common,0.03,,0.03,1,33.695,1.01,Master Bingwen [sfd-127-221] Normal,,,
2026-10-05,ogs-009-024,normal,"Master Yi, Honed",OGS,Epic,0.92,,0.92,1,33.695,31,"Master Yi, Honed [ogs-009-024] Normal",,,
2026-10-05,opp-009-024,foil,"Master Yi, Honed",OPP,Promo,10.52,,10.52,1,33.695,354.47,"Master Yi, Honed [opp-009-024] Foil",,,
2026-10-05,ogs-004-024,normal,"Master Yi, Meditative",OGS,Rare,0.61,,0.61,1,33.695,20.55,"Master Yi, Meditative [ogs-004-024] Normal",,,
2026-10-05,opp-004-024,foil,"Master Yi, Meditative",OPP,Promo,3.52,,3.52,1,33.695,118.61,"Master Yi, Meditative [opp-004-024] Foil",,,
2026-10-05,unl-113a-219,foil,"Master Yi, Tempered (Alternate Art)",UNL,Rare,3.17,,3.17,1,33.695,106.81,"Master Yi, Tempered (Alternate Art) [unl-113a-219] Foil",,,
2026-10-05,unl-113-219,foil,"Master Yi, Tempered",UNL,Rare,0.25,,0.25,1,33.695,8.42,"Master Yi, Tempered [unl-113-219] Foil",,,
2026-10-05,unl-059a-219,foil,"Master Yi, Unstoppable (Alternate Art)",UNL,Epic,3.4,,3.4,1,33.695,114.56,"Master Yi, Unstoppable (Alternate Art) [unl-059a-219] Foil",,,
2026-10-05,unl-059-219,foil,"Master Yi, Unstoppable",UNL,Epic,1.02,,1.02,1,33.695,34.37,"Master Yi, Unstoppable [unl-059-219] Foil",,,
2026-10-05,opp-019-024,foil,"Master Yi, Wuju Bladesman (Metal)",OPP,Promo,40.57,,40.57,1,33.695,1367.01,"Master Yi, Wuju Bladesman (Metal) [opp-019-024] Foil",,,
2026-10-05,opp-019-024,foil,"Master Yi, Wuju Bladesman (Metal)",OPP,Promo,1581.58,,1581.58,1,33.695,53291.34,"Master Yi, Wuju Bladesman (Metal) [opp-019-024] Foil",,,
2026-10-05,ogs-019-024,foil,"Master Yi, Wuju Bladesman (Starter)",OGS,Rare,16.5,,16.5,1,33.695,555.97,"Master Yi, Wuju Bladesman (Starter) [ogs-019-024] Foil",,,
2026-10-05,ogs-019-024,normal,"Master Yi, Wuju Bladesman (Starter)",OGS,Rare,19.85,,19.85,1,33.695,668.85,"Master Yi, Wuju Bladesman (Starter) [ogs-019-024] Normal",,,
2026-10-05,unl-231-219,foil,"Master Yi, Wuju Master (Overnumbered)",UNL,Rare,49.29,,49.29,1,33.695,1660.83,"Master Yi, Wuju Master (Overnumbered) [unl-231-219] Foil",,,
2026-10-05,unl-231*-219,foil,"Master Yi, Wuju Master (Signature)",UNL,Rare,445.29,,445.29,1,33.695,15004.05,"Master Yi, Wuju Master (Signature) [unl-231*-219] Foil",,,
2026-10-05,unl-191-219,foil,"Master Yi, Wuju Master",UNL,Rare,0.2,,0.2,1,33.695,6.74,"Master Yi, Wuju Master [unl-191-219] Foil",,,
2026-10-05,ogn-048-298,foil,Meditation,OGN,Common,0.36,,0.36,1,33.695,12.13,Meditation [ogn-048-298] Foil,,,
2026-10-05,ogn-048-298,normal,Meditation,OGN,Common,0.14,,0.14,1,33.695,4.72,Meditation [ogn-048-298] Normal,,,
2026-10-05,ogn-088-298,foil,Mega-Mech,OGN,Common,0.17,,0.17,1,33.695,5.73,Mega-Mech [ogn-088-298] Foil,,,
2026-10-05,ogn-088-298,normal,Mega-Mech,OGN,Common,0.05,,0.05,1,33.695,1.68,Mega-Mech [ogn-088-298] Normal,,,
2026-10-05,unl-126-219,foil,Megatusk,UNL,Common,0.09,,0.09,1,33.695,3.03,Megatusk [unl-126-219] Foil,,,
2026-10-05,unl-126-219,normal,Megatusk,UNL,Common,0.03,,0.03,1,33.695,1.01,Megatusk [unl-126-219] Normal,,,
2026-10-05,ven-110a-166,foil,"Mel, Defiant Soul (Alternate Art)",VEN,Rare,1.24,,1.24,1,33.695,41.78,"Mel, Defiant Soul (Alternate Art) [ven-110a-166] Foil",,,
2026-10-05,ven-188-166,foil,"Mel, Defiant Soul (Overnumbered)",VEN,Rare,76.71,,76.71,1,33.695,2584.74,"Mel, Defiant Soul (Overnumbered) [ven-188-166] Foil",,,
2026-10-05,ven-110-166,foil,"Mel, Defiant Soul",VEN,Rare,0.16,,0.16,1,33.695,5.39,"Mel, Defiant Soul [ven-110-166] Foil",,,
2026-10-05,ven-069a-166,foil,"Mel, Newly Awakened (Alternate Art)",VEN,Epic,2.5,,2.5,1,33.695,84.24,"Mel, Newly Awakened (Alternate Art) [ven-069a-166] Foil",,,
2026-10-05,opp-069b-166,foil,"Mel, Newly Awakened",OPP,Epic,172.06,,172.06,1,33.695,5797.56,"Mel, Newly Awakened [opp-069b-166] Foil",,,
2026-10-05,ven-069-166,foil,"Mel, Newly Awakened",VEN,Epic,0.69,,0.69,1,33.695,23.25,"Mel, Newly Awakened [ven-069-166] Foil",,,
2026-10-05,ven-195-166,foil,"Mel, Soul's Reflection (Overnumbered)",VEN,Rare,159.97,,159.97,1,33.695,5390.19,"Mel, Soul's Reflection (Overnumbered) [ven-195-166] Foil",,,
2026-10-05,ven-195*-166,foil,"Mel, Soul's Reflection (Signature)",VEN,Rare,1113.65,,1113.65,1,33.695,37524.44,"Mel, Soul's Reflection (Signature) [ven-195*-166] Foil",,,
2026-10-05,ven-151-166,foil,"Mel, Soul's Reflection",VEN,Rare,0.18,,0.18,1,33.695,6.07,"Mel, Soul's Reflection [ven-151-166] Foil",,,
2026-10-05,ven-052-166,foil,Mesmerize,VEN,Common,0.27,,0.27,1,33.695,9.1,Mesmerize [ven-052-166] Foil,,,
2026-10-05,ven-052-166,normal,Mesmerize,VEN,Common,0.08,,0.08,1,33.695,2.7,Mesmerize [ven-052-166] Normal,,,
2026-10-05,ven-111-166,foil,Minah Swiftfoot,VEN,Rare,0.13,,0.13,1,33.695,4.38,Minah Swiftfoot [ven-111-166] Foil,,,
2026-10-05,ogn-089a-298,foil,Mind Rune (Alternate Art),OGN,Showcase,4.37,,4.37,1,33.695,147.25,Mind Rune (Alternate Art) [ogn-089a-298] Foil,,,
2026-10-05,sfd-r03a,foil,Mind Rune (Alternate Art),SFD,Showcase,4.81,,4.81,1,33.695,162.07,Mind Rune (Alternate Art) [sfd-r03a] Foil,,,
2026-10-05,unl-r03a,foil,Mind Rune (Alternate Art),UNL,Showcase,5.01,,5.01,1,33.695,168.81,Mind Rune (Alternate Art) [unl-r03a] Foil,,,
2026-10-05,ven-r03a,foil,Mind Rune (Alternate Art),VEN,Showcase,5.37,,5.37,1,33.695,180.94,Mind Rune (Alternate Art) [ven-r03a] Foil,,,
2026-10-05,ogn-089-298,foil,Mind Rune,OGN,Common,0.1,,0.1,1,33.695,3.37,Mind Rune [ogn-089-298] Foil,,,
2026-10-05,ogn-089-298,normal,Mind Rune,OGN,Common,0.12,,0.12,1,33.695,4.04,Mind Rune [ogn-089-298] Normal,,,
2026-10-05,opp-089b-298,foil,Mind Rune,OPP,Promo,5.98,,5.98,1,33.695,201.5,Mind Rune [opp-089b-298] Foil,,,
2026-10-05,opp-r03b,foil,Mind Rune,OPP,Common,12.15,,12.15,1,33.695,409.39,Mind Rune [opp-r03b] Foil,,,
2026-10-05,opp-r03c,normal,Mind Rune,OPP,Promo,19.47,,19.47,1,33.695,656.04,Mind Rune [opp-r03c] Normal,,,
2026-10-05,sfd-r03,normal,Mind Rune,SFD,Common,0.11,,0.11,1,33.695,3.71,Mind Rune [sfd-r03] Normal,,,
2026-10-05,sfd-r03b,foil,Mind Rune,SFD,Promo,14.21,,14.21,1,33.695,478.81,Mind Rune [sfd-r03b] Foil,,,
2026-10-05,unl-r03,normal,Mind Rune,UNL,Common,0.11,,0.11,1,33.695,3.71,Mind Rune [unl-r03] Normal,,,
2026-10-05,unl-r03b,foil,Mind Rune,UNL,Promo,6.73,,6.73,1,33.695,226.77,Mind Rune [unl-r03b] Foil,,,
2026-10-05,ven-r03,foil,Mind Rune,VEN,Common,6.36,,6.36,1,33.695,214.3,Mind Rune [ven-r03] Foil,,,
2026-10-05,ven-r03,normal,Mind Rune,VEN,Common,0.11,,0.11,1,33.695,3.71,Mind Rune [ven-r03] Normal,,,
2026-10-05,ogn-192-298,foil,Mindsplitter,OGN,Rare,0.8,,0.8,1,33.695,26.96,Mindsplitter [ogn-192-298] Foil,,,
2026-10-05,sfd-212-221,foil,Minefield,SFD,Uncommon,0.35,,0.35,1,33.695,11.79,Minefield [sfd-212-221] Foil,,,
2026-10-05,sfd-212-221,normal,Minefield,SFD,Uncommon,0.12,,0.12,1,33.695,4.04,Minefield [sfd-212-221] Normal,,,
2026-10-05,sfd-014-221,foil,Minotaur Reckoner,SFD,Uncommon,0.28,,0.28,1,33.695,9.43,Minotaur Reckoner [sfd-014-221] Foil,,,
2026-10-05,sfd-014-221,normal,Minotaur Reckoner,SFD,Uncommon,0.1,,0.1,1,33.695,3.37,Minotaur Reckoner [sfd-014-221] Normal,,,
2026-10-05,unl-200-219,foil,Mirror Image,UNL,Epic,14.14,,14.14,1,33.695,476.45,Mirror Image [unl-200-219] Foil,,,
2026-10-05,unl-003-219,foil,Mischievous Marai,UNL,Common,0.24,,0.24,1,33.695,8.09,Mischievous Marai [unl-003-219] Foil,,,
2026-10-05,unl-003-219,normal,Mischievous Marai,UNL,Common,0.08,,0.08,1,33.695,2.7,Mischievous Marai [unl-003-219] Normal,,,
2026-10-05,ogn-309-298,foil,"Miss Fortune, Bounty Hunter (Overnumbered)",OGN,Showcase,177.04,,177.04,1,33.695,5965.36,"Miss Fortune, Bounty Hunter (Overnumbered) [ogn-309-298] Foil",,,
2026-10-05,ogn-309*-298,foil,"Miss Fortune, Bounty Hunter (Signature)",OGN,Showcase,1526.25,,1526.25,1,33.695,51426.99,"Miss Fortune, Bounty Hunter (Signature) [ogn-309*-298] Foil",,,
2026-10-05,ogn-267-298,foil,"Miss Fortune, Bounty Hunter",OGN,Rare,0.28,,0.28,1,33.695,9.43,"Miss Fortune, Bounty Hunter [ogn-267-298] Foil",,,
2026-10-05,opp-267-298,foil,"Miss Fortune, Bounty Hunter",OPP,Promo,36.39,,36.39,1,33.695,1226.16,"Miss Fortune, Bounty Hunter [opp-267-298] Foil",,,
2026-10-05,ogn-193a-298,foil,"Miss Fortune, Buccaneer (Alternate Art)",OGN,Showcase,5.55,,5.55,1,33.695,187.01,"Miss Fortune, Buccaneer (Alternate Art) [ogn-193a-298] Foil",,,
2026-10-05,ogn-193-298,foil,"Miss Fortune, Buccaneer",OGN,Rare,0.28,,0.28,1,33.695,9.43,"Miss Fortune, Buccaneer [ogn-193-298] Foil",,,
2026-10-05,opp-193-298,foil,"Miss Fortune, Buccaneer",OPP,Promo,230.27,,230.27,1,33.695,7758.95,"Miss Fortune, Buccaneer [opp-193-298] Foil",,,
2026-10-05,ogn-162a-298,foil,"Miss Fortune, Captain (Alternate Art)",OGN,Showcase,13.4,,13.4,1,33.695,451.51,"Miss Fortune, Captain (Alternate Art) [ogn-162a-298] Foil",,,
2026-10-05,ogn-162-298,foil,"Miss Fortune, Captain",OGN,Epic,3.67,,3.67,1,33.695,123.66,"Miss Fortune, Captain [ogn-162-298] Foil",,,
2026-10-05,opp-127-219,foil,Mister Root,OPP,Promo,0.59,,0.59,1,33.695,19.88,Mister Root [opp-127-219] Foil,,,
2026-10-05,unl-127-219,foil,Mister Root,UNL,Common,0.34,,0.34,1,33.695,11.46,Mister Root [unl-127-219] Foil,,,
2026-10-05,unl-127-219,normal,Mister Root,UNL,Common,0.08,,0.08,1,33.695,2.7,Mister Root [unl-127-219] Normal,,,
2026-10-05,ogn-152-298,foil,Mistfall,OGN,Rare,0.14,,0.14,1,33.695,4.72,Mistfall [ogn-152-298] Foil,,,
2026-10-05,ogn-134-298,foil,Mobilize,OGN,Common,0.71,,0.71,1,33.695,23.92,Mobilize [ogn-134-298] Foil,,,
2026-10-05,ogn-134-298,normal,Mobilize,OGN,Common,0.13,,0.13,1,33.695,4.38,Mobilize [ogn-134-298] Normal,,,
2026-10-05,ogn-282-298,foil,Monastery of Hirana,OGN,Uncommon,0.59,,0.59,1,33.695,19.88,Monastery of Hirana [ogn-282-298] Foil,,,
2026-10-05,ogn-282-298,normal,Monastery of Hirana,OGN,Uncommon,0.21,,0.21,1,33.695,7.08,Monastery of Hirana [ogn-282-298] Normal,,,
2026-10-05,unl-035-219,foil,Monch,UNL,Common,0.15,,0.15,1,33.695,5.05,Monch [unl-035-219] Foil,,,
2026-10-05,unl-035-219,normal,Monch,UNL,Common,0.07,,0.07,1,33.695,2.36,Monch [unl-035-219] Normal,,,
2026-10-05,unl-014-219,foil,Monster Harpoon,UNL,Uncommon,0.28,,0.28,1,33.695,9.43,Monster Harpoon [unl-014-219] Foil,,,
2026-10-05,unl-014-219,normal,Monster Harpoon,UNL,Uncommon,0.1,,0.1,1,33.695,3.37,Monster Harpoon [unl-014-219] Normal,,,
2026-10-05,unl-198-219,foil,Moonfall,UNL,Epic,8.86,,8.86,1,33.695,298.54,Moonfall [unl-198-219] Foil,,,
2026-10-05,unl-066-219,foil,Moonlight Affliction,UNL,Common,0.16,,0.16,1,33.695,5.39,Moonlight Affliction [unl-066-219] Foil,,,
2026-10-05,unl-066-219,normal,Moonlight Affliction,UNL,Common,0.04,,0.04,1,33.695,1.35,Moonlight Affliction [unl-066-219] Normal,,,
2026-10-05,ogn-170-298,foil,Morbid Return,OGN,Common,0.3,,0.3,1,33.695,10.11,Morbid Return [ogn-170-298] Foil,,,
2026-10-05,ogn-170-298,normal,Morbid Return,OGN,Common,0.12,,0.12,1,33.695,4.04,Morbid Return [ogn-170-298] Normal,,,
2026-10-05,ven-186-166,foil,"Morgana, Vindictive (Overnumbered)",VEN,Rare,114.79,,114.79,1,33.695,3867.85,"Morgana, Vindictive (Overnumbered) [ven-186-166] Foil",,,
2026-10-05,opp-017-166,foil,"Morgana, Vindictive",OPP,Promo,1.46,,1.46,1,33.695,49.19,"Morgana, Vindictive [opp-017-166] Foil",,,
2026-10-05,ven-017-166,foil,"Morgana, Vindictive",VEN,Rare,0.16,,0.16,1,33.695,5.39,"Morgana, Vindictive [ven-017-166] Foil",,,
2026-10-05,opp-047-219,foil,Mosstomper,OPP,Promo,0.3,,0.3,1,33.695,10.11,Mosstomper [opp-047-219] Foil,,,
2026-10-05,unl-047-219,foil,Mosstomper,UNL,Uncommon,0.28,,0.28,1,33.695,9.43,Mosstomper [unl-047-219] Foil,,,
2026-10-05,unl-047-219,normal,Mosstomper,UNL,Uncommon,0.07,,0.07,1,33.695,2.36,Mosstomper [unl-047-219] Normal,,,
2026-10-05,ogn-142-298,foil,Mountain Drake,OGN,Uncommon,0.31,,0.31,1,33.695,10.45,Mountain Drake [ogn-142-298] Foil,,,
2026-10-05,ogn-142-298,normal,Mountain Drake,OGN,Uncommon,0.1,,0.1,1,33.695,3.37,Mountain Drake [ogn-142-298] Normal,,,
2026-10-05,ven-028-166,foil,Mournful Witness,VEN,Common,0.34,,0.34,1,33.695,11.46,Mournful Witness [ven-028-166] Foil,,,
2026-10-05,ven-028-166,normal,Mournful Witness,VEN,Common,0.08,,0.08,1,33.695,2.7,Mournful Witness [ven-028-166] Normal,,,
2026-10-05,ogn-101-298,foil,Mushroom Pouch,OGN,Uncommon,0.32,,0.32,1,33.695,10.78,Mushroom Pouch [ogn-101-298] Foil,,,
2026-10-05,ogn-101-298,normal,Mushroom Pouch,OGN,Uncommon,0.13,,0.13,1,33.695,4.38,Mushroom Pouch [ogn-101-298] Normal,,,
2026-10-05,opp-036-219,foil,Mutated Mouser,OPP,Promo,0.73,,0.73,1,33.695,24.6,Mutated Mouser [opp-036-219] Foil,,,
2026-10-05,unl-036-219,foil,Mutated Mouser,UNL,Common,0.28,,0.28,1,33.695,9.43,Mutated Mouser [unl-036-219] Foil,,,
2026-10-05,unl-036-219,normal,Mutated Mouser,UNL,Common,0.1,,0.1,1,33.695,3.37,Mutated Mouser [unl-036-219] Normal,,,
2026-10-05,unl-224-219,foil,Mystic Poro (Overnumbered),UNL,Common,189.39,,189.39,1,33.695,6381.5,Mystic Poro (Overnumbered) [unl-224-219] Foil,,,
2026-10-05,ogn-171-298,foil,Mystic Poro,OGN,Common,0.27,,0.27,1,33.695,9.1,Mystic Poro [ogn-171-298] Foil,,,
2026-10-05,ogn-171-298,normal,Mystic Poro,OGN,Common,0.11,,0.11,1,33.695,3.71,Mystic Poro [ogn-171-298] Normal,,,
2026-10-05,opp-171-298,foil,Mystic Poro,OPP,Common,1.04,,1.04,1,33.695,35.04,Mystic Poro [opp-171-298] Foil,,,
2026-10-05,ogn-080-298,foil,Mystic Reversal,OGN,Epic,1.11,,1.11,1,33.695,37.4,Mystic Reversal [ogn-080-298] Foil,,,
2026-10-05,ven-160-166,foil,Mystic Vortex,VEN,Uncommon,0.26,,0.26,1,33.695,8.76,Mystic Vortex [ven-160-166] Foil,,,
2026-10-05,ven-160-166,normal,Mystic Vortex,VEN,Uncommon,0.07,,0.07,1,33.695,2.36,Mystic Vortex [ven-160-166] Normal,,,
2026-10-05,unl-052-219,foil,"Nami, Headstrong",UNL,Rare,0.33,,0.33,1,33.695,11.12,"Nami, Headstrong [unl-052-219] Foil",,,
2026-10-05,ven-046a-166,foil,"Nasus, Ascended (Alternate Art)",VEN,Epic,1.91,,1.91,1,33.695,64.36,"Nasus, Ascended (Alternate Art) [ven-046a-166] Foil",,,
2026-10-05,ven-046-166,foil,"Nasus, Ascended",VEN,Epic,0.43,,0.43,1,33.695,14.49,"Nasus, Ascended [ven-046-166] Foil",,,
2026-10-05,ven-192-166,foil,"Nasus, Curator of the Sands (Overnumbered)",VEN,Rare,156.05,,156.05,1,33.695,5258.1,"Nasus, Curator of the Sands (Overnumbered) [ven-192-166] Foil",,,
2026-10-05,ven-192*-166,foil,"Nasus, Curator of the Sands (Signature)",VEN,Rare,594.27,,594.27,1,33.695,20023.93,"Nasus, Curator of the Sands (Signature) [ven-192*-166] Foil",,,
2026-10-05,ven-145-166,foil,"Nasus, Curator of the Sands",VEN,Rare,0.13,,0.13,1,33.695,4.38,"Nasus, Curator of the Sands [ven-145-166] Foil",,,
2026-10-05,ven-063a-166,foil,"Nasus, Guardian of Knowledge (Alternate Art)",VEN,Rare,1.18,,1.18,1,33.695,39.76,"Nasus, Guardian of Knowledge (Alternate Art) [ven-063a-166] Foil",,,
2026-10-05,ven-178-166,foil,"Nasus, Guardian of Knowledge (Overnumbered)",VEN,Rare,62.39,,62.39,1,33.695,2102.23,"Nasus, Guardian of Knowledge (Overnumbered) [ven-178-166] Foil",,,
2026-10-05,ven-063-166,foil,"Nasus, Guardian of Knowledge",VEN,Rare,0.16,,0.16,1,33.695,5.39,"Nasus, Guardian of Knowledge [ven-063-166] Foil",,,
2026-10-05,ogn-283-298,foil,Navori Fighting Pit,OGN,Uncommon,0.36,,0.36,1,33.695,12.13,Navori Fighting Pit [ogn-283-298] Foil,,,
2026-10-05,ogn-283-298,normal,Navori Fighting Pit,OGN,Uncommon,0.13,,0.13,1,33.695,4.38,Navori Fighting Pit [ogn-283-298] Normal,,,
2026-10-05,opp-037-221,foil,Navori Scout,OPP,Promo,0.31,,0.31,1,33.695,10.45,Navori Scout [opp-037-221] Foil,,,
2026-10-05,sfd-037-221,foil,Navori Scout,SFD,Common,0.16,,0.16,1,33.695,5.39,Navori Scout [sfd-037-221] Foil,,,
2026-10-05,sfd-037-221,normal,Navori Scout,SFD,Common,0.07,,0.07,1,33.695,2.36,Navori Scout [sfd-037-221] Normal,,,
2026-10-05,sfd-055-221,foil,Needlessly Large Yordle,SFD,Rare,0.17,,0.17,1,33.695,5.73,Needlessly Large Yordle [sfd-055-221] Foil,,,
2026-10-05,unl-114-219,foil,"Nidalee, Cat Form",UNL,Rare,2.7,,2.7,1,33.695,90.98,"Nidalee, Cat Form [unl-114-219] Foil",,,
2026-10-05,unl-115-219,foil,"Nilah, Joyful Ascetic",UNL,Rare,0.22,,0.22,1,33.695,7.41,"Nilah, Joyful Ascetic [unl-115-219] Foil",,,
2026-10-05,ogn-194-298,foil,"Nocturne, Horrifying",OGN,Rare,2.15,,2.15,1,33.695,72.44,"Nocturne, Horrifying [ogn-194-298] Foil",,,
2026-10-05,sfd-045-221,foil,Not So Fast,SFD,Uncommon,3.58,,3.58,1,33.695,120.63,Not So Fast [sfd-045-221] Foil,,,
2026-10-05,sfd-045-221,normal,Not So Fast,SFD,Uncommon,1.38,,1.38,1,33.695,46.5,Not So Fast [sfd-045-221] Normal,,,
2026-10-05,ven-080-166,foil,Noxian Demolitionist,VEN,Uncommon,0.26,,0.26,1,33.695,8.76,Noxian Demolitionist [ven-080-166] Foil,,,
2026-10-05,ven-080-166,normal,Noxian Demolitionist,VEN,Uncommon,0.06,,0.06,1,33.695,2.02,Noxian Demolitionist [ven-080-166] Normal,,,
2026-10-05,ogn-222-298,foil,Noxian Drummer,OGN,Uncommon,0.33,,0.33,1,33.695,11.12,Noxian Drummer [ogn-222-298] Foil,,,
2026-10-05,ogn-222-298,normal,Noxian Drummer,OGN,Uncommon,0.14,,0.14,1,33.695,4.72,Noxian Drummer [ogn-222-298] Normal,,,
2026-10-05,ven-128-166,foil,Noxian Emissary,VEN,Uncommon,0.38,,0.38,1,33.695,12.8,Noxian Emissary [ven-128-166] Foil,,,
2026-10-05,ven-128-166,normal,Noxian Emissary,VEN,Uncommon,0.12,,0.12,1,33.695,4.04,Noxian Emissary [ven-128-166] Normal,,,
2026-10-05,ogn-254-298,foil,Noxian Guillotine,OGN,Epic,0.79,,0.79,1,33.695,26.62,Noxian Guillotine [ogn-254-298] Foil,,,
2026-10-05,ogn-012-298,foil,Noxus Hopeful,OGN,Common,5.45,,5.45,1,33.695,183.64,Noxus Hopeful [ogn-012-298] Foil,,,
2026-10-05,ogn-012-298,normal,Noxus Hopeful,OGN,Common,0.67,,0.67,1,33.695,22.58,Noxus Hopeful [ogn-012-298] Normal,,,
2026-10-05,ogn-018-298,foil,Noxus Saboteur,OGN,Uncommon,0.31,,0.31,1,33.695,10.45,Noxus Saboteur [ogn-018-298] Foil,,,
2026-10-05,ogn-018-298,normal,Noxus Saboteur,OGN,Uncommon,0.14,,0.14,1,33.695,4.72,Noxus Saboteur [ogn-018-298] Normal,,,
2026-10-05,ven-006-166,foil,Oasis Raider,VEN,Common,0.13,,0.13,1,33.695,4.38,Oasis Raider [ven-006-166] Foil,,,
2026-10-05,ven-006-166,normal,Oasis Raider,VEN,Common,0.07,,0.07,1,33.695,2.36,Oasis Raider [ven-006-166] Normal,,,
2026-10-05,ogn-284-298,foil,Obelisk of Power,OGN,Uncommon,0.68,,0.68,1,33.695,22.91,Obelisk of Power [ogn-284-298] Foil,,,
2026-10-05,ogn-284-298,normal,Obelisk of Power,OGN,Uncommon,0.1,,0.1,1,33.695,3.37,Obelisk of Power [ogn-284-298] Normal,,,
2026-10-05,ven-115-166,foil,Ocean Drake,VEN,Epic,0.93,,0.93,1,33.695,31.34,Ocean Drake [ven-115-166] Foil,,,
2026-10-05,opp-029-166,foil,Ol' Poro,OPP,Common,0.95,,0.95,1,33.695,32.01,Ol' Poro [opp-029-166] Foil,,,
2026-10-05,ven-029-166,foil,Ol' Poro,VEN,Common,0.3,,0.3,1,33.695,10.11,Ol' Poro [ven-029-166] Foil,,,
2026-10-05,ven-029-166,normal,Ol' Poro,VEN,Common,0.06,,0.06,1,33.695,2.02,Ol' Poro [ven-029-166] Normal,,,
2026-10-05,sfd-204-221,foil,On the Hunt,SFD,Epic,0.53,,0.53,1,33.695,17.86,On the Hunt [sfd-204-221] Foil,,,
2026-10-05,ven-081-166,foil,Onslaught,VEN,Uncommon,0.31,,0.31,1,33.695,10.45,Onslaught [ven-081-166] Foil,,,
2026-10-05,ven-081-166,normal,Onslaught,VEN,Uncommon,0.12,,0.12,1,33.695,4.04,Onslaught [ven-081-166] Normal,,,
2026-10-05,ogn-090-298,foil,Orb of Regret,OGN,Common,0.22,,0.22,1,33.695,7.41,Orb of Regret [ogn-090-298] Foil,,,
2026-10-05,ogn-090-298,normal,Orb of Regret,OGN,Common,0.12,,0.12,1,33.695,4.04,Orb of Regret [ogn-090-298] Normal,,,
2026-10-05,ogn-214a-298,foil,Order Rune (Alternate Art),OGN,Showcase,4.73,,4.73,1,33.695,159.38,Order Rune (Alternate Art) [ogn-214a-298] Foil,,,
2026-10-05,sfd-r06a,foil,Order Rune (Alternate Art),SFD,Showcase,4.78,,4.78,1,33.695,161.06,Order Rune (Alternate Art) [sfd-r06a] Foil,,,
2026-10-05,unl-r06a,foil,Order Rune (Alternate Art),UNL,Showcase,4.63,,4.63,1,33.695,156.01,Order Rune (Alternate Art) [unl-r06a] Foil,,,
2026-10-05,ven-r06a,foil,Order Rune (Alternate Art),VEN,Showcase,5.53,,5.53,1,33.695,186.33,Order Rune (Alternate Art) [ven-r06a] Foil,,,
2026-10-05,ogn-214-298,foil,Order Rune,OGN,Common,5.59,,5.59,1,33.695,188.36,Order Rune [ogn-214-298] Foil,,,
2026-10-05,ogn-214-298,normal,Order Rune,OGN,Common,0.11,,0.11,1,33.695,3.71,Order Rune [ogn-214-298] Normal,,,
2026-10-05,opp-214b-298,foil,Order Rune,OPP,Promo,3.19,,3.19,1,33.695,107.49,Order Rune [opp-214b-298] Foil,,,
2026-10-05,opp-r06b,foil,Order Rune,OPP,Common,5.83,,5.83,1,33.695,196.44,Order Rune [opp-r06b] Foil,,,
2026-10-05,opp-r06c,normal,Order Rune,OPP,Promo,20.03,,20.03,1,33.695,674.91,Order Rune [opp-r06c] Normal,,,
2026-10-05,sfd-r06,normal,Order Rune,SFD,Common,0.12,,0.12,1,33.695,4.04,Order Rune [sfd-r06] Normal,,,
2026-10-05,sfd-r06b,foil,Order Rune,SFD,Promo,8.19,,8.19,1,33.695,275.96,Order Rune [sfd-r06b] Foil,,,
2026-10-05,unl-r06,normal,Order Rune,UNL,Common,0.1,,0.1,1,33.695,3.37,Order Rune [unl-r06] Normal,,,
2026-10-05,unl-r06b,foil,Order Rune,UNL,Promo,3.91,,3.91,1,33.695,131.75,Order Rune [unl-r06b] Foil,,,
2026-10-05,ven-r06,foil,Order Rune,VEN,Common,9.51,,9.51,1,33.695,320.44,Order Rune [ven-r06] Foil,,,
2026-10-05,ven-r06,normal,Order Rune,VEN,Common,0.1,,0.1,1,33.695,3.37,Order Rune [ven-r06] Normal,,,
2026-10-05,sfd-058a-221,foil,"Ornn, Blacksmith (Alternate Art)",SFD,Showcase,3.46,,3.46,1,33.695,116.58,"Ornn, Blacksmith (Alternate Art) [sfd-058a-221] Foil",,,
2026-10-05,sfd-058-221,foil,"Ornn, Blacksmith",SFD,Epic,2.36,,2.36,1,33.695,79.52,"Ornn, Blacksmith [sfd-058-221] Foil",,,
2026-10-05,sfd-244-221,foil,"Ornn, Fire Below the Mountain (Overnumbered)",SFD,Showcase,90.09,,90.09,1,33.695,3035.58,"Ornn, Fire Below the Mountain (Overnumbered) [sfd-244-221] Foil",,,
2026-10-05,sfd-189-221,foil,"Ornn, Fire Below the Mountain",SFD,Rare,0.18,,0.18,1,33.695,6.07,"Ornn, Fire Below the Mountain [sfd-189-221] Foil",,,
2026-10-05,sfd-085a-221,foil,"Ornn, Forge God (Alternate Art)",SFD,Showcase,2.08,,2.08,1,33.695,70.09,"Ornn, Forge God (Alternate Art) [sfd-085a-221] Foil",,,
2026-10-05,sfd-085-221,foil,"Ornn, Forge God",SFD,Rare,0.23,,0.23,1,33.695,7.75,"Ornn, Forge God [sfd-085-221] Foil",,,
2026-10-05,sfd-213-221,foil,Ornn's Forge,SFD,Uncommon,0.35,,0.35,1,33.695,11.79,Ornn's Forge [sfd-213-221] Foil,,,
2026-10-05,sfd-213-221,normal,Ornn's Forge,SFD,Uncommon,0.1,,0.1,1,33.695,3.37,Ornn's Forge [sfd-213-221] Normal,,,
2026-10-05,ven-053-166,foil,Otterpus,VEN,Uncommon,0.17,,0.17,1,33.695,5.73,Otterpus [ven-053-166] Foil,,,
2026-10-05,ven-053-166,normal,Otterpus,VEN,Uncommon,0.08,,0.08,1,33.695,2.7,Otterpus [ven-053-166] Normal,,,
2026-10-05,ogn-153-298,foil,Overt Operation,OGN,Rare,0.19,,0.19,1,33.695,6.4,Overt Operation [ogn-153-298] Foil,,,
2026-10-05,sfd-128-221,foil,Overzealous Fan,SFD,Common,0.32,,0.32,1,33.695,10.78,Overzealous Fan [sfd-128-221] Foil,,,
2026-10-05,sfd-128-221,normal,Overzealous Fan,SFD,Common,0.15,,0.15,1,33.695,5.05,Overzealous Fan [sfd-128-221] Normal,,,
2026-10-05,ogn-181-298,foil,Pack of Wonders,OGN,Uncommon,3.99,,3.99,1,33.695,134.44,Pack of Wonders [ogn-181-298] Foil,,,
2026-10-05,ogn-181-298,normal,Pack of Wonders,OGN,Uncommon,0.66,,0.66,1,33.695,22.24,Pack of Wonders [ogn-181-298] Normal,,,
2026-10-05,ogn-135-298,foil,Pakaa Cub,OGN,Common,0.24,,0.24,1,33.695,8.09,Pakaa Cub [ogn-135-298] Foil,,,
2026-10-05,ogn-135-298,normal,Pakaa Cub,OGN,Common,0.07,,0.07,1,33.695,2.36,Pakaa Cub [ogn-135-298] Normal,,,
2026-10-05,opp-135-298,foil,Pakaa Cub,OPP,Promo,0.31,,0.31,1,33.695,10.45,Pakaa Cub [opp-135-298] Foil,,,
2026-10-05,ven-033-166,foil,Pakaa Protector,VEN,Uncommon,0.25,,0.25,1,33.695,8.42,Pakaa Protector [ven-033-166] Foil,,,
2026-10-05,ven-033-166,normal,Pakaa Protector,VEN,Uncommon,0.05,,0.05,1,33.695,1.68,Pakaa Protector [ven-033-166] Normal,,,
2026-10-05,ogn-071-298,foil,Party Favors,OGN,Rare,0.29,,0.29,1,33.695,9.77,Party Favors [ogn-071-298] Foil,,,
2026-10-05,opp-058-166,foil,Patched Porobot,OPP,Uncommon,1.96,,1.96,1,33.695,66.04,Patched Porobot [opp-058-166] Foil,,,
2026-10-05,ven-058-166,foil,Patched Porobot,VEN,Common,0.59,,0.59,1,33.695,19.88,Patched Porobot [ven-058-166] Foil,,,
2026-10-05,ven-058-166,normal,Patched Porobot,VEN,Common,0.15,,0.15,1,33.695,5.05,Patched Porobot [ven-058-166] Normal,,,
2026-10-05,ogn-223-298,foil,Peak Guardian,OGN,Uncommon,0.33,,0.33,1,33.695,11.12,Peak Guardian [ogn-223-298] Foil,,,
2026-10-05,ogn-223-298,normal,Peak Guardian,OGN,Uncommon,0.13,,0.13,1,33.695,4.38,Peak Guardian [ogn-223-298] Normal,,,
2026-10-05,ven-011-166,foil,Pendulum Blade,VEN,Uncommon,0.34,,0.34,1,33.695,11.46,Pendulum Blade [ven-011-166] Foil,,,
2026-10-05,ven-011-166,normal,Pendulum Blade,VEN,Uncommon,0.09,,0.09,1,33.695,3.03,Pendulum Blade [ven-011-166] Normal,,,
2026-10-05,sfd-015-221,foil,Perched Grimwyrm,SFD,Uncommon,0.22,,0.22,1,33.695,7.41,Perched Grimwyrm [sfd-015-221] Foil,,,
2026-10-05,sfd-015-221,normal,Perched Grimwyrm,SFD,Uncommon,0.09,,0.09,1,33.695,3.03,Perched Grimwyrm [sfd-015-221] Normal,,,
2026-10-05,ven-012-166,foil,Perfect Execution,VEN,Uncommon,0.46,,0.46,1,33.695,15.5,Perfect Execution [ven-012-166] Foil,,,
2026-10-05,ven-012-166,normal,Perfect Execution,VEN,Uncommon,0.11,,0.11,1,33.695,3.71,Perfect Execution [ven-012-166] Normal,,,
2026-10-05,unl-076-219,foil,Petal Pixie,UNL,Uncommon,0.25,,0.25,1,33.695,8.42,Petal Pixie [unl-076-219] Foil,,,
2026-10-05,unl-076-219,normal,Petal Pixie,UNL,Uncommon,0.13,,0.13,1,33.695,4.38,Petal Pixie [unl-076-219] Normal,,,
2026-10-05,sfd-104-221,foil,Petricite Monument,SFD,Uncommon,0.2,,0.2,1,33.695,6.74,Petricite Monument [sfd-104-221] Foil,,,
2026-10-05,sfd-104-221,normal,Petricite Monument,SFD,Uncommon,0.06,,0.06,1,33.695,2.02,Petricite Monument [sfd-104-221] Normal,,,
2026-10-05,ogn-215-298,foil,Petty Officer,OGN,Common,0.14,,0.14,1,33.695,4.72,Petty Officer [ogn-215-298] Foil,,,
2026-10-05,ogn-215-298,normal,Petty Officer,OGN,Common,0.04,,0.04,1,33.695,1.35,Petty Officer [ogn-215-298] Normal,,,
2026-10-05,sfd-074-221,foil,Pickpocket,SFD,Uncommon,1.29,,1.29,1,33.695,43.47,Pickpocket [sfd-074-221] Foil,,,
2026-10-05,sfd-074-221,normal,Pickpocket,SFD,Uncommon,0.23,,0.23,1,33.695,7.75,Pickpocket [sfd-074-221] Normal,,,
2026-10-05,sfd-023-221,foil,Piercing Light,SFD,Rare,0.26,,0.26,1,33.695,8.76,Piercing Light [sfd-023-221] Foil,,,
2026-10-05,ven-161-166,foil,Piltovan Forge,VEN,Uncommon,0.21,,0.21,1,33.695,7.08,Piltovan Forge [ven-161-166] Foil,,,
2026-10-05,ven-161-166,normal,Piltovan Forge,VEN,Uncommon,0.08,,0.08,1,33.695,2.7,Piltovan Forge [ven-161-166] Normal,,,
2026-10-05,ogn-143-298,foil,Pirate's Haven,OGN,Uncommon,0.27,,0.27,1,33.695,9.1,Pirate's Haven [ogn-143-298] Foil,,,
2026-10-05,ogn-143-298,normal,Pirate's Haven,OGN,Uncommon,0.15,,0.15,1,33.695,5.05,Pirate's Haven [ogn-143-298] Normal,,,
2026-10-05,ogn-091-298,foil,Pit Crew,OGN,Common,0.37,,0.37,1,33.695,12.47,Pit Crew [ogn-091-298] Foil,,,
2026-10-05,ogn-091-298,normal,Pit Crew,OGN,Common,0.16,,0.16,1,33.695,5.39,Pit Crew [ogn-091-298] Normal,,,
2026-10-05,ogn-136-298,foil,Pit Rookie,OGN,Common,1.83,,1.83,1,33.695,61.66,Pit Rookie [ogn-136-298] Foil,,,
2026-10-05,ogn-136-298,normal,Pit Rookie,OGN,Common,0.17,,0.17,1,33.695,5.73,Pit Rookie [ogn-136-298] Normal,,,
2026-10-05,ven-075-166,foil,Platewyrm Egg,VEN,Common,0.25,,0.25,1,33.695,8.42,Platewyrm Egg [ven-075-166] Foil,,,
2026-10-05,ven-075-166,normal,Platewyrm Egg,VEN,Common,0.09,,0.09,1,33.695,3.03,Platewyrm Egg [ven-075-166] Normal,,,
2026-10-05,ogn-049-298,foil,Playful Phantom,OGN,Common,0.1,,0.1,1,33.695,3.37,Playful Phantom [ogn-049-298] Foil,,,
2026-10-05,ogn-049-298,normal,Playful Phantom,OGN,Common,0.04,,0.04,1,33.695,1.35,Playful Phantom [ogn-049-298] Normal,,,
2026-10-05,ven-064-166,foil,Plaza Guardian,VEN,Rare,0.18,,0.18,1,33.695,6.07,Plaza Guardian [ven-064-166] Foil,,,
2026-10-05,unl-222-219,foil,Plundering Poro (Overnumbered),UNL,Common,197.33,,197.33,1,33.695,6649.03,Plundering Poro (Overnumbered) [unl-222-219] Foil,,,
2026-10-05,sfd-069-221,foil,Plundering Poro,SFD,Common,0.49,,0.49,1,33.695,16.51,Plundering Poro [sfd-069-221] Foil,,,
2026-10-05,sfd-069-221,normal,Plundering Poro,SFD,Common,0.13,,0.13,1,33.695,4.38,Plundering Poro [sfd-069-221] Normal,,,
2026-10-05,unl-178a-219,foil,"Poppy, Defender of the Meek (Alternate Art)",UNL,Epic,2.14,,2.14,1,33.695,72.11,"Poppy, Defender of the Meek (Alternate Art) [unl-178a-219] Foil",,,
2026-10-05,opp-178-219,foil,"Poppy, Defender of the Meek",OPP,Promo,36.2,,36.2,1,33.695,1219.76,"Poppy, Defender of the Meek [opp-178-219] Foil",,,
2026-10-05,unl-178-219,foil,"Poppy, Defender of the Meek",UNL,Epic,0.49,,0.49,1,33.695,16.51,"Poppy, Defender of the Meek [unl-178-219] Foil",,,
2026-10-05,unl-237-219,foil,"Poppy, Keeper of the Hammer (Overnumbered)",UNL,Rare,45.1,,45.1,1,33.695,1519.64,"Poppy, Keeper of the Hammer (Overnumbered) [unl-237-219] Foil",,,
2026-10-05,unl-237*-219,foil,"Poppy, Keeper of the Hammer (Signature)",UNL,Rare,427.53,,427.53,1,33.695,14405.62,"Poppy, Keeper of the Hammer (Signature) [unl-237*-219] Foil",,,
2026-10-05,unl-203-219,foil,"Poppy, Keeper of the Hammer",UNL,Rare,0.13,,0.13,1,33.695,4.38,"Poppy, Keeper of the Hammer [unl-203-219] Foil",,,
2026-10-05,unl-116a-219,foil,"Poppy, Paragon (Alternate Art)",UNL,Rare,1.4,,1.4,1,33.695,47.17,"Poppy, Paragon (Alternate Art) [unl-116a-219] Foil",,,
2026-10-05,unl-116-219,foil,"Poppy, Paragon",UNL,Rare,0.27,,0.27,1,33.695,9.1,"Poppy, Paragon [unl-116-219] Foil",,,
2026-10-05,ogn-061-298,foil,Poro Herder,OGN,Uncommon,0.34,,0.34,1,33.695,11.46,Poro Herder [ogn-061-298] Foil,,,
2026-10-05,ogn-061-298,normal,Poro Herder,OGN,Uncommon,0.16,,0.16,1,33.695,5.39,Poro Herder [ogn-061-298] Normal,,,
2026-10-05,sfd-046-221,foil,Poro Snax,SFD,Uncommon,0.47,,0.47,1,33.695,15.84,Poro Snax [sfd-046-221] Foil,,,
2026-10-05,sfd-046-221,normal,Poro Snax,SFD,Uncommon,0.18,,0.18,1,33.695,6.07,Poro Snax [sfd-046-221] Normal,,,
2026-10-05,ogn-102-298,foil,Portal Rescue,OGN,Uncommon,0.34,,0.34,1,33.695,11.46,Portal Rescue [ogn-102-298] Foil,,,
2026-10-05,ogn-102-298,normal,Portal Rescue,OGN,Uncommon,0.16,,0.16,1,33.695,5.39,Portal Rescue [ogn-102-298] Normal,,,
2026-10-05,ogn-203-298,foil,Possession,OGN,Epic,0.9,,0.9,1,33.695,30.33,Possession [ogn-203-298] Foil,,,
2026-10-05,unl-220-219,foil,Pouty Poro (Overnumbered),UNL,Common,207.45,,207.45,1,33.695,6990.03,Pouty Poro (Overnumbered) [unl-220-219] Foil,,,
2026-10-05,ogn-013-298,foil,Pouty Poro,OGN,Common,0.3,,0.3,1,33.695,10.11,Pouty Poro [ogn-013-298] Foil,,,
2026-10-05,ogn-013-298,normal,Pouty Poro,OGN,Common,0.1,,0.1,1,33.695,3.37,Pouty Poro [ogn-013-298] Normal,,,
2026-10-05,opp-013-298,foil,Pouty Poro,OPP,Promo,1.17,,1.17,1,33.695,39.42,Pouty Poro [opp-013-298] Foil,,,
2026-10-05,sfd-214-221,foil,Power Nexus,SFD,Uncommon,0.35,,0.35,1,33.695,11.79,Power Nexus [sfd-214-221] Foil,,,
2026-10-05,sfd-214-221,normal,Power Nexus,SFD,Uncommon,0.14,,0.14,1,33.695,4.72,Power Nexus [sfd-214-221] Normal,,,
2026-10-05,sfd-087-221,foil,Premonition,SFD,Epic,4.43,,4.43,1,33.695,149.27,Premonition [sfd-087-221] Foil,,,
2026-10-05,unl-004-219,foil,Prepared Neophyte,UNL,Common,0.16,,0.16,1,33.695,5.39,Prepared Neophyte [unl-004-219] Foil,,,
2026-10-05,unl-004-219,normal,Prepared Neophyte,UNL,Common,0.05,,0.05,1,33.695,1.68,Prepared Neophyte [unl-004-219] Normal,,,
2026-10-05,ogn-154-298,foil,Primal Strength,OGN,Rare,0.41,,0.41,1,33.695,13.81,Primal Strength [ogn-154-298] Foil,,,
2026-10-05,sfd-075-221,foil,Prize of Progress,SFD,Uncommon,0.24,,0.24,1,33.695,8.09,Prize of Progress [sfd-075-221] Foil,,,
2026-10-05,sfd-075-221,normal,Prize of Progress,SFD,Uncommon,0.1,,0.1,1,33.695,3.37,Prize of Progress [sfd-075-221] Normal,,,
2026-10-05,opp-076-221,foil,Production Surge,OPP,Promo,0.35,,0.35,1,33.695,11.79,Production Surge [opp-076-221] Foil,,,
2026-10-05,sfd-076-221,foil,Production Surge,SFD,Uncommon,0.28,,0.28,1,33.695,9.43,Production Surge [sfd-076-221] Foil,,,
2026-10-05,sfd-076-221,normal,Production Surge,SFD,Uncommon,0.08,,0.08,1,33.695,2.7,Production Surge [sfd-076-221] Normal,,,
2026-10-05,opp-082-166,foil,Profiteer,OPP,Uncommon,0.93,,0.93,1,33.695,31.34,Profiteer [opp-082-166] Foil,,,
2026-10-05,ven-082-166,foil,Profiteer,VEN,Uncommon,0.29,,0.29,1,33.695,9.77,Profiteer [ven-082-166] Foil,,,
2026-10-05,ven-082-166,normal,Profiteer,VEN,Uncommon,0.1,,0.1,1,33.695,3.37,Profiteer [ven-082-166] Normal,,,
2026-10-05,ogn-114-298,foil,Progress Day,OGN,Rare,0.84,,0.84,1,33.695,28.3,Progress Day [ogn-114-298] Foil,,,
2026-10-05,ogn-115-298,foil,Promising Future,OGN,Rare,0.85,,0.85,1,33.695,28.64,Promising Future [ogn-115-298] Foil,,,
2026-10-05,ven-162-166,foil,Protective Sands,VEN,Uncommon,0.27,,0.27,1,33.695,9.1,Protective Sands [ven-162-166] Foil,,,
2026-10-05,ven-162-166,normal,Protective Sands,VEN,Uncommon,0.09,,0.09,1,33.695,3.03,Protective Sands [ven-162-166] Normal,,,
2026-10-05,ven-154-166,foil,Public Execution,VEN,Epic,0.93,,0.93,1,33.695,31.34,Public Execution [ven-154-166] Foil,,,
2026-10-05,sfd-097-221,foil,Punch First,SFD,Common,2.55,,2.55,1,33.695,85.92,Punch First [sfd-097-221] Foil,,,
2026-10-05,sfd-097-221,normal,Punch First,SFD,Common,0.21,,0.21,1,33.695,7.08,Punch First [sfd-097-221] Normal,,,
2026-10-05,ven-007-166,foil,Punching Poro,VEN,Common,0.19,,0.19,1,33.695,6.4,Punching Poro [ven-007-166] Foil,,,
2026-10-05,ven-007-166,normal,Punching Poro,VEN,Common,0.07,,0.07,1,33.695,2.36,Punching Poro [ven-007-166] Normal,,,
2026-10-05,unl-228-219,foil,"Pyke, Bloodharbor Ripper (Overnumbered)",UNL,Rare,92.39,,92.39,1,33.695,3113.08,"Pyke, Bloodharbor Ripper (Overnumbered) [unl-228-219] Foil",,,
2026-10-05,unl-228*-219,foil,"Pyke, Bloodharbor Ripper (Signature)",UNL,Rare,567.33,,567.33,1,33.695,19116.18,"Pyke, Bloodharbor Ripper (Signature) [unl-228*-219] Foil",,,
2026-10-05,unl-185-219,foil,"Pyke, Bloodharbor Ripper",UNL,Rare,0.15,,0.15,1,33.695,5.05,"Pyke, Bloodharbor Ripper [unl-185-219] Foil",,,
2026-10-05,unl-028a-219,foil,"Pyke, Dockside Butcher (Alternate Art)",UNL,Epic,18.45,,18.45,1,33.695,621.67,"Pyke, Dockside Butcher (Alternate Art) [unl-028a-219] Foil",,,
2026-10-05,unl-028-219,foil,"Pyke, Dockside Butcher",UNL,Epic,15.21,,15.21,1,33.695,512.5,"Pyke, Dockside Butcher [unl-028-219] Foil",,,
2026-10-05,unl-145a-219,foil,"Pyke, Returned (Alternate Art)",UNL,Rare,9.55,,9.55,1,33.695,321.79,"Pyke, Returned (Alternate Art) [unl-145a-219] Foil",,,
2026-10-05,unl-145-219,foil,"Pyke, Returned",UNL,Rare,0.9,,0.9,1,33.695,30.33,"Pyke, Returned [unl-145-219] Foil",,,
2026-10-05,ogn-155-298,foil,"Qiyana, Victorious",OGN,Rare,0.49,,0.49,1,33.695,16.51,"Qiyana, Victorious [ogn-155-298] Foil",,,
2026-10-05,ven-054-166,foil,Questionable Tome,VEN,Common,0.32,,0.32,1,33.695,10.78,Questionable Tome [ven-054-166] Foil,,,
2026-10-05,ven-054-166,normal,Questionable Tome,VEN,Common,0.08,,0.08,1,33.695,2.7,Questionable Tome [ven-054-166] Normal,,,
2026-10-05,sfd-191-221,foil,Rabadon's Deathcrown,SFD,Epic,0.33,,0.33,1,33.695,11.12,Rabadon's Deathcrown [sfd-191-221] Foil,,,
2026-10-05,ven-018-166,foil,Rage Amplifier,VEN,Rare,0.16,,0.16,1,33.695,5.39,Rage Amplifier [ven-018-166] Foil,,,
2026-10-05,ogn-031-298,foil,Raging Firebrand,OGN,Rare,0.22,,0.22,1,33.695,7.41,Raging Firebrand [ogn-031-298] Foil,,,
2026-10-05,ogn-019-298,foil,Raging Soul,OGN,Uncommon,0.27,,0.27,1,33.695,9.1,Raging Soul [ogn-019-298] Foil,,,
2026-10-05,ogn-019-298,normal,Raging Soul,OGN,Uncommon,0.04,,0.04,1,33.695,1.35,Raging Soul [ogn-019-298] Normal,,,
2026-10-05,sfd-166-221,foil,Rally the Troops,SFD,Uncommon,0.39,,0.39,1,33.695,13.14,Rally the Troops [sfd-166-221] Foil,,,
2026-10-05,sfd-166-221,normal,Rally the Troops,SFD,Uncommon,0.21,,0.21,1,33.695,7.08,Rally the Troops [sfd-166-221] Normal,,,
2026-10-05,ven-083-166,foil,Rampage,VEN,Uncommon,1.36,,1.36,1,33.695,45.83,Rampage [ven-083-166] Foil,,,
2026-10-05,ven-083-166,normal,Rampage,VEN,Uncommon,0.19,,0.19,1,33.695,6.4,Rampage [ven-083-166] Normal,,,
2026-10-05,sfd-215-221,foil,Ravenbloom Conservatory,SFD,Uncommon,0.53,,0.53,1,33.695,17.86,Ravenbloom Conservatory [sfd-215-221] Foil,,,
2026-10-05,sfd-215-221,normal,Ravenbloom Conservatory,SFD,Uncommon,0.12,,0.12,1,33.695,4.04,Ravenbloom Conservatory [sfd-215-221] Normal,,,
2026-10-05,ven-102-166,foil,Ravenbloom Prefect,VEN,Common,1.33,,1.33,1,33.695,44.81,Ravenbloom Prefect [ven-102-166] Foil,,,
2026-10-05,ven-102-166,normal,Ravenbloom Prefect,VEN,Common,0.17,,0.17,1,33.695,5.73,Ravenbloom Prefect [ven-102-166] Normal,,,
2026-10-05,ogn-103-298,foil,Ravenbloom Student,OGN,Uncommon,0.58,,0.58,1,33.695,19.54,Ravenbloom Student [ogn-103-298] Foil,,,
2026-10-05,ogn-103-298,normal,Ravenbloom Student,OGN,Uncommon,0.3,,0.3,1,33.695,10.11,Ravenbloom Student [ogn-103-298] Normal,,,
2026-10-05,opp-103-298,foil,Ravenbloom Student,OPP,Promo,1.98,,1.98,1,33.695,66.72,Ravenbloom Student [opp-103-298] Foil,,,
2026-10-05,ogn-032-298,foil,Ravenborn Tome,OGN,Rare,0.17,,0.17,1,33.695,5.73,Ravenborn Tome [ogn-032-298] Foil,,,
2026-10-05,ogn-285-298,foil,Reaver's Row,OGN,Uncommon,0.59,,0.59,1,33.695,19.88,Reaver's Row [ogn-285-298] Foil,,,
2026-10-05,ogn-285-298,normal,Reaver's Row,OGN,Uncommon,0.1,,0.1,1,33.695,3.37,Reaver's Row [ogn-285-298] Normal,,,
2026-10-05,ogn-172-298,foil,Rebuke,OGN,Common,1.33,,1.33,1,33.695,44.81,Rebuke [ogn-172-298] Foil,,,
2026-10-05,ogn-172-298,normal,Rebuke,OGN,Common,0.27,,0.27,1,33.695,9.1,Rebuke [ogn-172-298] Normal,,,
2026-10-05,ven-152-166,foil,Rebuttal,VEN,Epic,2.01,,2.01,1,33.695,67.73,Rebuttal [ven-152-166] Foil,,,
2026-10-05,ogn-286-298,foil,Reckoner's Arena,OGN,Uncommon,0.36,,0.36,1,33.695,12.13,Reckoner's Arena [ogn-286-298] Foil,,,
2026-10-05,ogn-286-298,normal,Reckoner's Arena,OGN,Uncommon,0.14,,0.14,1,33.695,4.72,Reckoner's Arena [ogn-286-298] Normal,,,
2026-10-05,ogn-271-298,normal,Recruit (271) // Buff,OGN,Common,0.13,,0.13,1,33.695,4.38,Recruit (271) // Buff [ogn-271-298] Normal,,,
2026-10-05,ogn-272-298,normal,Recruit (272) // Buff,OGN,Common,0.12,,0.12,1,33.695,4.04,Recruit (272) // Buff [ogn-272-298] Normal,,,
2026-10-05,ogn-273-298,normal,Recruit (273) // Buff,OGN,Common,0.18,,0.18,1,33.695,6.07,Recruit (273) // Buff [ogn-273-298] Normal,,,
2026-10-05,ogs-015-024,normal,Recruit the Vanguard,OGS,Uncommon,0.84,,0.84,1,33.695,28.3,Recruit the Vanguard [ogs-015-024] Normal,,,
2026-10-05,sfd-016-221,foil,Recurve Bow,SFD,Uncommon,0.23,,0.23,1,33.695,7.75,Recurve Bow [sfd-016-221] Foil,,,
2026-10-05,sfd-016-221,normal,Recurve Bow,SFD,Uncommon,0.14,,0.14,1,33.695,4.72,Recurve Bow [sfd-016-221] Normal,,,
2026-10-05,unl-029a-219,foil,Red Brambleback (Alternate Art),UNL,Epic,2.6,,2.6,1,33.695,87.61,Red Brambleback (Alternate Art) [unl-029a-219] Foil,,,
2026-10-05,unl-029-219,foil,Red Brambleback,UNL,Epic,0.94,,0.94,1,33.695,31.67,Red Brambleback [unl-029-219] Foil,,,
2026-10-05,ogn-062-298,foil,Reinforce,OGN,Uncommon,0.4,,0.4,1,33.695,13.48,Reinforce [ogn-062-298] Foil,,,
2026-10-05,ogn-062-298,normal,Reinforce,OGN,Uncommon,0.12,,0.12,1,33.695,4.04,Reinforce [ogn-062-298] Normal,,,
2026-10-05,sfd-029a-221,foil,"Rek'Sai, Breacher (Alternate Art)",SFD,Showcase,8.24,,8.24,1,33.695,277.65,"Rek'Sai, Breacher (Alternate Art) [sfd-029a-221] Foil",,,
2026-10-05,sfd-029-221,foil,"Rek'Sai, Breacher",SFD,Epic,5.8,,5.8,1,33.695,195.43,"Rek'Sai, Breacher [sfd-029-221] Foil",,,
2026-10-05,sfd-029-221,normal,"Rek'Sai, Breacher",SFD,Epic,4.65,,4.65,1,33.695,156.68,"Rek'Sai, Breacher [sfd-029-221] Normal",,,
2026-10-05,sfd-170a-221,foil,"Rek'Sai, Swarm Queen (Alternate Art)",SFD,Showcase,0.87,,0.87,1,33.695,29.31,"Rek'Sai, Swarm Queen (Alternate Art) [sfd-170a-221] Foil",,,
2026-10-05,sfd-170-221,foil,"Rek'Sai, Swarm Queen",SFD,Rare,0.23,,0.23,1,33.695,7.75,"Rek'Sai, Swarm Queen [sfd-170-221] Foil",,,
2026-10-05,sfd-243-221,foil,"Rek'sai, Void Burrower (Overnumbered)",SFD,Showcase,98.28,,98.28,1,33.695,3311.54,"Rek'sai, Void Burrower (Overnumbered) [sfd-243-221] Foil",,,
2026-10-05,sfd-187-221,foil,"Rek'sai, Void Burrower",SFD,Rare,0.15,,0.15,1,33.695,5.05,"Rek'sai, Void Burrower [sfd-187-221] Foil",,,
2026-10-05,sfd-184-221,foil,Relentless Pursuit,SFD,Epic,1.38,,1.38,1,33.695,46.5,Relentless Pursuit [sfd-184-221] Foil,,,
2026-10-05,sfd-024-221,foil,"Rell, Magnetic",SFD,Rare,0.18,,0.18,1,33.695,6.07,"Rell, Magnetic [sfd-024-221] Foil",,,
2026-10-05,ven-121-166,foil,Reluctant Leader,VEN,Common,0.12,,0.12,1,33.695,4.04,Reluctant Leader [ven-121-166] Foil,,,
2026-10-05,ven-121-166,normal,Reluctant Leader,VEN,Common,0.05,,0.05,1,33.695,1.68,Reluctant Leader [ven-121-166] Normal,,,
2026-10-05,opp-201-221,foil,"Renata Glasc, Chem-Baroness (Metal)",OPP,Promo,1199.99,,1199.99,1,33.695,40433.66,"Renata Glasc, Chem-Baroness (Metal) [opp-201-221] Foil",,,
2026-10-05,sfd-249-221,foil,"Renata Glasc, Chem-Baroness (Overnumbered)",SFD,Showcase,48.89,,48.89,1,33.695,1647.35,"Renata Glasc, Chem-Baroness (Overnumbered) [sfd-249-221] Foil",,,
2026-10-05,sfd-201-221,foil,"Renata Glasc, Chem-Baroness",SFD,Rare,0.19,,0.19,1,33.695,6.4,"Renata Glasc, Chem-Baroness [sfd-201-221] Foil",,,
2026-10-05,sfd-171a-221,foil,"Renata Glasc, Industrialist (Alternate Art)",SFD,Showcase,1.19,,1.19,1,33.695,40.1,"Renata Glasc, Industrialist (Alternate Art) [sfd-171a-221] Foil",,,
2026-10-05,sfd-171-221,foil,"Renata Glasc, Industrialist",SFD,Rare,0.24,,0.24,1,33.695,8.09,"Renata Glasc, Industrialist [sfd-171-221] Foil",,,
2026-10-05,sfd-088a-221,foil,"Renata Glasc, Mastermind (Alternate Art)",SFD,Showcase,3.27,,3.27,1,33.695,110.18,"Renata Glasc, Mastermind (Alternate Art) [sfd-088a-221] Foil",,,
2026-10-05,sfd-088-221,foil,"Renata Glasc, Mastermind",SFD,Epic,0.9,,0.9,1,33.695,30.33,"Renata Glasc, Mastermind [sfd-088-221] Foil",,,
2026-10-05,ven-177-166,foil,"Renekton, Brute (Overnumbered)",VEN,Epic,62.53,,62.53,1,33.695,2106.95,"Renekton, Brute (Overnumbered) [ven-177-166] Foil",,,
2026-10-05,ven-092-166,foil,"Renekton, Brute",VEN,Epic,0.25,,0.25,1,33.695,8.42,"Renekton, Brute [ven-092-166] Foil",,,
2026-10-05,ven-092a-166,foil,"Renekton, Brute",VEN,Epic,1.53,,1.53,1,33.695,51.55,"Renekton, Brute [ven-092a-166] Foil",,,
2026-10-05,ven-190-166,foil,"Renekton, Butcher of the Sands (Overnumbered)",VEN,Rare,52.47,,52.47,1,33.695,1767.98,"Renekton, Butcher of the Sands (Overnumbered) [ven-190-166] Foil",,,
2026-10-05,ven-190*-166,foil,"Renekton, Butcher of the Sands (Signature)",VEN,Rare,432,,432,1,33.695,14556.24,"Renekton, Butcher of the Sands (Signature) [ven-190*-166] Foil",,,
2026-10-05,ven-141-166,foil,"Renekton, Butcher of the Sands",VEN,Rare,0.2,,0.2,1,33.695,6.74,"Renekton, Butcher of the Sands [ven-141-166] Foil",,,
2026-10-05,ven-019a-166,foil,"Renekton, Rage Fueled (Alternate Art)",VEN,Rare,1.08,,1.08,1,33.695,36.39,"Renekton, Rage Fueled (Alternate Art) [ven-019a-166] Foil",,,
2026-10-05,ven-019-166,foil,"Renekton, Rage Fueled",VEN,Rare,0.14,,0.14,1,33.695,4.72,"Renekton, Rage Fueled [ven-019-166] Foil",,,
2026-10-05,sfd-025-221,foil,"Rengar, Pouncing",SFD,Rare,0.53,,0.53,1,33.695,17.86,"Rengar, Pouncing [sfd-025-221] Foil",,,
2026-10-05,unl-227-219,foil,"Rengar, Pridestalker (Overnumbered)",UNL,Rare,107.05,,107.05,1,33.695,3607.05,"Rengar, Pridestalker (Overnumbered) [unl-227-219] Foil",,,
2026-10-05,unl-227*-219,foil,"Rengar, Pridestalker (Signature)",UNL,Rare,551.94,,551.94,1,33.695,18597.62,"Rengar, Pridestalker (Signature) [unl-227*-219] Foil",,,
2026-10-05,unl-183-219,foil,"Rengar, Pridestalker",UNL,Rare,0.2,,0.2,1,33.695,6.74,"Rengar, Pridestalker [unl-183-219] Foil",,,
2026-10-05,unl-120a-219,foil,"Rengar, Trophy Hunter (Alternate Art)",UNL,Epic,41.48,,41.48,1,33.695,1397.67,"Rengar, Trophy Hunter (Alternate Art) [unl-120a-219] Foil",,,
2026-10-05,ven-179-166,foil,"Rengar, Trophy Hunter (Overnumbered)",VEN,Epic,165.24,,165.24,1,33.695,5567.76,"Rengar, Trophy Hunter (Overnumbered) [ven-179-166] Foil",,,
2026-10-05,opp-120-219,foil,"Rengar, Trophy Hunter",OPP,Promo,37.22,,37.22,1,33.695,1254.13,"Rengar, Trophy Hunter [opp-120-219] Foil",,,
2026-10-05,opp-120-219,foil,"Rengar, Trophy Hunter",OPP,Promo,154.03,,154.03,1,33.695,5190.04,"Rengar, Trophy Hunter [opp-120-219] Foil",,,
2026-10-05,unl-120-219,foil,"Rengar, Trophy Hunter",UNL,Epic,30.07,,30.07,1,33.695,1013.21,"Rengar, Trophy Hunter [unl-120-219] Foil",,,
2026-10-05,unl-024a-219,foil,"Rengar, Unseen (Alternate Art)",UNL,Rare,2.87,,2.87,1,33.695,96.7,"Rengar, Unseen (Alternate Art) [unl-024a-219] Foil",,,
2026-10-05,unl-024-219,foil,"Rengar, Unseen",UNL,Rare,0.27,,0.27,1,33.695,9.1,"Rengar, Unseen [unl-024-219] Foil",,,
2026-10-05,opp-076-166,foil,Repair Specialist,OPP,Common,0.57,,0.57,1,33.695,19.21,Repair Specialist [opp-076-166] Foil,,,
2026-10-05,ven-076-166,foil,Repair Specialist,VEN,Common,0.25,,0.25,1,33.695,8.42,Repair Specialist [ven-076-166] Foil,,,
2026-10-05,ven-076-166,normal,Repair Specialist,VEN,Common,0.06,,0.06,1,33.695,2.02,Repair Specialist [ven-076-166] Normal,,,
2026-10-05,unl-106-219,foil,Repulse,UNL,Uncommon,2.24,,2.24,1,33.695,75.48,Repulse [unl-106-219] Foil,,,
2026-10-05,unl-106-219,normal,Repulse,UNL,Uncommon,0.4,,0.4,1,33.695,13.48,Repulse [unl-106-219] Normal,,,
2026-10-05,ven-034-166,foil,Resonating Strike,VEN,Uncommon,0.23,,0.23,1,33.695,7.75,Resonating Strike [ven-034-166] Foil,,,
2026-10-05,ven-034-166,normal,Resonating Strike,VEN,Uncommon,0.13,,0.13,1,33.695,4.38,Resonating Strike [ven-034-166] Normal,,,
2026-10-05,ogn-104-298,foil,Retreat,OGN,Uncommon,2.63,,2.63,1,33.695,88.62,Retreat [ogn-104-298] Foil,,,
2026-10-05,ogn-104-298,normal,Retreat,OGN,Uncommon,0.52,,0.52,1,33.695,17.52,Retreat [ogn-104-298] Normal,,,
2026-10-05,unl-005-219,foil,Revna the Lorekeeper,UNL,Common,0.16,,0.16,1,33.695,5.39,Revna the Lorekeeper [unl-005-219] Foil,,,
2026-10-05,unl-005-219,normal,Revna the Lorekeeper,UNL,Common,0.06,,0.06,1,33.695,2.02,Revna the Lorekeeper [unl-005-219] Normal,,,
2026-10-05,ogn-195-298,foil,Rhasa the Sunderer,OGN,Rare,1.74,,1.74,1,33.695,58.63,Rhasa the Sunderer [ogn-195-298] Foil,,,
2026-10-05,sfd-038-221,foil,Ribbon Dancer,SFD,Common,0.17,,0.17,1,33.695,5.73,Ribbon Dancer [sfd-038-221] Foil,,,
2026-10-05,sfd-038-221,normal,Ribbon Dancer,SFD,Common,0.06,,0.06,1,33.695,2.02,Ribbon Dancer [sfd-038-221] Normal,,,
2026-10-05,ogn-173-298,foil,Ride The Wind,OGN,Common,7.72,,7.72,1,33.695,260.13,Ride The Wind [ogn-173-298] Foil,,,
2026-10-05,ogn-173-298,normal,Ride The Wind,OGN,Common,0.82,,0.82,1,33.695,27.63,Ride The Wind [ogn-173-298] Normal,,,
2026-10-05,unl-179a-219,foil,Rift Herald (Alternate Art),UNL,Epic,16.15,,16.15,1,33.695,544.17,Rift Herald (Alternate Art) [unl-179a-219] Foil,,,
2026-10-05,unl-179-219,foil,Rift Herald,UNL,Epic,10.36,,10.36,1,33.695,349.08,Rift Herald [unl-179-219] Foil,,,
2026-10-05,unl-015-219,foil,Right of Conquest,UNL,Uncommon,0.24,,0.24,1,33.695,8.09,Right of Conquest [unl-015-219] Foil,,,
2026-10-05,unl-015-219,normal,Right of Conquest,UNL,Uncommon,0.08,,0.08,1,33.695,2.7,Right of Conquest [unl-015-219] Normal,,,
2026-10-05,sfd-206-221,foil,Riposte,SFD,Epic,4.65,,4.65,1,33.695,156.68,Riposte [sfd-206-221] Foil,,,
2026-10-05,unl-214-219,foil,Ripper's Bay,UNL,Uncommon,0.27,,0.27,1,33.695,9.1,Ripper's Bay [unl-214-219] Foil,,,
2026-10-05,unl-214-219,normal,Ripper's Bay,UNL,Uncommon,0.08,,0.08,1,33.695,2.7,Ripper's Bay [unl-214-219] Normal,,,
2026-10-05,ogn-092-298,foil,Riptide Rex,OGN,Common,0.31,,0.31,1,33.695,10.45,Riptide Rex [ogn-092-298] Foil,,,
2026-10-05,ogn-092-298,normal,Riptide Rex,OGN,Common,0.1,,0.1,1,33.695,3.37,Riptide Rex [ogn-092-298] Normal,,,
2026-10-05,opp-092-298,foil,Riptide Rex,OPP,Promo,0.3,,0.3,1,33.695,10.11,Riptide Rex [opp-092-298] Foil,,,
2026-10-05,ven-163-166,foil,Risen Altar,VEN,Uncommon,0.32,,0.32,1,33.695,10.78,Risen Altar [ven-163-166] Foil,,,
2026-10-05,ven-163-166,normal,Risen Altar,VEN,Uncommon,0.1,,0.1,1,33.695,3.37,Risen Altar [ven-163-166] Normal,,,
2026-10-05,ven-171-166,foil,"Riven, Shattered (Overnumbered)",VEN,Rare,84.61,,84.61,1,33.695,2850.93,"Riven, Shattered (Overnumbered) [ven-171-166] Foil",,,
2026-10-05,opp-041-166,foil,"Riven, Shattered",OPP,Promo,2.25,,2.25,1,33.695,75.81,"Riven, Shattered [opp-041-166] Foil",,,
2026-10-05,pr-041a-166,foil,"Riven, Shattered",PR,Promo,166.82,,166.82,1,33.695,5621,"Riven, Shattered [pr-041a-166] Foil",,,
2026-10-05,ven-041-166,foil,"Riven, Shattered",VEN,Rare,0.18,,0.18,1,33.695,6.07,"Riven, Shattered [ven-041-166] Foil",,,
2026-10-05,sfd-077-221,foil,Rocket Barrage,SFD,Uncommon,0.82,,0.82,1,33.695,27.63,Rocket Barrage [sfd-077-221] Foil,,,
2026-10-05,sfd-077-221,normal,Rocket Barrage,SFD,Uncommon,0.17,,0.17,1,33.695,5.73,Rocket Barrage [sfd-077-221] Normal,,,
2026-10-05,sfd-216-221,foil,Rockfall Path,SFD,Uncommon,0.63,,0.63,1,33.695,21.23,Rockfall Path [sfd-216-221] Foil,,,
2026-10-05,sfd-216-221,normal,Rockfall Path,SFD,Uncommon,0.17,,0.17,1,33.695,5.73,Rockfall Path [sfd-216-221] Normal,,,
2026-10-05,sfd-039-221,foil,Royal Entourage,SFD,Common,0.19,,0.19,1,33.695,6.4,Royal Entourage [sfd-039-221] Foil,,,
2026-10-05,sfd-039-221,normal,Royal Entourage,SFD,Common,0.04,,0.04,1,33.695,1.35,Royal Entourage [sfd-039-221] Normal,,,
2026-10-05,sfd-157-221,foil,Royal Guard,SFD,Common,0.16,,0.16,1,33.695,5.39,Royal Guard [sfd-157-221] Foil,,,
2026-10-05,sfd-157-221,normal,Royal Guard,SFD,Common,0.07,,0.07,1,33.695,2.36,Royal Guard [sfd-157-221] Normal,,,
2026-10-05,sfd-105-221,foil,Ruin Runner,SFD,Uncommon,2.83,,2.83,1,33.695,95.36,Ruin Runner [sfd-105-221] Foil,,,
2026-10-05,sfd-105-221,normal,Ruin Runner,SFD,Uncommon,0.37,,0.37,1,33.695,12.47,Ruin Runner [sfd-105-221] Normal,,,
2026-10-05,unl-067-219,foil,Ruined Rex,UNL,Common,0.27,,0.27,1,33.695,9.1,Ruined Rex [unl-067-219] Foil,,,
2026-10-05,unl-067-219,normal,Ruined Rex,UNL,Common,0.13,,0.13,1,33.695,4.38,Ruined Rex [unl-067-219] Normal,,,
2026-10-05,sfd-026a-221,foil,"Rumble, Hotheaded (Alternate Art)",SFD,Showcase,1.24,,1.24,1,33.695,41.78,"Rumble, Hotheaded (Alternate Art) [sfd-026a-221] Foil",,,
2026-10-05,sfd-026-221,foil,"Rumble, Hotheaded",SFD,Rare,0.17,,0.17,1,33.695,5.73,"Rumble, Hotheaded [sfd-026-221] Foil",,,
2026-10-05,sfd-240-221,foil,"Rumble, Mechanized Menace (Overnumbered)",SFD,Showcase,49.56,,49.56,1,33.695,1669.92,"Rumble, Mechanized Menace (Overnumbered) [sfd-240-221] Foil",,,
2026-10-05,sfd-181-221,foil,"Rumble, Mechanized Menace",SFD,Rare,0.18,,0.18,1,33.695,6.07,"Rumble, Mechanized Menace [sfd-181-221] Foil",,,
2026-10-05,sfd-089a-221,foil,"Rumble, Scrapper (Alternate Art)",SFD,Showcase,2.28,,2.28,1,33.695,76.82,"Rumble, Scrapper (Alternate Art) [sfd-089a-221] Foil",,,
2026-10-05,sfd-089-221,foil,"Rumble, Scrapper",SFD,Epic,0.59,,0.59,1,33.695,19.88,"Rumble, Scrapper [sfd-089-221] Foil",,,
2026-10-05,ogn-050-298,foil,Rune Prison,OGN,Common,0.26,,0.26,1,33.695,8.76,Rune Prison [ogn-050-298] Foil,,,
2026-10-05,ogn-050-298,normal,Rune Prison,OGN,Common,0.11,,0.11,1,33.695,3.71,Rune Prison [ogn-050-298] Normal,,,
2026-10-05,ven-008-166,foil,Ruthless Strike,VEN,Common,0.2,,0.2,1,33.695,6.74,Ruthless Strike [ven-008-166] Foil,,,
2026-10-05,ven-008-166,normal,Ruthless Strike,VEN,Common,0.08,,0.08,1,33.695,2.7,Ruthless Strike [ven-008-166] Normal,,,
2026-10-05,ogn-156-298,foil,Sabotage,OGN,Rare,12.92,,12.92,1,33.695,435.34,Sabotage [ogn-156-298] Foil,,,
2026-10-05,ven-129-166,foil,Sacred Protector,VEN,Uncommon,0.34,,0.34,1,33.695,11.46,Sacred Protector [ven-129-166] Foil,,,
2026-10-05,ven-129-166,normal,Sacred Protector,VEN,Uncommon,0.08,,0.08,1,33.695,2.7,Sacred Protector [ven-129-166] Normal,,,
2026-10-05,sfd-172-221,foil,Sacred Shears,SFD,Rare,0.21,,0.21,1,33.695,7.08,Sacred Shears [sfd-172-221] Foil,,,
2026-10-05,unl-173-219,foil,Sacrifice,UNL,Rare,3.35,,3.35,1,33.695,112.88,Sacrifice [unl-173-219] Foil,,,
2026-10-05,unl-164-219,foil,Safety Inspector,UNL,Uncommon,0.88,,0.88,1,33.695,29.65,Safety Inspector [unl-164-219] Foil,,,
2026-10-05,unl-164-219,normal,Safety Inspector,UNL,Uncommon,0.17,,0.17,1,33.695,5.73,Safety Inspector [unl-164-219] Normal,,,
2026-10-05,ogn-174-298,foil,Sai Scout,OGN,Common,0.12,,0.12,1,33.695,4.04,Sai Scout [ogn-174-298] Foil,,,
2026-10-05,ogn-174-298,normal,Sai Scout,OGN,Common,0.04,,0.04,1,33.695,1.35,Sai Scout [ogn-174-298] Normal,,,
2026-10-05,ogn-224-298,foil,Salvage,OGN,Uncommon,7.7,,7.7,1,33.695,259.45,Salvage [ogn-224-298] Foil,,,
2026-10-05,ogn-224-298,normal,Salvage,OGN,Uncommon,4.66,,4.66,1,33.695,157.02,Salvage [ogn-224-298] Normal,,,
2026-10-05,ven-035-166,foil,Sanction,VEN,Uncommon,0.25,,0.25,1,33.695,8.42,Sanction [ven-035-166] Foil,,,
2026-10-05,ven-035-166,normal,Sanction,VEN,Uncommon,0.08,,0.08,1,33.695,2.7,Sanction [ven-035-166] Normal,,,
2026-10-05,sfd-158-221,foil,Sandshifter,SFD,Common,0.17,,0.17,1,33.695,5.73,Sandshifter [sfd-158-221] Foil,,,
2026-10-05,sfd-158-221,normal,Sandshifter,SFD,Common,0.05,,0.05,1,33.695,1.68,Sandshifter [sfd-158-221] Normal,,,
2026-10-05,ven-036-166,foil,Sandstone Chimera,VEN,Uncommon,0.18,,0.18,1,33.695,6.07,Sandstone Chimera [ven-036-166] Foil,,,
2026-10-05,ven-036-166,normal,Sandstone Chimera,VEN,Uncommon,0.05,,0.05,1,33.695,1.68,Sandstone Chimera [ven-036-166] Normal,,,
2026-10-05,ven-164-166,foil,Sandswept Tomb,VEN,Uncommon,0.36,,0.36,1,33.695,12.13,Sandswept Tomb [ven-164-166] Foil,,,
2026-10-05,ven-164-166,normal,Sandswept Tomb,VEN,Uncommon,0.14,,0.14,1,33.695,4.72,Sandswept Tomb [ven-164-166] Normal,,,
2026-10-05,opp-016-219,foil,Scorchclaw,OPP,Promo,0.28,,0.28,1,33.695,9.43,Scorchclaw [opp-016-219] Foil,,,
2026-10-05,unl-016-219,foil,Scorchclaw,UNL,Uncommon,0.17,,0.17,1,33.695,5.73,Scorchclaw [unl-016-219] Foil,,,
2026-10-05,unl-016-219,normal,Scorchclaw,UNL,Uncommon,0.06,,0.06,1,33.695,2.02,Scorchclaw [unl-016-219] Normal,,,
2026-10-05,ogn-182-298,foil,Scrapheap,OGN,Uncommon,0.59,,0.59,1,33.695,19.88,Scrapheap [ogn-182-298] Foil,,,
2026-10-05,ogn-182-298,normal,Scrapheap,OGN,Uncommon,0.12,,0.12,1,33.695,4.04,Scrapheap [ogn-182-298] Normal,,,
2026-10-05,ogn-020-298,foil,Scrapyard Champion,OGN,Uncommon,0.3,,0.3,1,33.695,10.11,Scrapyard Champion [ogn-020-298] Foil,,,
2026-10-05,ogn-020-298,normal,Scrapyard Champion,OGN,Uncommon,0.12,,0.12,1,33.695,4.04,Scrapyard Champion [ogn-020-298] Normal,,,
2026-10-05,unl-157-219,foil,Scrutinizing Sergeant,UNL,Common,0.12,,0.12,1,33.695,4.04,Scrutinizing Sergeant [unl-157-219] Foil,,,
2026-10-05,unl-157-219,normal,Scrutinizing Sergeant,UNL,Common,0.04,,0.04,1,33.695,1.35,Scrutinizing Sergeant [unl-157-219] Normal,,,
2026-10-05,unl-136-219,foil,Scryer's Bloom,UNL,Uncommon,0.33,,0.33,1,33.695,11.12,Scryer's Bloom [unl-136-219] Foil,,,
2026-10-05,unl-136-219,normal,Scryer's Bloom,UNL,Uncommon,0.13,,0.13,1,33.695,4.38,Scryer's Bloom [unl-136-219] Normal,,,
2026-10-05,unl-053-219,foil,Scuttle Crab,UNL,Rare,3.86,,3.86,1,33.695,130.06,Scuttle Crab [unl-053-219] Foil,,,
2026-10-05,opp-098-221,foil,Sea Monkey,OPP,Promo,0.3,,0.3,1,33.695,10.11,Sea Monkey [opp-098-221] Foil,,,
2026-10-05,sfd-098-221,foil,Sea Monkey,SFD,Common,0.24,,0.24,1,33.695,8.09,Sea Monkey [sfd-098-221] Foil,,,
2026-10-05,sfd-098-221,normal,Sea Monkey,SFD,Common,0.09,,0.09,1,33.695,3.03,Sea Monkey [sfd-098-221] Normal,,,
2026-10-05,sfd-234-221,foil,Seal of Discord (Overnumbered),SFD,Showcase,102.67,,102.67,1,33.695,3459.47,Seal of Discord (Overnumbered) [sfd-234-221] Foil,,,
2026-10-05,ogn-204-298,foil,Seal of Discord,OGN,Epic,34.83,,34.83,1,33.695,1173.6,Seal of Discord [ogn-204-298] Foil,,,
2026-10-05,sfd-226-221,foil,Seal of Focus (Overnumbered),SFD,Showcase,67.25,,67.25,1,33.695,2265.99,Seal of Focus (Overnumbered) [sfd-226-221] Foil,,,
2026-10-05,ogn-081-298,foil,Seal of Focus,OGN,Epic,20.28,,20.28,1,33.695,683.33,Seal of Focus [ogn-081-298] Foil,,,
2026-10-05,sfd-229-221,foil,Seal of Insight (Overnumbered),SFD,Showcase,51.41,,51.41,1,33.695,1732.26,Seal of Insight (Overnumbered) [sfd-229-221] Foil,,,
2026-10-05,ogn-120-298,foil,Seal of Insight,OGN,Epic,16.19,,16.19,1,33.695,545.52,Seal of Insight [ogn-120-298] Foil,,,
2026-10-05,sfd-222-221,foil,Seal of Rage (Overnumbered),SFD,Showcase,65.81,,65.81,1,33.695,2217.47,Seal of Rage (Overnumbered) [sfd-222-221] Foil,,,
2026-10-05,ogn-040-298,foil,Seal of Rage,OGN,Epic,29.57,,29.57,1,33.695,996.36,Seal of Rage [ogn-040-298] Foil,,,
2026-10-05,sfd-231-221,foil,Seal of Strength (Overnumbered),SFD,Showcase,43.59,,43.59,1,33.695,1468.77,Seal of Strength (Overnumbered) [sfd-231-221] Foil,,,
2026-10-05,ogn-163-298,foil,Seal of Strength,OGN,Epic,13.02,,13.02,1,33.695,438.71,Seal of Strength [ogn-163-298] Foil,,,
2026-10-05,sfd-238-221,foil,Seal of Unity (Overnumbered),SFD,Showcase,55.34,,55.34,1,33.695,1864.68,Seal of Unity (Overnumbered) [sfd-238-221] Foil,,,
2026-10-05,ogn-245-298,foil,Seal of Unity,OGN,Epic,18.19,,18.19,1,33.695,612.91,Seal of Unity [ogn-245-298] Foil,,,
2026-10-05,sfd-217-221,foil,Seat of Power,SFD,Uncommon,0.62,,0.62,1,33.695,20.89,Seat of Power [sfd-217-221] Foil,,,
2026-10-05,sfd-217-221,normal,Seat of Power,SFD,Uncommon,0.19,,0.19,1,33.695,6.4,Seat of Power [sfd-217-221] Normal,,,
2026-10-05,sfd-008-221,foil,Sentinel Adept,SFD,Common,0.22,,0.22,1,33.695,7.41,Sentinel Adept [sfd-008-221] Foil,,,
2026-10-05,sfd-008-221,normal,Sentinel Adept,SFD,Common,0.07,,0.07,1,33.695,2.36,Sentinel Adept [sfd-008-221] Normal,,,
2026-10-05,ven-030-166,foil,Serene Ascetic,VEN,Common,0.17,,0.17,1,33.695,5.73,Serene Ascetic [ven-030-166] Foil,,,
2026-10-05,ven-030-166,normal,Serene Ascetic,VEN,Common,0.04,,0.04,1,33.695,1.35,Serene Ascetic [ven-030-166] Normal,,,
2026-10-05,opp-009-221,foil,Serrated Dirk,OPP,Promo,0.21,,0.21,1,33.695,7.08,Serrated Dirk [opp-009-221] Foil,,,
2026-10-05,sfd-009-221,foil,Serrated Dirk,SFD,Common,0.2,,0.2,1,33.695,6.74,Serrated Dirk [sfd-009-221] Foil,,,
2026-10-05,sfd-009-221,normal,Serrated Dirk,SFD,Common,0.09,,0.09,1,33.695,3.03,Serrated Dirk [sfd-009-221] Normal,,,
2026-10-05,ogn-164a-298,foil,"Sett, Brawler (Alternate Art)",OGN,Showcase,6.39,,6.39,1,33.695,215.31,"Sett, Brawler (Alternate Art) [ogn-164a-298] Foil",,,
2026-10-05,sfd-232-221,foil,"Sett, Brawler (Overnumbered)",SFD,Showcase,77.99,,77.99,1,33.695,2627.87,"Sett, Brawler (Overnumbered) [sfd-232-221] Foil",,,
2026-10-05,sfd-232*-221,foil,"Sett, Brawler (Signature)",SFD,Showcase,489.25,,489.25,1,33.695,16485.28,"Sett, Brawler (Signature) [sfd-232*-221] Foil",,,
2026-10-05,ogn-164-298,foil,"Sett, Brawler",OGN,Epic,6.74,,6.74,1,33.695,227.1,"Sett, Brawler [ogn-164-298] Foil",,,
2026-10-05,ven-sp4-006,foil,"Sett, Brawler",VEN,Epic,11.53,,11.53,1,33.695,388.5,"Sett, Brawler [ven-sp4-006] Foil",,,
2026-10-05,ogn-240a-298,foil,"Sett, Kingpin (Alternate Art)",OGN,Showcase,1.19,,1.19,1,33.695,40.1,"Sett, Kingpin (Alternate Art) [ogn-240a-298] Foil",,,
2026-10-05,ogn-240-298,foil,"Sett, Kingpin",OGN,Rare,0.27,,0.27,1,33.695,9.1,"Sett, Kingpin [ogn-240-298] Foil",,,
2026-10-05,ogn-310-298,foil,"Sett, The Boss (Overnumbered)",OGN,Showcase,71.11,,71.11,1,33.695,2396.05,"Sett, The Boss (Overnumbered) [ogn-310-298] Foil",,,
2026-10-05,ogn-310*-298,foil,"Sett, The Boss (Signature)",OGN,Showcase,659.67,,659.67,1,33.695,22227.58,"Sett, The Boss (Signature) [ogn-310*-298] Foil",,,
2026-10-05,ogn-269-298,foil,"Sett, The Boss",OGN,Rare,0.28,,0.28,1,33.695,9.43,"Sett, The Boss [ogn-269-298] Foil",,,
2026-10-05,opp-269-298,foil,"Sett, The Boss",OPP,Promo,15.85,,15.85,1,33.695,534.07,"Sett, The Boss [opp-269-298] Foil",,,
2026-10-05,opp-269-298,foil,"Sett, The Boss",OPP,Promo,1333.31,,1333.31,1,33.695,44925.88,"Sett, The Boss [opp-269-298] Foil",,,
2026-10-05,unl-194-219,foil,Shadow,UNL,Epic,0.37,,0.37,1,33.695,12.47,Shadow [unl-194-219] Foil,,,
2026-10-05,opp-013-166,foil,Shadow Assassin,OPP,Uncommon,0.52,,0.52,1,33.695,17.52,Shadow Assassin [opp-013-166] Foil,,,
2026-10-05,ven-013-166,foil,Shadow Assassin,VEN,Uncommon,0.24,,0.24,1,33.695,8.09,Shadow Assassin [ven-013-166] Foil,,,
2026-10-05,ven-013-166,normal,Shadow Assassin,VEN,Uncommon,0.06,,0.06,1,33.695,2.02,Shadow Assassin [ven-013-166] Normal,,,
2026-10-05,ven-148-166,foil,Shadow Dash,VEN,Epic,0.29,,0.29,1,33.695,9.77,Shadow Dash [ven-148-166] Foil,,,
2026-10-05,ven-014-166,foil,Shadow Fiend,VEN,Uncommon,0.26,,0.26,1,33.695,8.76,Shadow Fiend [ven-014-166] Foil,,,
2026-10-05,ven-014-166,normal,Shadow Fiend,VEN,Uncommon,0.06,,0.06,1,33.695,2.02,Shadow Fiend [ven-014-166] Normal,,,
2026-10-05,ven-095-166,foil,Shadow Order Disciple,VEN,Common,0.33,,0.33,1,33.695,11.12,Shadow Order Disciple [ven-095-166] Foil,,,
2026-10-05,ven-095-166,normal,Shadow Order Disciple,VEN,Common,0.1,,0.1,1,33.695,3.37,Shadow Order Disciple [ven-095-166] Normal,,,
2026-10-05,ven-165-166,foil,Shadow Temple,VEN,Uncommon,0.34,,0.34,1,33.695,11.46,Shadow Temple [ven-165-166] Foil,,,
2026-10-05,ven-165-166,normal,Shadow Temple,VEN,Uncommon,0.1,,0.1,1,33.695,3.37,Shadow Temple [ven-165-166] Normal,,,
2026-10-05,unl-037-219,foil,Shadow Watcher,UNL,Common,0.15,,0.15,1,33.695,5.05,Shadow Watcher [unl-037-219] Foil,,,
2026-10-05,unl-037-219,normal,Shadow Watcher,UNL,Common,0.05,,0.05,1,33.695,1.68,Shadow Watcher [unl-037-219] Normal,,,
2026-10-05,unl-165-219,foil,Shadow's Call,UNL,Uncommon,1.81,,1.81,1,33.695,60.99,Shadow's Call [unl-165-219] Foil,,,
2026-10-05,unl-165-219,normal,Shadow's Call,UNL,Uncommon,0.31,,0.31,1,33.695,10.45,Shadow's Call [unl-165-219] Normal,,,
2026-10-05,ven-096-166,foil,Shadowblade Lurker,VEN,Common,0.23,,0.23,1,33.695,7.75,Shadowblade Lurker [ven-096-166] Foil,,,
2026-10-05,ven-096-166,normal,Shadowblade Lurker,VEN,Common,0.05,,0.05,1,33.695,1.68,Shadowblade Lurker [ven-096-166] Normal,,,
2026-10-05,ven-103-166,foil,Shadows of the Past,VEN,Uncommon,0.32,,0.32,1,33.695,10.78,Shadows of the Past [ven-103-166] Foil,,,
2026-10-05,ven-103-166,normal,Shadows of the Past,VEN,Uncommon,0.14,,0.14,1,33.695,4.72,Shadows of the Past [ven-103-166] Normal,,,
2026-10-05,ven-137-166,foil,Shady Spectacles,VEN,Epic,0.86,,0.86,1,33.695,28.98,Shady Spectacles [ven-137-166] Foil,,,
2026-10-05,ogn-033-298,foil,Shakedown,OGN,Rare,0.27,,0.27,1,33.695,9.1,Shakedown [ogn-033-298] Foil,,,
2026-10-05,unl-174-219,foil,Shard of Undoing,UNL,Rare,0.2,,0.2,1,33.695,6.74,Shard of Undoing [unl-174-219] Foil,,,
2026-10-05,unl-006-219,foil,Sharkling,UNL,Common,0.26,,0.26,1,33.695,8.76,Sharkling [unl-006-219] Foil,,,
2026-10-05,unl-006-219,normal,Sharkling,UNL,Common,0.08,,0.08,1,33.695,2.7,Sharkling [unl-006-219] Normal,,,
2026-10-05,ven-193-166,foil,"Shen, Eye of Twilight (Overnumbered)",VEN,Rare,74.42,,74.42,1,33.695,2507.58,"Shen, Eye of Twilight (Overnumbered) [ven-193-166] Foil",,,
2026-10-05,ven-193*-166,foil,"Shen, Eye of Twilight (Signature)",VEN,Rare,529.63,,529.63,1,33.695,17845.88,"Shen, Eye of Twilight (Signature) [ven-193*-166] Foil",,,
2026-10-05,ven-147-166,foil,"Shen, Eye of Twilight",VEN,Rare,0.11,,0.11,1,33.695,3.71,"Shen, Eye of Twilight [ven-147-166] Foil",,,
2026-10-05,ogn-241-298,foil,"Shen, Kinkou",OGN,Rare,0.5,,0.5,1,33.695,16.85,"Shen, Kinkou [ogn-241-298] Foil",,,
2026-10-05,ven-138a-166,foil,"Shen, Leader of the Kinkou Order (Alternate Art)",VEN,Epic,1.5,,1.5,1,33.695,50.54,"Shen, Leader of the Kinkou Order (Alternate Art) [ven-138a-166] Foil",,,
2026-10-05,ven-138-166,foil,"Shen, Leader of the Kinkou Order",VEN,Epic,0.23,,0.23,1,33.695,7.75,"Shen, Leader of the Kinkou Order [ven-138-166] Foil",,,
2026-10-05,ven-042a-166,foil,"Shen, Scourge of Shadows (Alternate Art)",VEN,Rare,0.86,,0.86,1,33.695,28.98,"Shen, Scourge of Shadows (Alternate Art) [ven-042a-166] Foil",,,
2026-10-05,ven-170-166,foil,"Shen, Scourge of Shadows (Overnumbered)",VEN,Rare,50.09,,50.09,1,33.695,1687.78,"Shen, Scourge of Shadows (Overnumbered) [ven-170-166] Foil",,,
2026-10-05,ven-042-166,foil,"Shen, Scourge of Shadows",VEN,Rare,0.09,,0.09,1,33.695,3.03,"Shen, Scourge of Shadows [ven-042-166] Foil",,,
2026-10-05,unl-158-219,foil,Shepherd's Heirloom,UNL,Common,0.31,,0.31,1,33.695,10.45,Shepherd's Heirloom [unl-158-219] Foil,,,
2026-10-05,unl-158-219,normal,Shepherd's Heirloom,UNL,Common,0.09,,0.09,1,33.695,3.03,Shepherd's Heirloom [unl-158-219] Normal,,,
2026-10-05,ogn-175-298,foil,Shipyard Skulker,OGN,Common,0.17,,0.17,1,33.695,5.73,Shipyard Skulker [ogn-175-298] Foil,,,
2026-10-05,ogn-175-298,normal,Shipyard Skulker,OGN,Common,0.07,,0.07,1,33.695,2.36,Shipyard Skulker [ogn-175-298] Normal,,,
2026-10-05,ven-059-166,foil,Shock Blast,VEN,Uncommon,0.41,,0.41,1,33.695,13.81,Shock Blast [ven-059-166] Foil,,,
2026-10-05,ven-059-166,normal,Shock Blast,VEN,Uncommon,0.13,,0.13,1,33.695,4.38,Shock Blast [ven-059-166] Normal,,,
2026-10-05,sfd-106-221,foil,Show of Strength,SFD,Uncommon,0.39,,0.39,1,33.695,13.14,Show of Strength [sfd-106-221] Foil,,,
2026-10-05,sfd-106-221,normal,Show of Strength,SFD,Uncommon,0.13,,0.13,1,33.695,4.38,Show of Strength [sfd-106-221] Normal,,,
2026-10-05,ogn-270-298,foil,Showstopper,OGN,Epic,4.01,,4.01,1,33.695,135.12,Showstopper [ogn-270-298] Foil,,,
2026-10-05,sfd-192-221,foil,Shurelya's Requiem,SFD,Epic,0.5,,0.5,1,33.695,16.85,Shurelya's Requiem [sfd-192-221] Foil,,,
2026-10-05,ven-140-166,foil,Shuriken Flip,VEN,Epic,6.93,,6.93,1,33.695,233.51,Shuriken Flip [ven-140-166] Foil,,,
2026-10-05,ogn-287-298,foil,Sigil of the Storm,OGN,Uncommon,1.57,,1.57,1,33.695,52.9,Sigil of the Storm [ogn-287-298] Foil,,,
2026-10-05,ogn-287-298,normal,Sigil of the Storm,OGN,Uncommon,0.24,,0.24,1,33.695,8.09,Sigil of the Storm [ogn-287-298] Normal,,,
2026-10-05,sfd-047-221,foil,Simian Ancestor,SFD,Uncommon,0.17,,0.17,1,33.695,5.73,Simian Ancestor [sfd-047-221] Foil,,,
2026-10-05,sfd-047-221,normal,Simian Ancestor,SFD,Uncommon,0.05,,0.05,1,33.695,1.68,Simian Ancestor [sfd-047-221] Normal,,,
2026-10-05,ogn-105-298,foil,Singularity,OGN,Uncommon,4.43,,4.43,1,33.695,149.27,Singularity [ogn-105-298] Foil,,,
2026-10-05,ogn-105-298,normal,Singularity,OGN,Uncommon,0.74,,0.74,1,33.695,24.93,Singularity [ogn-105-298] Normal,,,
2026-10-05,opp-137-219,foil,Sinister Poro,OPP,Promo,0.73,,0.73,1,33.695,24.6,Sinister Poro [opp-137-219] Foil,,,
2026-10-05,unl-137-219,foil,Sinister Poro,UNL,Uncommon,0.35,,0.35,1,33.695,11.79,Sinister Poro [unl-137-219] Foil,,,
2026-10-05,unl-137-219,normal,Sinister Poro,UNL,Uncommon,0.15,,0.15,1,33.695,5.05,Sinister Poro [unl-137-219] Normal,,,
2026-10-05,ogn-266-298,foil,Siphon Power,OGN,Epic,0.96,,0.96,1,33.695,32.35,Siphon Power [ogn-266-298] Foil,,,
2026-10-05,ven-146-166,foil,Siphoning Strike,VEN,Epic,0.73,,0.73,1,33.695,24.6,Siphoning Strike [ven-146-166] Foil,,,
2026-10-05,sfd-120a-221,foil,"Sivir, Ambitious (Alternate Art)",SFD,Showcase,1.5,,1.5,1,33.695,50.54,"Sivir, Ambitious (Alternate Art) [sfd-120a-221] Foil",,,
2026-10-05,sfd-120-221,foil,"Sivir, Ambitious",SFD,Epic,0.46,,0.46,1,33.695,15.5,"Sivir, Ambitious [sfd-120-221] Foil",,,
2026-10-05,sfd-250-221,foil,"Sivir, Battle Mistress (Overnumbered)",SFD,Showcase,55.1,,55.1,1,33.695,1856.59,"Sivir, Battle Mistress (Overnumbered) [sfd-250-221] Foil",,,
2026-10-05,sfd-203-221,foil,"Sivir, Battle Mistress",SFD,Rare,0.25,,0.25,1,33.695,8.42,"Sivir, Battle Mistress [sfd-203-221] Foil",,,
2026-10-05,sfd-143a-221,foil,"Sivir, Mercenary (Alternate Art)",SFD,Showcase,1.06,,1.06,1,33.695,35.72,"Sivir, Mercenary (Alternate Art) [sfd-143a-221] Foil",,,
2026-10-05,sfd-143-221,foil,"Sivir, Mercenary",SFD,Rare,0.2,,0.2,1,33.695,6.74,"Sivir, Mercenary [sfd-143-221] Foil",,,
2026-10-05,ven-060-166,foil,Sky Cruiser,VEN,Uncommon,0.15,,0.15,1,33.695,5.05,Sky Cruiser [ven-060-166] Foil,,,
2026-10-05,ven-060-166,normal,Sky Cruiser,VEN,Uncommon,0.06,,0.06,1,33.695,2.02,Sky Cruiser [ven-060-166] Normal,,,
2026-10-05,ogn-014-298,foil,Sky Splitter,OGN,Common,0.34,,0.34,1,33.695,11.46,Sky Splitter [ogn-014-298] Foil,,,
2026-10-05,ogn-014-298,normal,Sky Splitter,OGN,Common,0.11,,0.11,1,33.695,3.71,Sky Splitter [ogn-014-298] Normal,,,
2026-10-05,sfd-030-221,foil,Skyfall of Areion,SFD,Epic,4.44,,4.44,1,33.695,149.61,Skyfall of Areion [sfd-030-221] Foil,,,
2026-10-05,unl-038-219,foil,Skyward Strike,UNL,Common,0.23,,0.23,1,33.695,7.75,Skyward Strike [unl-038-219] Foil,,,
2026-10-05,unl-038-219,normal,Skyward Strike,UNL,Common,0.09,,0.09,1,33.695,3.03,Skyward Strike [unl-038-219] Normal,,,
2026-10-05,unl-007-219,foil,Smite,UNL,Common,0.17,,0.17,1,33.695,5.73,Smite [unl-007-219] Foil,,,
2026-10-05,unl-007-219,normal,Smite,UNL,Common,0.09,,0.09,1,33.695,3.03,Smite [unl-007-219] Normal,,,
2026-10-05,unl-083-219,foil,Smoke and Mirrors,UNL,Rare,0.6,,0.6,1,33.695,20.22,Smoke and Mirrors [unl-083-219] Foil,,,
2026-10-05,ogn-093-298,foil,Smoke Screen,OGN,Common,0.79,,0.79,1,33.695,26.62,Smoke Screen [ogn-093-298] Foil,,,
2026-10-05,ogn-093-298,normal,Smoke Screen,OGN,Common,0.14,,0.14,1,33.695,4.72,Smoke Screen [ogn-093-298] Normal,,,
2026-10-05,ogn-176-298,foil,Sneaky Deckhand,OGN,Common,0.64,,0.64,1,33.695,21.56,Sneaky Deckhand [ogn-176-298] Foil,,,
2026-10-05,ogn-176-298,normal,Sneaky Deckhand,OGN,Common,0.19,,0.19,1,33.695,6.4,Sneaky Deckhand [ogn-176-298] Normal,,,
2026-10-05,ogn-216-298,foil,Soaring Scout,OGN,Common,1.49,,1.49,1,33.695,50.21,Soaring Scout [ogn-216-298] Foil,,,
2026-10-05,ogn-216-298,normal,Soaring Scout,OGN,Common,0.15,,0.15,1,33.695,5.05,Soaring Scout [ogn-216-298] Normal,,,
2026-10-05,ogn-225-298,foil,Solari Chief,OGN,Uncommon,0.3,,0.3,1,33.695,10.11,Solari Chief [ogn-225-298] Foil,,,
2026-10-05,ogn-225-298,normal,Solari Chief,OGN,Uncommon,0.16,,0.16,1,33.695,5.39,Solari Chief [ogn-225-298] Normal,,,
2026-10-05,ogn-051-298,foil,Solari Shieldbearer,OGN,Common,0.21,,0.21,1,33.695,7.08,Solari Shieldbearer [ogn-051-298] Foil,,,
2026-10-05,ogn-051-298,normal,Solari Shieldbearer,OGN,Common,0.09,,0.09,1,33.695,3.03,Solari Shieldbearer [ogn-051-298] Normal,,,
2026-10-05,ogn-072-298,foil,Solari Shrine,OGN,Rare,0.13,,0.13,1,33.695,4.38,Solari Shrine [ogn-072-298] Foil,,,
2026-10-05,ven-122-166,foil,Solari Sunhawk,VEN,Common,0.29,,0.29,1,33.695,9.77,Solari Sunhawk [ven-122-166] Foil,,,
2026-10-05,ven-122-166,normal,Solari Sunhawk,VEN,Common,0.13,,0.13,1,33.695,4.38,Solari Sunhawk [ven-122-166] Normal,,,
2026-10-05,ogn-073-298,foil,"Sona, Harmonious",OGN,Rare,2,,2,1,33.695,67.39,"Sona, Harmonious [ogn-073-298] Foil",,,
2026-10-05,ven-sp2-006,foil,"Sona, Harmonious",VEN,Epic,26.4,,26.4,1,33.695,889.55,"Sona, Harmonious [ven-sp2-006] Foil",,,
2026-10-05,sfd-239-221,foil,"Soraka, Wanderer (Overnumbered)",SFD,Showcase,135.9,,135.9,1,33.695,4579.15,"Soraka, Wanderer (Overnumbered) [sfd-239-221] Foil",,,
2026-10-05,sfd-239*-221,foil,"Soraka, Wanderer (Signature)",SFD,Showcase,897.53,,897.53,1,33.695,30242.27,"Soraka, Wanderer (Signature) [sfd-239*-221] Foil",,,
2026-10-05,sfd-173-221,foil,"Soraka, Wanderer",SFD,Rare,0.24,,0.24,1,33.695,8.09,"Soraka, Wanderer [sfd-173-221] Foil",,,
2026-10-05,unl-159-219,foil,Soul Harvest,UNL,Common,0.16,,0.16,1,33.695,5.39,Soul Harvest [unl-159-219] Foil,,,
2026-10-05,unl-159-219,normal,Soul Harvest,UNL,Common,0.06,,0.06,1,33.695,2.02,Soul Harvest [unl-159-219] Normal,,,
2026-10-05,unl-077-219,foil,Soul Shepherd,UNL,Uncommon,0.3,,0.3,1,33.695,10.11,Soul Shepherd [unl-077-219] Foil,,,
2026-10-05,unl-077-219,normal,Soul Shepherd,UNL,Uncommon,0.16,,0.16,1,33.695,5.39,Soul Shepherd [unl-077-219] Normal,,,
2026-10-05,opp-039-219,foil,Soul Sword,OPP,Promo,0.49,,0.49,1,33.695,16.51,Soul Sword [opp-039-219] Foil,,,
2026-10-05,unl-039-219,foil,Soul Sword,UNL,Common,0.29,,0.29,1,33.695,9.77,Soul Sword [unl-039-219] Foil,,,
2026-10-05,unl-039-219,normal,Soul Sword,UNL,Common,0.13,,0.13,1,33.695,4.38,Soul Sword [unl-039-219] Normal,,,
2026-10-05,ogn-196-298,foil,Soulgorger,OGN,Rare,0.36,,0.36,1,33.695,12.13,Soulgorger [ogn-196-298] Foil,,,
2026-10-05,opp-123-166,foil,Soulspinner,OPP,Common,0.54,,0.54,1,33.695,18.2,Soulspinner [opp-123-166] Foil,,,
2026-10-05,ven-123-166,foil,Soulspinner,VEN,Common,0.18,,0.18,1,33.695,6.07,Soulspinner [ven-123-166] Foil,,,
2026-10-05,ven-123-166,normal,Soulspinner,VEN,Common,0.05,,0.05,1,33.695,1.68,Soulspinner [ven-123-166] Normal,,,
2026-10-05,unl-068-219,foil,Spectral Centaur,UNL,Common,0.18,,0.18,1,33.695,6.07,Spectral Centaur [unl-068-219] Foil,,,
2026-10-05,unl-068-219,normal,Spectral Centaur,UNL,Common,0.06,,0.06,1,33.695,2.02,Spectral Centaur [unl-068-219] Normal,,,
2026-10-05,ogn-226-298,foil,Spectral Matron,OGN,Uncommon,2.25,,2.25,1,33.695,75.81,Spectral Matron [ogn-226-298] Foil,,,
2026-10-05,ogn-226-298,normal,Spectral Matron,OGN,Uncommon,0.31,,0.31,1,33.695,10.45,Spectral Matron [ogn-226-298] Normal,,,
2026-10-05,opp-097-166,foil,Spiderling,OPP,Common,2.8,,2.8,1,33.695,94.35,Spiderling [opp-097-166] Foil,,,
2026-10-05,ven-097-166,foil,Spiderling,VEN,Common,0.5,,0.5,1,33.695,16.85,Spiderling [ven-097-166] Foil,,,
2026-10-05,ven-097-166,normal,Spiderling,VEN,Common,0.23,,0.23,1,33.695,7.75,Spiderling [ven-097-166] Normal,,,
2026-10-05,sfd-186-221,foil,Spinning Axe,SFD,Epic,1.86,,1.86,1,33.695,62.67,Spinning Axe [sfd-186-221] Foil,,,
2026-10-05,sfd-144-221,foil,Spirit Wheel,SFD,Rare,0.16,,0.16,1,33.695,5.39,Spirit Wheel [sfd-144-221] Foil,,,
2026-10-05,ogn-063-298,foil,Spirit's Refuge,OGN,Uncommon,0.45,,0.45,1,33.695,15.16,Spirit's Refuge [ogn-063-298] Foil,,,
2026-10-05,ogn-063-298,normal,Spirit's Refuge,OGN,Uncommon,0.13,,0.13,1,33.695,4.38,Spirit's Refuge [ogn-063-298] Normal,,,
2026-10-05,ogn-144-298,foil,Spoils of War,OGN,Uncommon,0.35,,0.35,1,33.695,11.79,Spoils of War [ogn-144-298] Foil,,,
2026-10-05,ogn-144-298,normal,Spoils of War,OGN,Uncommon,0.14,,0.14,1,33.695,4.72,Spoils of War [ogn-144-298] Normal,,,
2026-10-05,ogn-274-298,normal,Sprite (274) // Buff,OGN,Common,0.15,,0.15,1,33.695,5.05,Sprite (274) // Buff [ogn-274-298] Normal,,,
2026-10-05,unl-069-219,foil,Sprite Burst,UNL,Common,0.34,,0.34,1,33.695,11.46,Sprite Burst [unl-069-219] Foil,,,
2026-10-05,unl-069-219,normal,Sprite Burst,UNL,Common,0.15,,0.15,1,33.695,5.05,Sprite Burst [unl-069-219] Normal,,,
2026-10-05,ogn-094-298,foil,Sprite Call,OGN,Common,0.34,,0.34,1,33.695,11.46,Sprite Call [ogn-094-298] Foil,,,
2026-10-05,ogn-094-298,normal,Sprite Call,OGN,Common,0.18,,0.18,1,33.695,6.07,Sprite Call [ogn-094-298] Normal,,,
2026-10-05,unl-078-219,foil,Sprite Fountain,UNL,Uncommon,7.34,,7.34,1,33.695,247.32,Sprite Fountain [unl-078-219] Foil,,,
2026-10-05,unl-078-219,normal,Sprite Fountain,UNL,Uncommon,3.13,,3.13,1,33.695,105.47,Sprite Fountain [unl-078-219] Normal,,,
2026-10-05,ogn-106-298,foil,Sprite Mother,OGN,Uncommon,0.47,,0.47,1,33.695,15.84,Sprite Mother [ogn-106-298] Foil,,,
2026-10-05,ogn-106-298,normal,Sprite Mother,OGN,Uncommon,0.23,,0.23,1,33.695,7.75,Sprite Mother [ogn-106-298] Normal,,,
2026-10-05,unl-084-219,foil,Sprite Queen,UNL,Rare,0.2,,0.2,1,33.695,6.74,Sprite Queen [unl-084-219] Foil,,,
2026-10-05,unl-017-219,foil,Square Up,UNL,Uncommon,0.42,,0.42,1,33.695,14.15,Square Up [unl-017-219] Foil,,,
2026-10-05,unl-017-219,normal,Square Up,UNL,Uncommon,0.08,,0.08,1,33.695,2.7,Square Up [unl-017-219] Normal,,,
2026-10-05,ogn-183-298,foil,Stacked Deck,OGN,Uncommon,5.18,,5.18,1,33.695,174.54,Stacked Deck [ogn-183-298] Foil,,,
2026-10-05,ogn-183-298,normal,Stacked Deck,OGN,Uncommon,0.45,,0.45,1,33.695,15.16,Stacked Deck [ogn-183-298] Normal,,,
2026-10-05,opp-183-298,foil,Stacked Deck,OPP,Promo,3.31,,3.31,1,33.695,111.53,Stacked Deck [opp-183-298] Foil,,,
2026-10-05,unl-166-219,foil,Stalking Wolf,UNL,Uncommon,0.17,,0.17,1,33.695,5.73,Stalking Wolf [unl-166-219] Foil,,,
2026-10-05,unl-166-219,normal,Stalking Wolf,UNL,Uncommon,0.07,,0.07,1,33.695,2.36,Stalking Wolf [unl-166-219] Normal,,,
2026-10-05,ogn-052-298,foil,Stalwart Poro,OGN,Common,0.35,,0.35,1,33.695,11.79,Stalwart Poro [ogn-052-298] Foil,,,
2026-10-05,ogn-052-298,normal,Stalwart Poro,OGN,Common,0.13,,0.13,1,33.695,4.38,Stalwart Poro [ogn-052-298] Normal,,,
2026-10-05,opp-052-298,foil,Stalwart Poro,OPP,Promo,1.24,,1.24,1,33.695,41.78,Stalwart Poro [opp-052-298] Foil,,,
2026-10-05,ogn-053-298,foil,Stand United,OGN,Common,0.2,,0.2,1,33.695,6.74,Stand United [ogn-053-298] Foil,,,
2026-10-05,ogn-053-298,normal,Stand United,OGN,Common,0.06,,0.06,1,33.695,2.02,Stand United [ogn-053-298] Normal,,,
2026-10-05,unl-215-219,foil,Star Spring,UNL,Uncommon,0.39,,0.39,1,33.695,13.14,Star Spring [unl-215-219] Foil,,,
2026-10-05,unl-215-219,normal,Star Spring,UNL,Uncommon,0.14,,0.14,1,33.695,4.72,Star Spring [unl-215-219] Normal,,,
2026-10-05,unl-128-219,foil,Star-Crossed,UNL,Common,0.91,,0.91,1,33.695,30.66,Star-Crossed [unl-128-219] Foil,,,
2026-10-05,unl-128-219,normal,Star-Crossed,UNL,Common,0.23,,0.23,1,33.695,7.75,Star-Crossed [unl-128-219] Normal,,,
2026-10-05,opp-107-219,foil,Stare Down,OPP,Promo,0.37,,0.37,1,33.695,12.47,Stare Down [opp-107-219] Foil,,,
2026-10-05,unl-107-219,foil,Stare Down,UNL,Uncommon,0.3,,0.3,1,33.695,10.11,Stare Down [unl-107-219] Foil,,,
2026-10-05,unl-107-219,normal,Stare Down,UNL,Uncommon,0.15,,0.15,1,33.695,5.05,Stare Down [unl-107-219] Normal,,,
2026-10-05,ven-098-166,foil,Stargazer,VEN,Common,0.15,,0.15,1,33.695,5.05,Stargazer [ven-098-166] Foil,,,
2026-10-05,ven-098-166,normal,Stargazer,VEN,Common,0.05,,0.05,1,33.695,1.68,Stargazer [ven-098-166] Normal,,,
2026-10-05,unl-167-219,foil,Starhound,UNL,Uncommon,0.22,,0.22,1,33.695,7.41,Starhound [unl-167-219] Foil,,,
2026-10-05,unl-167-219,normal,Starhound,UNL,Uncommon,0.11,,0.11,1,33.695,3.71,Starhound [unl-167-219] Normal,,,
2026-10-05,ogn-288-298,foil,Startipped Peak,OGN,Uncommon,0.83,,0.83,1,33.695,27.97,Startipped Peak [ogn-288-298] Foil,,,
2026-10-05,ogn-288-298,normal,Startipped Peak,OGN,Uncommon,0.27,,0.27,1,33.695,9.1,Startipped Peak [ogn-288-298] Normal,,,
2026-10-05,ogn-177-298,foil,Stealthy Pursuer,OGN,Common,0.2,,0.2,1,33.695,6.74,Stealthy Pursuer [ogn-177-298] Foil,,,
2026-10-05,ogn-177-298,normal,Stealthy Pursuer,OGN,Common,0.07,,0.07,1,33.695,2.36,Stealthy Pursuer [ogn-177-298] Normal,,,
2026-10-05,opp-177-298,foil,Stealthy Pursuer,OPP,Promo,0.24,,0.24,1,33.695,8.09,Stealthy Pursuer [opp-177-298] Foil,,,
2026-10-05,ven-043-166,foil,Steel Paws,VEN,Rare,0.27,,0.27,1,33.695,9.1,Steel Paws [ven-043-166] Foil,,,
2026-10-05,opp-048-221,foil,Stellacorn Herder,OPP,Promo,5.36,,5.36,1,33.695,180.61,Stellacorn Herder [opp-048-221] Foil,,,
2026-10-05,sfd-048-221,foil,Stellacorn Herder,SFD,Uncommon,2.24,,2.24,1,33.695,75.48,Stellacorn Herder [sfd-048-221] Foil,,,
2026-10-05,sfd-048-221,normal,Stellacorn Herder,SFD,Uncommon,1.29,,1.29,1,33.695,43.47,Stellacorn Herder [sfd-048-221] Normal,,,
2026-10-05,sfd-056-221,foil,Sterak's Gage,SFD,Rare,0.38,,0.38,1,33.695,12.8,Sterak's Gage [sfd-056-221] Foil,,,
2026-10-05,ogn-250-298,foil,Stormbringer,OGN,Epic,1.72,,1.72,1,33.695,57.96,Stormbringer [ogn-250-298] Foil,,,
2026-10-05,ogn-137-298,foil,Stormclaw Ursine,OGN,Common,0.14,,0.14,1,33.695,4.72,Stormclaw Ursine [ogn-137-298] Foil,,,
2026-10-05,ogn-137-298,normal,Stormclaw Ursine,OGN,Common,0.04,,0.04,1,33.695,1.35,Stormclaw Ursine [ogn-137-298] Normal,,,
2026-10-05,opp-137-298,foil,Stormclaw Ursine,OPP,Promo,0.23,,0.23,1,33.695,7.75,Stormclaw Ursine [opp-137-298] Foil,,,
2026-10-05,sfd-107-221,foil,Strike Down,SFD,Uncommon,0.27,,0.27,1,33.695,9.1,Strike Down [sfd-107-221] Foil,,,
2026-10-05,sfd-107-221,normal,Strike Down,SFD,Uncommon,0.05,,0.05,1,33.695,1.68,Strike Down [sfd-107-221] Normal,,,
2026-10-05,ogn-095-298,foil,Stupefy,OGN,Common,1.05,,1.05,1,33.695,35.38,Stupefy [ogn-095-298] Foil,,,
2026-10-05,ogn-095-298,normal,Stupefy,OGN,Common,0.27,,0.27,1,33.695,9.1,Stupefy [ogn-095-298] Normal,,,
2026-10-05,sfd-017-221,foil,Sudden Storm,SFD,Uncommon,0.26,,0.26,1,33.695,8.76,Sudden Storm [sfd-017-221] Foil,,,
2026-10-05,sfd-017-221,normal,Sudden Storm,SFD,Uncommon,0.14,,0.14,1,33.695,4.72,Sudden Storm [sfd-017-221] Normal,,,
2026-10-05,unl-085-219,foil,Sumpworks Map,UNL,Rare,0.16,,0.16,1,33.695,5.39,Sumpworks Map [unl-085-219] Foil,,,
2026-10-05,ogn-021-298,foil,Sun Disc,OGN,Uncommon,0.59,,0.59,1,33.695,19.88,Sun Disc [ogn-021-298] Foil,,,
2026-10-05,ogn-021-298,normal,Sun Disc,OGN,Uncommon,0.17,,0.17,1,33.695,5.73,Sun Disc [ogn-021-298] Normal,,,
2026-10-05,sfd-218-221,foil,Sunken Temple,SFD,Uncommon,0.66,,0.66,1,33.695,22.24,Sunken Temple [sfd-218-221] Foil,,,
2026-10-05,sfd-218-221,normal,Sunken Temple,SFD,Uncommon,0.19,,0.19,1,33.695,6.4,Sunken Temple [sfd-218-221] Normal,,,
2026-10-05,ogn-054-298,foil,Sunlit Guardian,OGN,Common,0.24,,0.24,1,33.695,8.09,Sunlit Guardian [ogn-054-298] Foil,,,
2026-10-05,ogn-054-298,normal,Sunlit Guardian,OGN,Common,0.1,,0.1,1,33.695,3.37,Sunlit Guardian [ogn-054-298] Normal,,,
2026-10-05,ogn-252-298,foil,Super Mega Death Rocket!,OGN,Epic,3.27,,3.27,1,33.695,110.18,Super Mega Death Rocket! [ogn-252-298] Foil,,,
2026-10-05,jdg-059-221,foil,Svellsongur,JDG,Promo,190.12,,190.12,1,33.695,6406.09,Svellsongur [jdg-059-221] Foil,,,
2026-10-05,sfd-059-221,foil,Svellsongur,SFD,Epic,15.38,,15.38,1,33.695,518.23,Svellsongur [sfd-059-221] Foil,,,
2026-10-05,ven-173-166,foil,"Swain, Visionary (Overnumbered)",VEN,Rare,75.4,,75.4,1,33.695,2540.6,"Swain, Visionary (Overnumbered) [ven-173-166] Foil",,,
2026-10-05,opp-065-166,foil,"Swain, Visionary",OPP,Promo,4.22,,4.22,1,33.695,142.19,"Swain, Visionary [opp-065-166] Foil",,,
2026-10-05,ven-065-166,foil,"Swain, Visionary",VEN,Rare,0.21,,0.21,1,33.695,7.08,"Swain, Visionary [ven-065-166] Foil",,,
2026-10-05,sfd-145-221,foil,Switcheroo,SFD,Rare,3.22,,3.22,1,33.695,108.5,Switcheroo [sfd-145-221] Foil,,,
2026-10-05,ogn-227-298,foil,Symbol of the Solari,OGN,Uncommon,0.3,,0.3,1,33.695,10.11,Symbol of the Solari [ogn-227-298] Foil,,,
2026-10-05,ogn-227-298,normal,Symbol of the Solari,OGN,Uncommon,0.12,,0.12,1,33.695,4.04,Symbol of the Solari [ogn-227-298] Normal,,,
2026-10-05,unl-146-219,foil,"Syndra, Transcendent",UNL,Rare,0.24,,0.24,1,33.695,8.09,"Syndra, Transcendent [unl-146-219] Foil",,,
2026-10-05,unl-175-219,foil,Tactical Retreat,UNL,Rare,0.24,,0.24,1,33.695,8.09,Tactical Retreat [unl-175-219] Foil,,,
2026-10-05,ven-104-166,foil,Tail-Cloaked Matriarch,VEN,Uncommon,0.46,,0.46,1,33.695,15.5,Tail-Cloaked Matriarch [ven-104-166] Foil,,,
2026-10-05,ven-104-166,normal,Tail-Cloaked Matriarch,VEN,Uncommon,0.15,,0.15,1,33.695,5.05,Tail-Cloaked Matriarch [ven-104-166] Normal,,,
2026-10-05,ogn-289-298,foil,Targon's Peak,OGN,Uncommon,3.58,,3.58,1,33.695,120.63,Targon's Peak [ogn-289-298] Foil,,,
2026-10-05,ogn-289-298,normal,Targon's Peak,OGN,Uncommon,0.3,,0.3,1,33.695,10.11,Targon's Peak [ogn-289-298] Normal,,,
2026-10-05,unl-098-219,foil,Targonian Visionary,UNL,Common,0.11,,0.11,1,33.695,3.71,Targonian Visionary [unl-098-219] Foil,,,
2026-10-05,unl-098-219,normal,Targonian Visionary,UNL,Common,0.06,,0.06,1,33.695,2.02,Targonian Visionary [unl-098-219] Normal,,,
2026-10-05,ogn-074-298,foil,"Taric, Protector",OGN,Rare,0.26,,0.26,1,33.695,8.76,"Taric, Protector [ogn-074-298] Foil",,,
2026-10-05,ogn-075-298,foil,Tasty Faefolk,OGN,Rare,0.55,,0.55,1,33.695,18.53,Tasty Faefolk [ogn-075-298] Foil,,,
2026-10-05,ogn-197a-298,foil,"Teemo, Scout (Alternate Art)",OGN,Showcase,12.55,,12.55,1,33.695,422.87,"Teemo, Scout (Alternate Art) [ogn-197a-298] Foil",,,
2026-10-05,opp-197b-298,foil,"Teemo, Scout (GG EZ)",OPP,Promo,1430.38,,1430.38,1,33.695,48196.65,"Teemo, Scout (GG EZ) [opp-197b-298] Foil",,,
2026-10-05,ogn-197-298,foil,"Teemo, Scout",OGN,Rare,0.51,,0.51,1,33.695,17.18,"Teemo, Scout [ogn-197-298] Foil",,,
2026-10-05,pr-197-298,normal,"Teemo, Scout",PR,Promo,8.99,,8.99,1,33.695,302.92,"Teemo, Scout [pr-197-298] Normal",,,
2026-10-05,ogn-121a-298,foil,"Teemo, Strategist (Alternate Art)",OGN,Showcase,6.35,,6.35,1,33.695,213.96,"Teemo, Strategist (Alternate Art) [ogn-121a-298] Foil",,,
2026-10-05,sfd-230-221,foil,"Teemo, Strategist (Overnumbered)",SFD,Showcase,147.05,,147.05,1,33.695,4954.85,"Teemo, Strategist (Overnumbered) [sfd-230-221] Foil",,,
2026-10-05,sfd-230*-221,foil,"Teemo, Strategist (Signature)",SFD,Showcase,747.54,,747.54,1,33.695,25188.36,"Teemo, Strategist (Signature) [sfd-230*-221] Foil",,,
2026-10-05,ogn-121-298,foil,"Teemo, Strategist",OGN,Epic,3.39,,3.39,1,33.695,114.23,"Teemo, Strategist [ogn-121-298] Foil",,,
2026-10-05,pr-263a-298,foil,"Teemo, Swift Scout (Alternate Art)",PR,Promo,690.85,,690.85,1,33.695,23278.19,"Teemo, Swift Scout (Alternate Art) [pr-263a-298] Foil",,,
2026-10-05,ogn-307-298,foil,"Teemo, Swift Scout (Overnumbered)",OGN,Showcase,151.79,,151.79,1,33.695,5114.56,"Teemo, Swift Scout (Overnumbered) [ogn-307-298] Foil",,,
2026-10-05,ogn-307*-298,foil,"Teemo, Swift Scout (Signature)",OGN,Showcase,1055.43,,1055.43,1,33.695,35562.71,"Teemo, Swift Scout (Signature) [ogn-307*-298] Foil",,,
2026-10-05,ogn-263-298,foil,"Teemo, Swift Scout",OGN,Rare,0.35,,0.35,1,33.695,11.79,"Teemo, Swift Scout [ogn-263-298] Foil",,,
2026-10-05,opp-263-298,foil,"Teemo, Swift Scout",OPP,Promo,59.18,,59.18,1,33.695,1994.07,"Teemo, Swift Scout [opp-263-298] Foil",,,
2026-10-05,ven-066-166,foil,Temporal Breach,VEN,Rare,0.36,,0.36,1,33.695,12.13,Temporal Breach [ven-066-166] Foil,,,
2026-10-05,sfd-078-221,foil,Temporal Portal,SFD,Uncommon,0.22,,0.22,1,33.695,7.41,Temporal Portal [sfd-078-221] Foil,,,
2026-10-05,sfd-078-221,normal,Temporal Portal,SFD,Uncommon,0.09,,0.09,1,33.695,3.03,Temporal Portal [sfd-078-221] Normal,,,
2026-10-05,sfd-129-221,foil,Temptation,SFD,Common,0.17,,0.17,1,33.695,5.73,Temptation [sfd-129-221] Foil,,,
2026-10-05,sfd-129-221,normal,Temptation,SFD,Common,0.06,,0.06,1,33.695,2.02,Temptation [sfd-129-221] Normal,,,
2026-10-05,unl-216-219,foil,The Academy,UNL,Uncommon,0.23,,0.23,1,33.695,7.75,The Academy [unl-216-219] Foil,,,
2026-10-05,unl-216-219,normal,The Academy,UNL,Uncommon,0.06,,0.06,1,33.695,2.02,The Academy [unl-216-219] Normal,,,
2026-10-05,ogn-290-298,foil,The Arena's Greatest,OGN,Uncommon,0.95,,0.95,1,33.695,32.01,The Arena's Greatest [ogn-290-298] Foil,,,
2026-10-05,ogn-290-298,normal,The Arena's Greatest,OGN,Uncommon,0.23,,0.23,1,33.695,7.75,The Arena's Greatest [ogn-290-298] Normal,,,
2026-10-05,ogn-291-298,foil,The Candlelit Sanctum,OGN,Uncommon,0.88,,0.88,1,33.695,29.65,The Candlelit Sanctum [ogn-291-298] Foil,,,
2026-10-05,ogn-291-298,normal,The Candlelit Sanctum,OGN,Uncommon,0.24,,0.24,1,33.695,8.09,The Candlelit Sanctum [ogn-291-298] Normal,,,
2026-10-05,ogn-292-298,foil,The Dreaming Tree,OGN,Uncommon,0.65,,0.65,1,33.695,21.9,The Dreaming Tree [ogn-292-298] Foil,,,
2026-10-05,ogn-292-298,normal,The Dreaming Tree,OGN,Uncommon,0.18,,0.18,1,33.695,6.07,The Dreaming Tree [ogn-292-298] Normal,,,
2026-10-05,ogn-293-298,foil,The Grand Plaza,OGN,Uncommon,0.32,,0.32,1,33.695,10.78,The Grand Plaza [ogn-293-298] Foil,,,
2026-10-05,ogn-293-298,normal,The Grand Plaza,OGN,Uncommon,0.12,,0.12,1,33.695,4.04,The Grand Plaza [ogn-293-298] Normal,,,
2026-10-05,pr-293a-298,foil,The Grand Plaza,PR,Promo,35.78,,35.78,1,33.695,1205.61,The Grand Plaza [pr-293a-298] Foil,,,
2026-10-05,ogn-198-298,foil,The Harrowing,OGN,Rare,0.66,,0.66,1,33.695,22.24,The Harrowing [ogn-198-298] Foil,,,
2026-10-05,unl-138-219,foil,The List,UNL,Uncommon,0.8,,0.8,1,33.695,26.96,The List [unl-138-219] Foil,,,
2026-10-05,unl-138-219,normal,The List,UNL,Uncommon,0.19,,0.19,1,33.695,6.4,The List [unl-138-219] Normal,,,
2026-10-05,sfd-219-221,foil,The Papertree,SFD,Uncommon,0.39,,0.39,1,33.695,13.14,The Papertree [sfd-219-221] Foil,,,
2026-10-05,sfd-219-221,normal,The Papertree,SFD,Uncommon,0.1,,0.1,1,33.695,3.37,The Papertree [sfd-219-221] Normal,,,
2026-10-05,unl-180-219,foil,The Ruination,UNL,Epic,7.42,,7.42,1,33.695,250.02,The Ruination [unl-180-219] Foil,,,
2026-10-05,ogn-184-298,foil,The Syren,OGN,Uncommon,0.59,,0.59,1,33.695,19.88,The Syren [ogn-184-298] Foil,,,
2026-10-05,ogn-184-298,normal,The Syren,OGN,Uncommon,0.17,,0.17,1,33.695,5.73,The Syren [ogn-184-298] Normal,,,
2026-10-05,sfd-090-221,foil,The Zero Drive,SFD,Epic,7.78,,7.78,1,33.695,262.15,The Zero Drive [sfd-090-221] Foil,,,
2026-10-05,ogn-022-298,foil,Thermo Beam,OGN,Uncommon,2.31,,2.31,1,33.695,77.84,Thermo Beam [ogn-022-298] Foil,,,
2026-10-05,ogn-022-298,normal,Thermo Beam,OGN,Uncommon,0.34,,0.34,1,33.695,11.46,Thermo Beam [ogn-022-298] Normal,,,
2026-10-05,ogn-116-298,foil,Thousand-Tailed Watcher,OGN,Rare,19.16,,19.16,1,33.695,645.6,Thousand-Tailed Watcher [ogn-116-298] Foil,,,
2026-10-05,ven-166-166,foil,Threshold of the Gray,VEN,Uncommon,0.29,,0.29,1,33.695,9.77,Threshold of the Gray [ven-166-166] Foil,,,
2026-10-05,ven-166-166,normal,Threshold of the Gray,VEN,Uncommon,0.07,,0.07,1,33.695,2.36,Threshold of the Gray [ven-166-166] Normal,,,
2026-10-05,unl-184-219,foil,Thrill of the Hunt,UNL,Epic,9.46,,9.46,1,33.695,318.75,Thrill of the Hunt [unl-184-219] Foil,,,
2026-10-05,sfd-040-221,foil,Thwonk!,SFD,Common,0.26,,0.26,1,33.695,8.76,Thwonk! [sfd-040-221] Foil,,,
2026-10-05,sfd-040-221,normal,Thwonk!,SFD,Common,0.08,,0.08,1,33.695,2.7,Thwonk! [sfd-040-221] Normal,,,
2026-10-05,sfd-060-221,foil,Tianna Crownguard,SFD,Epic,2.44,,2.44,1,33.695,82.22,Tianna Crownguard [sfd-060-221] Foil,,,
2026-10-05,ogs-018-024,normal,Tibbers,OGS,Epic,0.63,,0.63,1,33.695,21.23,Tibbers [ogs-018-024] Normal,,,
2026-10-05,opp-018-024,foil,Tibbers,OPP,Promo,5.52,,5.52,1,33.695,186,Tibbers [opp-018-024] Foil,,,
2026-10-05,ogn-199-298,foil,Tideturner,OGN,Rare,2.57,,2.57,1,33.695,86.6,Tideturner [ogn-199-298] Foil,,,
2026-10-05,ogn-122-298,foil,Time Warp,OGN,Epic,44.98,,44.98,1,33.695,1515.6,Time Warp [ogn-122-298] Foil,,,
2026-10-05,opp-037-166,foil,Tomb-Raider Barbara,OPP,Uncommon,1.47,,1.47,1,33.695,49.53,Tomb-Raider Barbara [opp-037-166] Foil,,,
2026-10-05,ven-037-166,foil,Tomb-Raider Barbara,VEN,Uncommon,0.37,,0.37,1,33.695,12.47,Tomb-Raider Barbara [ven-037-166] Foil,,,
2026-10-05,ven-037-166,normal,Tomb-Raider Barbara,VEN,Uncommon,0.12,,0.12,1,33.695,4.04,Tomb-Raider Barbara [ven-037-166] Normal,,,
2026-10-05,ven-077-166,foil,Tools of Empire,VEN,Common,0.23,,0.23,1,33.695,7.75,Tools of Empire [ven-077-166] Foil,,,
2026-10-05,ven-077-166,normal,Tools of Empire,VEN,Common,0.06,,0.06,1,33.695,2.02,Tools of Empire [ven-077-166] Normal,,,
2026-10-05,opp-099-166,foil,Tornado Warrior,OPP,Common,0.65,,0.65,1,33.695,21.9,Tornado Warrior [opp-099-166] Foil,,,
2026-10-05,ven-099-166,foil,Tornado Warrior,VEN,Common,0.29,,0.29,1,33.695,9.77,Tornado Warrior [ven-099-166] Foil,,,
2026-10-05,ven-099-166,normal,Tornado Warrior,VEN,Common,0.1,,0.1,1,33.695,3.37,Tornado Warrior [ven-099-166] Normal,,,
2026-10-05,unl-099-219,foil,Towering Combatant,UNL,Common,0.16,,0.16,1,33.695,5.39,Towering Combatant [unl-099-219] Foil,,,
2026-10-05,unl-099-219,normal,Towering Combatant,UNL,Common,0.05,,0.05,1,33.695,1.68,Towering Combatant [unl-099-219] Normal,,,
2026-10-05,unl-008-219,foil,Towering Pairofant,UNL,Common,0.08,,0.08,1,33.695,2.7,Towering Pairofant [unl-008-219] Foil,,,
2026-10-05,unl-008-219,normal,Towering Pairofant,UNL,Common,0.04,,0.04,1,33.695,1.35,Towering Pairofant [unl-008-219] Normal,,,
2026-10-05,unl-217-219,foil,Trapping Grounds,UNL,Uncommon,0.17,,0.17,1,33.695,5.73,Trapping Grounds [unl-217-219] Foil,,,
2026-10-05,unl-217-219,normal,Trapping Grounds,UNL,Uncommon,0.06,,0.06,1,33.695,2.02,Trapping Grounds [unl-217-219] Normal,,,
2026-10-05,ogn-185-298,foil,Traveling Merchant,OGN,Uncommon,4.11,,4.11,1,33.695,138.49,Traveling Merchant [ogn-185-298] Foil,,,
2026-10-05,ogn-185-298,normal,Traveling Merchant,OGN,Uncommon,0.24,,0.24,1,33.695,8.09,Traveling Merchant [ogn-185-298] Normal,,,
2026-10-05,sfd-220-221,foil,Treasure Hoard,SFD,Uncommon,0.37,,0.37,1,33.695,12.47,Treasure Hoard [sfd-220-221] Foil,,,
2026-10-05,sfd-220-221,normal,Treasure Hoard,SFD,Uncommon,0.11,,0.11,1,33.695,3.71,Treasure Hoard [sfd-220-221] Normal,,,
2026-10-05,opp-130-221,foil,Treasure Hunter,OPP,Promo,1.16,,1.16,1,33.695,39.09,Treasure Hunter [opp-130-221] Foil,,,
2026-10-05,sfd-130-221,foil,Treasure Hunter,SFD,Common,0.39,,0.39,1,33.695,13.14,Treasure Hunter [sfd-130-221] Foil,,,
2026-10-05,sfd-130-221,normal,Treasure Hunter,SFD,Common,0.14,,0.14,1,33.695,4.72,Treasure Hunter [sfd-130-221] Normal,,,
2026-10-05,ogn-186-298,foil,Treasure Trove,OGN,Uncommon,3.64,,3.64,1,33.695,122.65,Treasure Trove [ogn-186-298] Foil,,,
2026-10-05,ogn-186-298,normal,Treasure Trove,OGN,Uncommon,0.51,,0.51,1,33.695,17.18,Treasure Trove [ogn-186-298] Normal,,,
2026-10-05,unl-048-219,foil,Trevor Snoozebottom,UNL,Uncommon,0.21,,0.21,1,33.695,7.08,Trevor Snoozebottom [unl-048-219] Foil,,,
2026-10-05,unl-048-219,normal,Trevor Snoozebottom,UNL,Uncommon,0.11,,0.11,1,33.695,3.71,Trevor Snoozebottom [unl-048-219] Normal,,,
2026-10-05,unl-054-219,foil,Tricksy Tentacles,UNL,Rare,0.19,,0.19,1,33.695,6.4,Tricksy Tentacles [unl-054-219] Foil,,,
2026-10-05,ogn-217-298,foil,Trifarian Gloryseeker,OGN,Common,0.21,,0.21,1,33.695,7.08,Trifarian Gloryseeker [ogn-217-298] Foil,,,
2026-10-05,ogn-217-298,normal,Trifarian Gloryseeker,OGN,Common,0.04,,0.04,1,33.695,1.35,Trifarian Gloryseeker [ogn-217-298] Normal,,,
2026-10-05,ogn-294-298,foil,Trifarian War Camp,OGN,Uncommon,1.37,,1.37,1,33.695,46.16,Trifarian War Camp [ogn-294-298] Foil,,,
2026-10-05,ogn-294-298,normal,Trifarian War Camp,OGN,Uncommon,0.32,,0.32,1,33.695,10.78,Trifarian War Camp [ogn-294-298] Normal,,,
2026-10-05,sfd-115-221,foil,Trinity Force,SFD,Rare,0.29,,0.29,1,33.695,9.77,Trinity Force [sfd-115-221] Foil,,,
2026-10-05,sfd-174-221,foil,Trove Golem,SFD,Rare,0.18,,0.18,1,33.695,6.07,Trove Golem [sfd-174-221] Foil,,,
2026-10-05,sfd-159-221,foil,Trusty Ramhound,SFD,Common,0.21,,0.21,1,33.695,7.08,Trusty Ramhound [sfd-159-221] Foil,,,
2026-10-05,sfd-159-221,normal,Trusty Ramhound,SFD,Common,0.07,,0.07,1,33.695,2.36,Trusty Ramhound [sfd-159-221] Normal,,,
2026-10-05,ogn-034-298,foil,"Tryndamere, Barbarian",OGN,Rare,0.22,,0.22,1,33.695,7.41,"Tryndamere, Barbarian [ogn-034-298] Foil",,,
2026-10-05,opp-034-298,foil,"Tryndamere, Barbarian",OPP,Promo,1.9,,1.9,1,33.695,64.02,"Tryndamere, Barbarian [opp-034-298] Foil",,,
2026-10-05,unl-070-219,foil,Turn to Dust,UNL,Common,0.89,,0.89,1,33.695,29.99,Turn to Dust [unl-070-219] Foil,,,
2026-10-05,unl-070-219,normal,Turn to Dust,UNL,Common,0.16,,0.16,1,33.695,5.39,Turn to Dust [unl-070-219] Normal,,,
2026-10-05,ven-020-166,foil,Twilight Reveler,VEN,Rare,0.17,,0.17,1,33.695,5.73,Twilight Reveler [ven-020-166] Foil,,,
2026-10-05,ven-031-166,foil,Twilight Shroud,VEN,Common,0.31,,0.31,1,33.695,10.45,Twilight Shroud [ven-031-166] Foil,,,
2026-10-05,ven-031-166,normal,Twilight Shroud,VEN,Common,0.16,,0.16,1,33.695,5.39,Twilight Shroud [ven-031-166] Normal,,,
2026-10-05,ven-105-166,foil,Twilight Step,VEN,Uncommon,0.31,,0.31,1,33.695,10.45,Twilight Step [ven-105-166] Foil,,,
2026-10-05,ven-105-166,normal,Twilight Step,VEN,Uncommon,0.1,,0.1,1,33.695,3.37,Twilight Step [ven-105-166] Normal,,,
2026-10-05,ogn-200-298,foil,"Twisted Fate, Gambler",OGN,Rare,0.33,,0.33,1,33.695,11.12,"Twisted Fate, Gambler [ogn-200-298] Foil",,,
2026-10-05,ogn-157-298,foil,"Udyr, Wildman",OGN,Rare,0.27,,0.27,1,33.695,9.1,"Udyr, Wildman [ogn-157-298] Foil",,,
2026-10-05,opp-160-219,foil,Ultrasoft Poro,OPP,Promo,1.36,,1.36,1,33.695,45.83,Ultrasoft Poro [opp-160-219] Foil,,,
2026-10-05,sgn-003-003,foil,Ultrasoft Poro,SGN,Promo,125.24,,125.24,1,33.695,4219.96,Ultrasoft Poro [sgn-003-003] Foil,,,
2026-10-05,unl-160-219,foil,Ultrasoft Poro,UNL,Common,0.25,,0.25,1,33.695,8.42,Ultrasoft Poro [unl-160-219] Foil,,,
2026-10-05,unl-160-219,normal,Ultrasoft Poro,UNL,Common,0.1,,0.1,1,33.695,3.37,Ultrasoft Poro [unl-160-219] Normal,,,
2026-10-05,ogn-123-298,foil,Unchecked Power,OGN,Epic,25.25,,25.25,1,33.695,850.8,Unchecked Power [ogn-123-298] Foil,,,
2026-10-05,ogn-178-298,foil,Undercover Agent,OGN,Common,0.13,,0.13,1,33.695,4.38,Undercover Agent [ogn-178-298] Foil,,,
2026-10-05,ogn-178-298,normal,Undercover Agent,OGN,Common,0.04,,0.04,1,33.695,1.35,Undercover Agent [ogn-178-298] Normal,,,
2026-10-05,sfd-175-221,foil,Undertitan,SFD,Rare,0.29,,0.29,1,33.695,9.77,Undertitan [sfd-175-221] Foil,,,
2026-10-05,unl-025-219,foil,Undying Legion,UNL,Rare,0.12,,0.12,1,33.695,4.04,Undying Legion [unl-025-219] Foil,,,
2026-10-05,opp-168-219,foil,Undying Loyalty,OPP,Promo,0.22,,0.22,1,33.695,7.41,Undying Loyalty [opp-168-219] Foil,,,
2026-10-05,unl-168-219,foil,Undying Loyalty,UNL,Uncommon,0.35,,0.35,1,33.695,11.79,Undying Loyalty [unl-168-219] Foil,,,
2026-10-05,unl-168-219,normal,Undying Loyalty,UNL,Uncommon,0.13,,0.13,1,33.695,4.38,Undying Loyalty [unl-168-219] Normal,,,
2026-10-05,ogn-023-298,foil,Unlicensed Armory,OGN,Uncommon,0.28,,0.28,1,33.695,9.43,Unlicensed Armory [ogn-023-298] Foil,,,
2026-10-05,ogn-023-298,normal,Unlicensed Armory,OGN,Uncommon,0.14,,0.14,1,33.695,4.72,Unlicensed Armory [ogn-023-298] Normal,,,
2026-10-05,opp-167-221,foil,Unsung Hero,OPP,Promo,0.38,,0.38,1,33.695,12.8,Unsung Hero [opp-167-221] Foil,,,
2026-10-05,sfd-167-221,foil,Unsung Hero,SFD,Uncommon,0.36,,0.36,1,33.695,12.13,Unsung Hero [sfd-167-221] Foil,,,
2026-10-05,sfd-167-221,normal,Unsung Hero,SFD,Uncommon,0.13,,0.13,1,33.695,4.38,Unsung Hero [sfd-167-221] Normal,,,
2026-10-05,ogn-145-298,foil,Unyielding Spirit,OGN,Uncommon,2.22,,2.22,1,33.695,74.8,Unyielding Spirit [ogn-145-298] Foil,,,
2026-10-05,ogn-145-298,normal,Unyielding Spirit,OGN,Uncommon,0.51,,0.51,1,33.695,17.18,Unyielding Spirit [ogn-145-298] Normal,,,
2026-10-05,ven-100-166,foil,Up from the Deep,VEN,Common,0.52,,0.52,1,33.695,17.52,Up from the Deep [ven-100-166] Foil,,,
2026-10-05,ven-100-166,normal,Up from the Deep,VEN,Common,0.14,,0.14,1,33.695,4.72,Up from the Deep [ven-100-166] Normal,,,
2026-10-05,opp-009-219,foil,Upstage Comedy,OPP,Promo,0.36,,0.36,1,33.695,12.13,Upstage Comedy [opp-009-219] Foil,,,
2026-10-05,unl-009-219,foil,Upstage Comedy,UNL,Common,0.26,,0.26,1,33.695,8.76,Upstage Comedy [unl-009-219] Foil,,,
2026-10-05,unl-009-219,normal,Upstage Comedy,UNL,Common,0.07,,0.07,1,33.695,2.36,Upstage Comedy [unl-009-219] Normal,,,
2026-10-05,unl-218-219,foil,Valley of Idols,UNL,Uncommon,0.23,,0.23,1,33.695,7.75,Valley of Idols [unl-218-219] Foil,,,
2026-10-05,unl-218-219,normal,Valley of Idols,UNL,Uncommon,0.1,,0.1,1,33.695,3.37,Valley of Idols [unl-218-219] Normal,,,
2026-10-05,sfd-168-221,foil,Vanguard Armory,SFD,Uncommon,0.92,,0.92,1,33.695,31,Vanguard Armory [sfd-168-221] Foil,,,
2026-10-05,sfd-168-221,normal,Vanguard Armory,SFD,Uncommon,0.21,,0.21,1,33.695,7.08,Vanguard Armory [sfd-168-221] Normal,,,
2026-10-05,ogs-016-024,normal,Vanguard Attendant,OGS,Common,0.23,,0.23,1,33.695,7.75,Vanguard Attendant [ogs-016-024] Normal,,,
2026-10-05,ogn-218-298,foil,Vanguard Captain,OGN,Common,0.34,,0.34,1,33.695,11.46,Vanguard Captain [ogn-218-298] Foil,,,
2026-10-05,ogn-218-298,normal,Vanguard Captain,OGN,Common,0.17,,0.17,1,33.695,5.73,Vanguard Captain [ogn-218-298] Normal,,,
2026-10-05,opp-218-298,foil,Vanguard Captain,OPP,Promo,0.43,,0.43,1,33.695,14.49,Vanguard Captain [opp-218-298] Foil,,,
2026-10-05,ogn-228-298,foil,Vanguard Helm,OGN,Uncommon,0.26,,0.26,1,33.695,8.76,Vanguard Helm [ogn-228-298] Foil,,,
2026-10-05,ogn-228-298,normal,Vanguard Helm,OGN,Uncommon,0.13,,0.13,1,33.695,4.38,Vanguard Helm [ogn-228-298] Normal,,,
2026-10-05,ogn-219-298,foil,Vanguard Sergeant,OGN,Common,0.16,,0.16,1,33.695,5.39,Vanguard Sergeant [ogn-219-298] Foil,,,
2026-10-05,ogn-219-298,normal,Vanguard Sergeant,OGN,Common,0.03,,0.03,1,33.695,1.01,Vanguard Sergeant [ogn-219-298] Normal,,,
2026-10-05,unl-010-219,foil,Vault Breaker,UNL,Common,0.21,,0.21,1,33.695,7.08,Vault Breaker [unl-010-219] Foil,,,
2026-10-05,unl-010-219,normal,Vault Breaker,UNL,Common,0.1,,0.1,1,33.695,3.37,Vault Breaker [unl-010-219] Normal,,,
2026-10-05,unl-219-219,foil,Vaults of Helia,UNL,Uncommon,0.25,,0.25,1,33.695,8.42,Vaults of Helia [unl-219-219] Foil,,,
2026-10-05,unl-219-219,normal,Vaults of Helia,UNL,Uncommon,0.07,,0.07,1,33.695,2.36,Vaults of Helia [unl-219-219] Normal,,,
2026-10-05,sfd-223-221,foil,"Vayne, Hunter (Overnumbered)",SFD,Showcase,204.34,,204.34,1,33.695,6885.24,"Vayne, Hunter (Overnumbered) [sfd-223-221] Foil",,,
2026-10-05,sfd-223*-221,foil,"Vayne, Hunter (Signature)",SFD,Showcase,1224.22,,1224.22,1,33.695,41250.09,"Vayne, Hunter (Signature) [sfd-223*-221] Foil",,,
2026-10-05,ogn-035-298,foil,"Vayne, Hunter",OGN,Rare,0.55,,0.55,1,33.695,18.53,"Vayne, Hunter [ogn-035-298] Foil",,,
2026-10-05,sfd-221-221,foil,Veiled Temple,SFD,Uncommon,0.41,,0.41,1,33.695,13.81,Veiled Temple [sfd-221-221] Foil,,,
2026-10-05,sfd-221-221,normal,Veiled Temple,SFD,Uncommon,0.11,,0.11,1,33.695,3.71,Veiled Temple [sfd-221-221] Normal,,,
2026-10-05,ogn-229-298,foil,Vengeance,OGN,Uncommon,0.57,,0.57,1,33.695,19.21,Vengeance [ogn-229-298] Foil,,,
2026-10-05,ogn-229-298,normal,Vengeance,OGN,Uncommon,0.18,,0.18,1,33.695,6.07,Vengeance [ogn-229-298] Normal,,,
2026-10-05,opp-229-298,foil,Vengeance,OPP,Promo,0.32,,0.32,1,33.695,10.78,Vengeance [opp-229-298] Foil,,,
2026-10-05,unl-223-219,foil,Veteran Poro (Overnumbered),UNL,Common,176.95,,176.95,1,33.695,5962.33,Veteran Poro (Overnumbered) [unl-223-219] Foil,,,
2026-10-05,sfd-099-221,foil,Veteran Poro,SFD,Common,0.24,,0.24,1,33.695,8.09,Veteran Poro [sfd-099-221] Foil,,,
2026-10-05,sfd-099-221,normal,Veteran Poro,SFD,Common,0.06,,0.06,1,33.695,2.02,Veteran Poro [sfd-099-221] Normal,,,
2026-10-05,unl-150a-219,foil,"Vex, Apathetic (Alternate Art)",UNL,Epic,26.06,,26.06,1,33.695,878.09,"Vex, Apathetic (Alternate Art) [unl-150a-219] Foil",,,
2026-10-05,unl-150-219,foil,"Vex, Apathetic",UNL,Epic,14.63,,14.63,1,33.695,492.96,"Vex, Apathetic [unl-150-219] Foil",,,
2026-10-05,sfd-146-221,foil,"Vex, Cheerless",SFD,Rare,0.26,,0.26,1,33.695,8.76,"Vex, Cheerless [sfd-146-221] Foil",,,
2026-10-05,unl-232-219,foil,"Vex, Gloomist (Overnumbered)",UNL,Rare,139.7,,139.7,1,33.695,4707.19,"Vex, Gloomist (Overnumbered) [unl-232-219] Foil",,,
2026-10-05,unl-232*-219,foil,"Vex, Gloomist (Signature)",UNL,Rare,637.03,,637.03,1,33.695,21464.73,"Vex, Gloomist (Signature) [unl-232*-219] Foil",,,
2026-10-05,unl-193-219,foil,"Vex, Gloomist",UNL,Rare,0.17,,0.17,1,33.695,5.73,"Vex, Gloomist [unl-193-219] Foil",,,
2026-10-05,unl-055a-219,foil,"Vex, Mocking (Alternate Art)",UNL,Rare,2.38,,2.38,1,33.695,80.19,"Vex, Mocking (Alternate Art) [unl-055a-219] Foil",,,
2026-10-05,unl-055-219,foil,"Vex, Mocking",UNL,Rare,0.21,,0.21,1,33.695,7.08,"Vex, Mocking [unl-055-219] Foil",,,
2026-10-05,ven-167-166,foil,"Vi, Destructive (Overnumbered)",VEN,Rare,101.34,,101.34,1,33.695,3414.65,"Vi, Destructive (Overnumbered) [ven-167-166] Foil",,,
2026-10-05,ogn-036-298,foil,"Vi, Destructive",OGN,Rare,0.34,,0.34,1,33.695,11.46,"Vi, Destructive [ogn-036-298] Foil",,,
2026-10-05,pr-036a-298,foil,"Vi, Destructive",PR,Promo,93.81,,93.81,1,33.695,3160.93,"Vi, Destructive [pr-036a-298] Foil",,,
2026-10-05,unl-030a-219,foil,"Vi, Hotheaded (Alternate Art)",UNL,Epic,4.81,,4.81,1,33.695,162.07,"Vi, Hotheaded (Alternate Art) [unl-030a-219] Foil",,,
2026-10-05,unl-030-219,foil,"Vi, Hotheaded",UNL,Epic,0.28,,0.28,1,33.695,9.43,"Vi, Hotheaded [unl-030-219] Foil",,,
2026-10-05,unl-176a-219,foil,"Vi, Peacekeeper (Alternate Art)",UNL,Rare,14.41,,14.41,1,33.695,485.54,"Vi, Peacekeeper (Alternate Art) [unl-176a-219] Foil",,,
2026-10-05,unl-176-219,foil,"Vi, Peacekeeper",UNL,Rare,3.7,,3.7,1,33.695,124.67,"Vi, Peacekeeper [unl-176-219] Foil",,,
2026-10-05,unl-229-219,foil,"Vi, Piltover Enforcer (Overnumbered)",UNL,Rare,92.43,,92.43,1,33.695,3114.43,"Vi, Piltover Enforcer (Overnumbered) [unl-229-219] Foil",,,
2026-10-05,unl-229*-219,foil,"Vi, Piltover Enforcer (Signature)",UNL,Rare,629.15,,629.15,1,33.695,21199.21,"Vi, Piltover Enforcer (Signature) [unl-229*-219] Foil",,,
2026-10-05,unl-187-219,foil,"Vi, Piltover Enforcer",UNL,Rare,0.15,,0.15,1,33.695,5.05,"Vi, Piltover Enforcer [unl-187-219] Foil",,,
2026-10-05,unl-129-219,foil,Vicious Snapjaws,UNL,Common,0.18,,0.18,1,33.695,6.07,Vicious Snapjaws [unl-129-219] Foil,,,
2026-10-05,unl-129-219,normal,Vicious Snapjaws,UNL,Common,0.04,,0.04,1,33.695,1.35,Vicious Snapjaws [unl-129-219] Normal,,,
2026-10-05,ogn-308-298,foil,"Viktor, Herald of the Arcane (Overnumbered)",OGN,Showcase,104.91,,104.91,1,33.695,3534.94,"Viktor, Herald of the Arcane (Overnumbered) [ogn-308-298] Foil",,,
2026-10-05,ogn-308*-298,foil,"Viktor, Herald of the Arcane (Signature)",OGN,Showcase,686.3,,686.3,1,33.695,23124.88,"Viktor, Herald of the Arcane (Signature) [ogn-308*-298] Foil",,,
2026-10-05,ogn-265-298,foil,"Viktor, Herald of the Arcane",OGN,Rare,0.3,,0.3,1,33.695,10.11,"Viktor, Herald of the Arcane [ogn-265-298] Foil",,,
2026-10-05,opp-265-298,foil,"Viktor, Herald of the Arcane",OPP,Promo,40.79,,40.79,1,33.695,1374.42,"Viktor, Herald of the Arcane [opp-265-298] Foil",,,
2026-10-05,ogn-117a-298,foil,"Viktor, Innovator (Alternate Art)",OGN,Showcase,1.19,,1.19,1,33.695,40.1,"Viktor, Innovator (Alternate Art) [ogn-117a-298] Foil",,,
2026-10-05,ven-176-166,foil,"Viktor, Innovator (Overnumbered)",VEN,Rare,78.86,,78.86,1,33.695,2657.19,"Viktor, Innovator (Overnumbered) [ven-176-166] Foil",,,
2026-10-05,ogn-117-298,foil,"Viktor, Innovator",OGN,Rare,0.24,,0.24,1,33.695,8.09,"Viktor, Innovator [ogn-117-298] Foil",,,
2026-10-05,ogn-246a-298,foil,"Viktor, Leader (Alternate Art)",OGN,Showcase,2.9,,2.9,1,33.695,97.72,"Viktor, Leader (Alternate Art) [ogn-246a-298] Foil",,,
2026-10-05,ogn-246-298,foil,"Viktor, Leader",OGN,Epic,2.28,,2.28,1,33.695,76.82,"Viktor, Leader [ogn-246-298] Foil",,,
2026-10-05,opp-246-298,foil,"Viktor, Leader",OPP,Promo,15.39,,15.39,1,33.695,518.57,"Viktor, Leader [opp-246-298] Foil",,,
2026-10-05,pr-246a-298,foil,"Viktor, Leader",PR,Promo,109.46,,109.46,1,33.695,3688.25,"Viktor, Leader [pr-246a-298] Foil",,,
2026-10-05,pr-246b-298,foil,"Viktor, Leader",PR,Promo,109.46,,109.46,1,33.695,3688.25,"Viktor, Leader [pr-246b-298] Foil",,,
2026-10-05,unl-060a-219,foil,Vilemaw (Alternate Art),UNL,Epic,21.05,,21.05,1,33.695,709.28,Vilemaw (Alternate Art) [unl-060a-219] Foil,,,
2026-10-05,unl-060-219,foil,Vilemaw,UNL,Epic,17.42,,17.42,1,33.695,586.97,Vilemaw [unl-060-219] Foil,,,
2026-10-05,ogn-295-298,foil,Vilemaw's Lair,OGN,Uncommon,1.85,,1.85,1,33.695,62.34,Vilemaw's Lair [ogn-295-298] Foil,,,
2026-10-05,ogn-295-298,normal,Vilemaw's Lair,OGN,Uncommon,0.28,,0.28,1,33.695,9.43,Vilemaw's Lair [ogn-295-298] Normal,,,
2026-10-05,unl-202-219,foil,Void Assault,UNL,Epic,5.66,,5.66,1,33.695,190.71,Void Assault [unl-202-219] Foil,,,
2026-10-05,sfd-010-221,foil,Void Drone,SFD,Common,0.2,,0.2,1,33.695,6.74,Void Drone [sfd-010-221] Foil,,,
2026-10-05,sfd-010-221,normal,Void Drone,SFD,Common,0.06,,0.06,1,33.695,2.02,Void Drone [sfd-010-221] Normal,,,
2026-10-05,ogn-296-298,foil,Void Gate,OGN,Uncommon,1.13,,1.13,1,33.695,38.08,Void Gate [ogn-296-298] Foil,,,
2026-10-05,ogn-296-298,normal,Void Gate,OGN,Uncommon,0.22,,0.22,1,33.695,7.41,Void Gate [ogn-296-298] Normal,,,
2026-10-05,sfd-018-221,foil,Void Hatchling,SFD,Uncommon,0.28,,0.28,1,33.695,9.43,Void Hatchling [sfd-018-221] Foil,,,
2026-10-05,sfd-018-221,normal,Void Hatchling,SFD,Uncommon,0.08,,0.08,1,33.695,2.7,Void Hatchling [sfd-018-221] Normal,,,
2026-10-05,sfd-188-221,foil,Void Rush,SFD,Epic,8.83,,8.83,1,33.695,297.53,Void Rush [sfd-188-221] Foil,,,
2026-10-05,ogn-024-298,foil,Void Seeker,OGN,Uncommon,0.5,,0.5,1,33.695,16.85,Void Seeker [ogn-024-298] Foil,,,
2026-10-05,ogn-024-298,normal,Void Seeker,OGN,Uncommon,0.26,,0.26,1,33.695,8.76,Void Seeker [ogn-024-298] Normal,,,
2026-10-05,opp-024-298,foil,Void Seeker,OPP,Promo,0.63,,0.63,1,33.695,21.23,Void Seeker [opp-024-298] Foil,,,
2026-10-05,ogn-041a-298,foil,"Volibear, Furious (Alternate Art)",OGN,Showcase,2.72,,2.72,1,33.695,91.65,"Volibear, Furious (Alternate Art) [ogn-041a-298] Foil",,,
2026-10-05,ogn-041-298,foil,"Volibear, Furious",OGN,Epic,0.89,,0.89,1,33.695,29.99,"Volibear, Furious [ogn-041-298] Foil",,,
2026-10-05,ogn-158a-298,foil,"Volibear, Imposing (Alternate Art)",OGN,Showcase,1.04,,1.04,1,33.695,35.04,"Volibear, Imposing (Alternate Art) [ogn-158a-298] Foil",,,
2026-10-05,ogn-158-298,foil,"Volibear, Imposing",OGN,Rare,0.26,,0.26,1,33.695,8.76,"Volibear, Imposing [ogn-158-298] Foil",,,
2026-10-05,ogn-300-298,foil,"Volibear, Relentless Storm (Overnumbered)",OGN,Showcase,68.46,,68.46,1,33.695,2306.76,"Volibear, Relentless Storm (Overnumbered) [ogn-300-298] Foil",,,
2026-10-05,ogn-300*-298,foil,"Volibear, Relentless Storm (Signature)",OGN,Showcase,834.06,,834.06,1,33.695,28103.65,"Volibear, Relentless Storm (Signature) [ogn-300*-298] Foil",,,
2026-10-05,ogn-249-298,foil,"Volibear, Relentless Storm",OGN,Rare,0.32,,0.32,1,33.695,10.78,"Volibear, Relentless Storm [ogn-249-298] Foil",,,
2026-10-05,opp-249-298,foil,"Volibear, Relentless Storm",OPP,Promo,11.8,,11.8,1,33.695,397.6,"Volibear, Relentless Storm [opp-249-298] Foil",,,
2026-10-05,opp-249-298,foil,"Volibear, Relentless Storm",OPP,Promo,1249.7,,1249.7,1,33.695,42108.64,"Volibear, Relentless Storm [opp-249-298] Foil",,,
2026-10-05,opp-100-219,foil,Voracious Gromp,OPP,Promo,0.28,,0.28,1,33.695,9.43,Voracious Gromp [opp-100-219] Foil,,,
2026-10-05,unl-100-219,foil,Voracious Gromp,UNL,Common,0.16,,0.16,1,33.695,5.39,Voracious Gromp [unl-100-219] Foil,,,
2026-10-05,unl-100-219,normal,Voracious Gromp,UNL,Common,0.07,,0.07,1,33.695,2.36,Voracious Gromp [unl-100-219] Normal,,,
2026-10-05,sfd-070-221,foil,Wages of Pain,SFD,Common,0.75,,0.75,1,33.695,25.27,Wages of Pain [sfd-070-221] Foil,,,
2026-10-05,sfd-070-221,normal,Wages of Pain,SFD,Common,0.15,,0.15,1,33.695,5.05,Wages of Pain [sfd-070-221] Normal,,,
2026-10-05,unl-130-219,foil,Walking Roost,UNL,Common,0.16,,0.16,1,33.695,5.39,Walking Roost [unl-130-219] Foil,,,
2026-10-05,unl-130-219,normal,Walking Roost,UNL,Common,0.03,,0.03,1,33.695,1.01,Walking Roost [unl-130-219] Normal,,,
2026-10-05,ogn-146-298,foil,Wallop,OGN,Uncommon,0.32,,0.32,1,33.695,10.78,Wallop [ogn-146-298] Foil,,,
2026-10-05,ogn-146-298,normal,Wallop,OGN,Uncommon,0.16,,0.16,1,33.695,5.39,Wallop [ogn-146-298] Normal,,,
2026-10-05,sfd-108-221,foil,Warmog's Armor,SFD,Uncommon,0.25,,0.25,1,33.695,8.42,Warmog's Armor [sfd-108-221] Foil,,,
2026-10-05,sfd-108-221,normal,Warmog's Armor,SFD,Uncommon,0.1,,0.1,1,33.695,3.37,Warmog's Armor [sfd-108-221] Normal,,,
2026-10-05,ogn-159-298,foil,"Warwick, Hunter",OGN,Rare,0.36,,0.36,1,33.695,12.13,"Warwick, Hunter [ogn-159-298] Foil",,,
2026-10-05,pr-159a-298,foil,"Warwick, Hunter",PR,Promo,68.69,,68.69,1,33.695,2314.51,"Warwick, Hunter [pr-159a-298] Foil",,,
2026-10-05,ogn-096-298,foil,Watchful Sentry,OGN,Common,1.53,,1.53,1,33.695,51.55,Watchful Sentry [ogn-096-298] Foil,,,
2026-10-05,ogn-096-298,normal,Watchful Sentry,OGN,Common,0.15,,0.15,1,33.695,5.05,Watchful Sentry [ogn-096-298] Normal,,,
2026-10-05,ogn-187-298,foil,Whirlwind,OGN,Uncommon,0.3,,0.3,1,33.695,10.11,Whirlwind [ogn-187-298] Foil,,,
2026-10-05,ogn-187-298,normal,Whirlwind,OGN,Uncommon,0.15,,0.15,1,33.695,5.05,Whirlwind [ogn-187-298] Normal,,,
2026-10-05,ogn-082-298,foil,Whiteflame Protector,OGN,Epic,3.78,,3.78,1,33.695,127.37,Whiteflame Protector [ogn-082-298] Foil,,,
2026-10-05,ogn-055-298,foil,Wielder of Water,OGN,Common,0.21,,0.21,1,33.695,7.08,Wielder of Water [ogn-055-298] Foil,,,
2026-10-05,ogn-055-298,normal,Wielder of Water,OGN,Common,0.06,,0.06,1,33.695,2.02,Wielder of Water [ogn-055-298] Normal,,,
2026-10-05,opp-055-298,foil,Wielder of Water,OPP,Promo,0.26,,0.26,1,33.695,8.76,Wielder of Water [opp-055-298] Foil,,,
2026-10-05,ven-089-166,foil,Wild Claw,VEN,Rare,0.14,,0.14,1,33.695,4.72,Wild Claw [ven-089-166] Foil,,,
2026-10-05,ogn-147-298,foil,Wildclaw Shaman,OGN,Uncommon,0.28,,0.28,1,33.695,9.43,Wildclaw Shaman [ogn-147-298] Foil,,,
2026-10-05,ogn-147-298,normal,Wildclaw Shaman,OGN,Uncommon,0.09,,0.09,1,33.695,3.03,Wildclaw Shaman [ogn-147-298] Normal,,,
2026-10-05,unl-108-219,foil,Wily Newtfish,UNL,Uncommon,0.23,,0.23,1,33.695,7.75,Wily Newtfish [unl-108-219] Foil,,,
2026-10-05,unl-108-219,normal,Wily Newtfish,UNL,Uncommon,0.06,,0.06,1,33.695,2.02,Wily Newtfish [unl-108-219] Normal,,,
2026-10-05,ven-106-166,foil,Wind and Ghosts,VEN,Uncommon,0.51,,0.51,1,33.695,17.18,Wind and Ghosts [ven-106-166] Foil,,,
2026-10-05,ven-106-166,normal,Wind and Ghosts,VEN,Uncommon,0.13,,0.13,1,33.695,4.38,Wind and Ghosts [ven-106-166] Normal,,,
2026-10-05,ogn-064-298,foil,Wind Wall,OGN,Uncommon,1.27,,1.27,1,33.695,42.79,Wind Wall [ogn-064-298] Foil,,,
2026-10-05,ogn-064-298,normal,Wind Wall,OGN,Uncommon,0.3,,0.3,1,33.695,10.11,Wind Wall [ogn-064-298] Normal,,,
2026-10-05,sfd-138-221,foil,Windsinger,SFD,Uncommon,0.49,,0.49,1,33.695,16.51,Windsinger [sfd-138-221] Foil,,,
2026-10-05,sfd-138-221,normal,Windsinger,SFD,Uncommon,0.21,,0.21,1,33.695,7.08,Windsinger [sfd-138-221] Normal,,,
2026-10-05,ogn-297-298,foil,Windswept Hillock,OGN,Uncommon,1.5,,1.5,1,33.695,50.54,Windswept Hillock [ogn-297-298] Foil,,,
2026-10-05,ogn-297-298,normal,Windswept Hillock,OGN,Uncommon,0.3,,0.3,1,33.695,10.11,Windswept Hillock [ogn-297-298] Normal,,,
2026-10-05,ogn-065-298,foil,Wizened Elder,OGN,Uncommon,0.27,,0.27,1,33.695,9.1,Wizened Elder [ogn-065-298] Foil,,,
2026-10-05,ogn-065-298,normal,Wizened Elder,OGN,Uncommon,0.06,,0.06,1,33.695,2.02,Wizened Elder [ogn-065-298] Normal,,,
2026-10-05,opp-086-221,foil,World Atlas,OPP,Promo,0.33,,0.33,1,33.695,11.12,World Atlas [opp-086-221] Foil,,,
2026-10-05,sfd-086-221,foil,World Atlas,SFD,Rare,0.18,,0.18,1,33.695,6.07,World Atlas [sfd-086-221] Foil,,,
2026-10-05,ogn-118-298,foil,Wraith of Echoes,OGN,Rare,0.2,,0.2,1,33.695,6.74,Wraith of Echoes [ogn-118-298] Foil,,,
2026-10-05,unl-040-219,foil,Wuju Apprentice,UNL,Common,0.18,,0.18,1,33.695,6.07,Wuju Apprentice [unl-040-219] Foil,,,
2026-10-05,unl-040-219,normal,Wuju Apprentice,UNL,Common,0.05,,0.05,1,33.695,1.68,Wuju Apprentice [unl-040-219] Normal,,,
2026-10-05,unl-026-219,foil,"Xerath, Freed",UNL,Rare,0.15,,0.15,1,33.695,5.05,"Xerath, Freed [unl-026-219] Foil",,,
2026-10-05,sfd-176-221,foil,"Xin Zhao, Vigilant",SFD,Rare,0.62,,0.62,1,33.695,20.89,"Xin Zhao, Vigilant [sfd-176-221] Foil",,,
2026-10-05,ogn-076a-298,foil,"Yasuo, Remorseful (Alternate Art)",OGN,Showcase,2.46,,2.46,1,33.695,82.89,"Yasuo, Remorseful (Alternate Art) [ogn-076a-298] Foil",,,
2026-10-05,ogn-076-298,foil,"Yasuo, Remorseful",OGN,Rare,0.28,,0.28,1,33.695,9.43,"Yasuo, Remorseful [ogn-076-298] Foil",,,
2026-10-05,ogn-305-298,foil,"Yasuo, Unforgiven (Overnumbered)",OGN,Showcase,80.1,,80.1,1,33.695,2698.97,"Yasuo, Unforgiven (Overnumbered) [ogn-305-298] Foil",,,
2026-10-05,ogn-305*-298,foil,"Yasuo, Unforgiven (Signature)",OGN,Showcase,887.54,,887.54,1,33.695,29905.66,"Yasuo, Unforgiven (Signature) [ogn-305*-298] Foil",,,
2026-10-05,ogn-259-298,foil,"Yasuo, Unforgiven",OGN,Rare,0.29,,0.29,1,33.695,9.77,"Yasuo, Unforgiven [ogn-259-298] Foil",,,
2026-10-05,opp-259-298,foil,"Yasuo, Unforgiven",OPP,Promo,26.85,,26.85,1,33.695,904.71,"Yasuo, Unforgiven [opp-259-298] Foil",,,
2026-10-05,ogn-205a-298,foil,"Yasuo, Windrider (Alternate Art)",OGN,Showcase,3,,3,1,33.695,101.09,"Yasuo, Windrider (Alternate Art) [ogn-205a-298] Foil",,,
2026-10-05,sfd-235-221,foil,"Yasuo, Windrider (Overnumbered)",SFD,Showcase,62.79,,62.79,1,33.695,2115.71,"Yasuo, Windrider (Overnumbered) [sfd-235-221] Foil",,,
2026-10-05,sfd-235*-221,foil,"Yasuo, Windrider (Signature)",SFD,Showcase,546.54,,546.54,1,33.695,18415.67,"Yasuo, Windrider (Signature) [sfd-235*-221] Foil",,,
2026-10-05,ogn-205-298,foil,"Yasuo, Windrider",OGN,Epic,1.42,,1.42,1,33.695,47.85,"Yasuo, Windrider [ogn-205-298] Foil",,,
2026-10-05,unl-018-219,foil,Yeti Brawler,UNL,Uncommon,0.27,,0.27,1,33.695,9.1,Yeti Brawler [unl-018-219] Foil,,,
2026-10-05,unl-018-219,normal,Yeti Brawler,UNL,Uncommon,0.06,,0.06,1,33.695,2.02,Yeti Brawler [unl-018-219] Normal,,,
2026-10-05,sfd-233-221,foil,"Yone, Blademaster (Overnumbered)",SFD,Showcase,80.92,,80.92,1,33.695,2726.6,"Yone, Blademaster (Overnumbered) [sfd-233-221] Foil",,,
2026-10-05,sfd-233*-221,foil,"Yone, Blademaster (Signature)",SFD,Showcase,606.22,,606.22,1,33.695,20426.58,"Yone, Blademaster (Signature) [sfd-233*-221] Foil",,,
2026-10-05,opp-116-221,normal,"Yone, Blademaster",OPP,Promo,2.29,,2.29,1,33.695,77.16,"Yone, Blademaster [opp-116-221] Normal",,,
2026-10-05,sfd-116-221,foil,"Yone, Blademaster",SFD,Rare,0.2,,0.2,1,33.695,6.74,"Yone, Blademaster [sfd-116-221] Foil",,,
2026-10-05,sfd-100-221,foil,Yordle Explorer,SFD,Common,0.14,,0.14,1,33.695,4.72,Yordle Explorer [sfd-100-221] Foil,,,
2026-10-05,sfd-100-221,normal,Yordle Explorer,SFD,Common,0.04,,0.04,1,33.695,1.35,Yordle Explorer [sfd-100-221] Normal,,,
2026-10-05,opp-056-219,foil,"Yuumi, Magical Cat",OPP,Promo,2.01,,2.01,1,33.695,67.73,"Yuumi, Magical Cat [opp-056-219] Foil",,,
2026-10-05,unl-056-219,foil,"Yuumi, Magical Cat",UNL,Rare,0.22,,0.22,1,33.695,7.41,"Yuumi, Magical Cat [unl-056-219] Foil",,,
2026-10-05,sfd-160-221,foil,Zaun Punk,SFD,Common,0.2,,0.2,1,33.695,6.74,Zaun Punk [sfd-160-221] Foil,,,
2026-10-05,sfd-160-221,normal,Zaun Punk,SFD,Common,0.08,,0.08,1,33.695,2.7,Zaun Punk [sfd-160-221] Normal,,,
2026-10-05,ogn-298-298,foil,Zaun Warrens,OGN,Uncommon,3.38,,3.38,1,33.695,113.89,Zaun Warrens [ogn-298-298] Foil,,,
2026-10-05,ogn-298-298,normal,Zaun Warrens,OGN,Uncommon,0.24,,0.24,1,33.695,8.09,Zaun Warrens [ogn-298-298] Normal,,,
2026-10-05,ogn-188-298,foil,Zaunite Bouncer,OGN,Uncommon,0.27,,0.27,1,33.695,9.1,Zaunite Bouncer [ogn-188-298] Foil,,,
2026-10-05,ogn-188-298,normal,Zaunite Bouncer,OGN,Uncommon,0.1,,0.1,1,33.695,3.37,Zaunite Bouncer [ogn-188-298] Normal,,,
2026-10-05,ven-023a-166,foil,"Zed, From the Shadows (Alternate Art)",VEN,Epic,1.61,,1.61,1,33.695,54.25,"Zed, From the Shadows (Alternate Art) [ven-023a-166] Foil",,,
2026-10-05,ven-169-166,foil,"Zed, From the Shadows (Overnumbered)",VEN,Epic,62.61,,62.61,1,33.695,2109.64,"Zed, From the Shadows (Overnumbered) [ven-169-166] Foil",,,
2026-10-05,ven-023-166,foil,"Zed, From the Shadows",VEN,Epic,0.31,,0.31,1,33.695,10.45,"Zed, From the Shadows [ven-023-166] Foil",,,
2026-10-05,ven-191-166,foil,"Zed, Master of Shadows (Overnumbered)",VEN,Rare,174.08,,174.08,1,33.695,5865.63,"Zed, Master of Shadows (Overnumbered) [ven-191-166] Foil",,,
2026-10-05,ven-191*-166,foil,"Zed, Master of Shadows (Signature)",VEN,Rare,1352.67,,1352.67,1,33.695,45578.22,"Zed, Master of Shadows (Signature) [ven-191*-166] Foil",,,
2026-10-05,ven-143-166,foil,"Zed, Master of Shadows",VEN,Rare,0.15,,0.15,1,33.695,5.05,"Zed, Master of Shadows [ven-143-166] Foil",,,
2026-10-05,ven-112a-166,foil,"Zed, Without a Sound (Alternate Art)",VEN,Rare,3.16,,3.16,1,33.695,106.48,"Zed, Without a Sound (Alternate Art) [ven-112a-166] Foil",,,
2026-10-05,ven-112-166,foil,"Zed, Without a Sound",VEN,Rare,0.27,,0.27,1,33.695,9.1,"Zed, Without a Sound [ven-112-166] Foil",,,
2026-10-05,ogn-262-298,foil,Zenith Blade,OGN,Epic,4.58,,4.58,1,33.695,154.32,Zenith Blade [ogn-262-298] Foil,,,
2026-10-05,ogs-005-024,normal,Zephyr Sage,OGS,Uncommon,0.25,,0.25,1,33.695,8.42,Zephyr Sage [ogs-005-024] Normal,,,
2026-10-05,ogn-077-298,foil,Zhonya's Hourglass,OGN,Rare,17.19,,17.19,1,33.695,579.22,Zhonya's Hourglass [ogn-077-298] Foil,,,
2026-10-05,opp-086-219,foil,"Zilean, Time Mage",OPP,Promo,0.9,,0.9,1,33.695,30.33,"Zilean, Time Mage [opp-086-219] Foil",,,
2026-10-05,unl-086-219,foil,"Zilean, Time Mage",UNL,Rare,0.21,,0.21,1,33.695,7.08,"Zilean, Time Mage [unl-086-219] Foil",,,
